Date,Content,Video title,Video publish time,Duration,Average view duration
2021-06-09,9ITLicQfKaU,HBCU Teambuilder Teams To Download In EA College Football Pt.1,"Oct 6, 2024",1049,0:00:00
2021-06-10,9ITLicQfKaU,HBCU Teambuilder Teams To Download In EA College Football Pt.1,"Oct 6, 2024",1049,0:00:00
2021-06-11,9ITLicQfKaU,HBCU Teambuilder Teams To Download In EA College Football Pt.1,"Oct 6, 2024",1049,0:00:00
2021-06-12,9ITLicQfKaU,HBCU Teambuilder Teams To Download In EA College Football Pt.1,"Oct 6, 2024",1049,0:00:00
2021-06-13,9ITLicQfKaU,HBCU Teambuilder Teams To Download In EA College Football Pt.1,"Oct 6, 2024",1049,0:00:00
2021-06-14,9ITLicQfKaU,HBCU Teambuilder Teams To Download In EA College Football Pt.1,"Oct 6, 2024",1049,0:00:00
2021-06-15,9ITLicQfKaU,HBCU Teambuilder Teams To Download In EA College Football Pt.1,"Oct 6, 2024",1049,0:00:00
2021-06-16,9ITLicQfKaU,HBCU Teambuilder Teams To Download In EA College Football Pt.1,"Oct 6, 2024",1049,0:00:00
2021-06-17,9ITLicQfKaU,HBCU Teambuilder Teams To Download In EA College Football Pt.1,"Oct 6, 2024",1049,0:00:00
2021-06-18,9ITLicQfKaU,HBCU Teambuilder Teams To Download In EA College Football Pt.1,"Oct 6, 2024",1049,0:00:00
2021-06-19,9ITLicQfKaU,HBCU Teambuilder Teams To Download In EA College Football Pt.1,"Oct 6, 2024",1049,0:00:00
2021-06-20,9ITLicQfKaU,HBCU Teambuilder Teams To Download In EA College Football Pt.1,"Oct 6, 2024",1049,0:00:00
2021-06-21,9ITLicQfKaU,HBCU Teambuilder Teams To Download In EA College Football Pt.1,"Oct 6, 2024",1049,0:00:00
2021-06-22,9ITLicQfKaU,HBCU Teambuilder Teams To Download In EA College Football Pt.1,"Oct 6, 2024",1049,0:00:00
2021-06-23,9ITLicQfKaU,HBCU Teambuilder Teams To Download In EA College Football Pt.1,"Oct 6, 2024",1049,0:00:00
2021-06-24,9ITLicQfKaU,HBCU Teambuilder Teams To Download In EA College Football Pt.1,"Oct 6, 2024",1049,0:00:00
2021-06-25,9ITLicQfKaU,HBCU Teambuilder Teams To Download In EA College Football Pt.1,"Oct 6, 2024",1049,0:00:00
2021-06-26,9ITLicQfKaU,HBCU Teambuilder Teams To Download In EA College Football Pt.1,"Oct 6, 2024",1049,0:00:00
2021-06-27,9ITLicQfKaU,HBCU Teambuilder Teams To Download In EA College Football Pt.1,"Oct 6, 2024",1049,0:00:00
2021-06-28,9ITLicQfKaU,HBCU Teambuilder Teams To Download In EA College Football Pt.1,"Oct 6, 2024",1049,0:00:00
2021-06-29,9ITLicQfKaU,HBCU Teambuilder Teams To Download In EA College Football Pt.1,"Oct 6, 2024",1049,0:00:00
2021-06-30,9ITLicQfKaU,HBCU Teambuilder Teams To Download In EA College Football Pt.1,"Oct 6, 2024",1049,0:00:00
2021-07-01,9ITLicQfKaU,HBCU Teambuilder Teams To Download In EA College Football Pt.1,"Oct 6, 2024",1049,0:00:00
2021-07-02,9ITLicQfKaU,HBCU Teambuilder Teams To Download In EA College Football Pt.1,"Oct 6, 2024",1049,0:00:00
2021-07-03,9ITLicQfKaU,HBCU Teambuilder Teams To Download In EA College Football Pt.1,"Oct 6, 2024",1049,0:00:00
2021-07-04,9ITLicQfKaU,HBCU Teambuilder Teams To Download In EA College Football Pt.1,"Oct 6, 2024",1049,0:00:00
2021-07-05,9ITLicQfKaU,HBCU Teambuilder Teams To Download In EA College Football Pt.1,"Oct 6, 2024",1049,0:00:00
2021-07-06,9ITLicQfKaU,HBCU Teambuilder Teams To Download In EA College Football Pt.1,"Oct 6, 2024",1049,0:00:00
2021-07-07,9ITLicQfKaU,HBCU Teambuilder Teams To Download In EA College Football Pt.1,"Oct 6, 2024",1049,0:00:00
2021-07-08,9ITLicQfKaU,HBCU Teambuilder Teams To Download In EA College Football Pt.1,"Oct 6, 2024",1049,0:00:00
2021-07-09,9ITLicQfKaU,HBCU Teambuilder Teams To Download In EA College Football Pt.1,"Oct 6, 2024",1049,0:00:00
2021-07-10,9ITLicQfKaU,HBCU Teambuilder Teams To Download In EA College Football Pt.1,"Oct 6, 2024",1049,0:00:00
2021-07-11,9ITLicQfKaU,HBCU Teambuilder Teams To Download In EA College Football Pt.1,"Oct 6, 2024",1049,0:00:00
2021-07-12,9ITLicQfKaU,HBCU Teambuilder Teams To Download In EA College Football Pt.1,"Oct 6, 2024",1049,0:00:00
2021-07-13,9ITLicQfKaU,HBCU Teambuilder Teams To Download In EA College Football Pt.1,"Oct 6, 2024",1049,0:00:00
2021-07-14,9ITLicQfKaU,HBCU Teambuilder Teams To Download In EA College Football Pt.1,"Oct 6, 2024",1049,0:00:00
2021-07-15,9ITLicQfKaU,HBCU Teambuilder Teams To Download In EA College Football Pt.1,"Oct 6, 2024",1049,0:00:00
2021-07-16,9ITLicQfKaU,HBCU Teambuilder Teams To Download In EA College Football Pt.1,"Oct 6, 2024",1049,0:00:00
2021-07-17,9ITLicQfKaU,HBCU Teambuilder Teams To Download In EA College Football Pt.1,"Oct 6, 2024",1049,0:00:00
2021-07-18,9ITLicQfKaU,HBCU Teambuilder Teams To Download In EA College Football Pt.1,"Oct 6, 2024",1049,0:00:00
2021-07-19,9ITLicQfKaU,HBCU Teambuilder Teams To Download In EA College Football Pt.1,"Oct 6, 2024",1049,0:00:00
2021-07-20,9ITLicQfKaU,HBCU Teambuilder Teams To Download In EA College Football Pt.1,"Oct 6, 2024",1049,0:00:00
2021-07-21,9ITLicQfKaU,HBCU Teambuilder Teams To Download In EA College Football Pt.1,"Oct 6, 2024",1049,0:00:00
2021-07-22,9ITLicQfKaU,HBCU Teambuilder Teams To Download In EA College Football Pt.1,"Oct 6, 2024",1049,0:00:00
2021-07-23,9ITLicQfKaU,HBCU Teambuilder Teams To Download In EA College Football Pt.1,"Oct 6, 2024",1049,0:00:00
2021-07-24,9ITLicQfKaU,HBCU Teambuilder Teams To Download In EA College Football Pt.1,"Oct 6, 2024",1049,0:00:00
2021-07-25,9ITLicQfKaU,HBCU Teambuilder Teams To Download In EA College Football Pt.1,"Oct 6, 2024",1049,0:00:00
2021-07-26,9ITLicQfKaU,HBCU Teambuilder Teams To Download In EA College Football Pt.1,"Oct 6, 2024",1049,0:00:00
2021-07-27,9ITLicQfKaU,HBCU Teambuilder Teams To Download In EA College Football Pt.1,"Oct 6, 2024",1049,0:00:00
2021-07-28,9ITLicQfKaU,HBCU Teambuilder Teams To Download In EA College Football Pt.1,"Oct 6, 2024",1049,0:00:00
2021-07-29,9ITLicQfKaU,HBCU Teambuilder Teams To Download In EA College Football Pt.1,"Oct 6, 2024",1049,0:00:00
2021-07-30,9ITLicQfKaU,HBCU Teambuilder Teams To Download In EA College Football Pt.1,"Oct 6, 2024",1049,0:00:00
2021-07-31,9ITLicQfKaU,HBCU Teambuilder Teams To Download In EA College Football Pt.1,"Oct 6, 2024",1049,0:00:00
2021-08-01,9ITLicQfKaU,HBCU Teambuilder Teams To Download In EA College Football Pt.1,"Oct 6, 2024",1049,0:00:00
2021-08-02,9ITLicQfKaU,HBCU Teambuilder Teams To Download In EA College Football Pt.1,"Oct 6, 2024",1049,0:00:00
2021-08-03,9ITLicQfKaU,HBCU Teambuilder Teams To Download In EA College Football Pt.1,"Oct 6, 2024",1049,0:00:00
2021-08-04,9ITLicQfKaU,HBCU Teambuilder Teams To Download In EA College Football Pt.1,"Oct 6, 2024",1049,0:00:00
2021-08-05,9ITLicQfKaU,HBCU Teambuilder Teams To Download In EA College Football Pt.1,"Oct 6, 2024",1049,0:00:00
2021-08-06,9ITLicQfKaU,HBCU Teambuilder Teams To Download In EA College Football Pt.1,"Oct 6, 2024",1049,0:00:00
2021-08-07,9ITLicQfKaU,HBCU Teambuilder Teams To Download In EA College Football Pt.1,"Oct 6, 2024",1049,0:00:00
2021-08-08,9ITLicQfKaU,HBCU Teambuilder Teams To Download In EA College Football Pt.1,"Oct 6, 2024",1049,0:00:00
2021-08-09,9ITLicQfKaU,HBCU Teambuilder Teams To Download In EA College Football Pt.1,"Oct 6, 2024",1049,0:00:00
2021-08-10,9ITLicQfKaU,HBCU Teambuilder Teams To Download In EA College Football Pt.1,"Oct 6, 2024",1049,0:00:00
2021-08-11,9ITLicQfKaU,HBCU Teambuilder Teams To Download In EA College Football Pt.1,"Oct 6, 2024",1049,0:00:00
2021-08-12,9ITLicQfKaU,HBCU Teambuilder Teams To Download In EA College Football Pt.1,"Oct 6, 2024",1049,0:00:00
2021-08-13,9ITLicQfKaU,HBCU Teambuilder Teams To Download In EA College Football Pt.1,"Oct 6, 2024",1049,0:00:00
2021-08-14,9ITLicQfKaU,HBCU Teambuilder Teams To Download In EA College Football Pt.1,"Oct 6, 2024",1049,0:00:00
2021-08-15,9ITLicQfKaU,HBCU Teambuilder Teams To Download In EA College Football Pt.1,"Oct 6, 2024",1049,0:00:00
2021-08-16,9ITLicQfKaU,HBCU Teambuilder Teams To Download In EA College Football Pt.1,"Oct 6, 2024",1049,0:00:00
2021-08-17,9ITLicQfKaU,HBCU Teambuilder Teams To Download In EA College Football Pt.1,"Oct 6, 2024",1049,0:00:00
2021-08-18,9ITLicQfKaU,HBCU Teambuilder Teams To Download In EA College Football Pt.1,"Oct 6, 2024",1049,0:00:00
2021-08-19,9ITLicQfKaU,HBCU Teambuilder Teams To Download In EA College Football Pt.1,"Oct 6, 2024",1049,0:00:00
2021-08-20,9ITLicQfKaU,HBCU Teambuilder Teams To Download In EA College Football Pt.1,"Oct 6, 2024",1049,0:00:00
2021-08-21,9ITLicQfKaU,HBCU Teambuilder Teams To Download In EA College Football Pt.1,"Oct 6, 2024",1049,0:00:00
2021-08-22,9ITLicQfKaU,HBCU Teambuilder Teams To Download In EA College Football Pt.1,"Oct 6, 2024",1049,0:00:00
2021-08-23,9ITLicQfKaU,HBCU Teambuilder Teams To Download In EA College Football Pt.1,"Oct 6, 2024",1049,0:00:00
2021-08-24,9ITLicQfKaU,HBCU Teambuilder Teams To Download In EA College Football Pt.1,"Oct 6, 2024",1049,0:00:00
2021-08-25,9ITLicQfKaU,HBCU Teambuilder Teams To Download In EA College Football Pt.1,"Oct 6, 2024",1049,0:00:00
2021-08-26,9ITLicQfKaU,HBCU Teambuilder Teams To Download In EA College Football Pt.1,"Oct 6, 2024",1049,0:00:00
2021-08-27,9ITLicQfKaU,HBCU Teambuilder Teams To Download In EA College Football Pt.1,"Oct 6, 2024",1049,0:00:00
2021-08-28,9ITLicQfKaU,HBCU Teambuilder Teams To Download In EA College Football Pt.1,"Oct 6, 2024",1049,0:00:00
2021-08-29,9ITLicQfKaU,HBCU Teambuilder Teams To Download In EA College Football Pt.1,"Oct 6, 2024",1049,0:00:00
2021-08-30,9ITLicQfKaU,HBCU Teambuilder Teams To Download In EA College Football Pt.1,"Oct 6, 2024",1049,0:00:00
2021-08-31,9ITLicQfKaU,HBCU Teambuilder Teams To Download In EA College Football Pt.1,"Oct 6, 2024",1049,0:00:00
2021-09-01,9ITLicQfKaU,HBCU Teambuilder Teams To Download In EA College Football Pt.1,"Oct 6, 2024",1049,0:00:00
2021-09-02,9ITLicQfKaU,HBCU Teambuilder Teams To Download In EA College Football Pt.1,"Oct 6, 2024",1049,0:00:00
2021-09-03,9ITLicQfKaU,HBCU Teambuilder Teams To Download In EA College Football Pt.1,"Oct 6, 2024",1049,0:00:00
2021-09-04,9ITLicQfKaU,HBCU Teambuilder Teams To Download In EA College Football Pt.1,"Oct 6, 2024",1049,0:00:00
2021-09-05,9ITLicQfKaU,HBCU Teambuilder Teams To Download In EA College Football Pt.1,"Oct 6, 2024",1049,0:00:00
2021-09-06,9ITLicQfKaU,HBCU Teambuilder Teams To Download In EA College Football Pt.1,"Oct 6, 2024",1049,0:00:00
2021-09-07,9ITLicQfKaU,HBCU Teambuilder Teams To Download In EA College Football Pt.1,"Oct 6, 2024",1049,0:00:00
2021-09-08,9ITLicQfKaU,HBCU Teambuilder Teams To Download In EA College Football Pt.1,"Oct 6, 2024",1049,0:00:00
2021-09-09,9ITLicQfKaU,HBCU Teambuilder Teams To Download In EA College Football Pt.1,"Oct 6, 2024",1049,0:00:00
2021-09-10,9ITLicQfKaU,HBCU Teambuilder Teams To Download In EA College Football Pt.1,"Oct 6, 2024",1049,0:00:00
2021-09-11,9ITLicQfKaU,HBCU Teambuilder Teams To Download In EA College Football Pt.1,"Oct 6, 2024",1049,0:00:00
2021-09-12,9ITLicQfKaU,HBCU Teambuilder Teams To Download In EA College Football Pt.1,"Oct 6, 2024",1049,0:00:00
2021-09-13,9ITLicQfKaU,HBCU Teambuilder Teams To Download In EA College Football Pt.1,"Oct 6, 2024",1049,0:00:00
2021-09-14,9ITLicQfKaU,HBCU Teambuilder Teams To Download In EA College Football Pt.1,"Oct 6, 2024",1049,0:00:00
2021-09-15,9ITLicQfKaU,HBCU Teambuilder Teams To Download In EA College Football Pt.1,"Oct 6, 2024",1049,0:00:00
2021-09-16,9ITLicQfKaU,HBCU Teambuilder Teams To Download In EA College Football Pt.1,"Oct 6, 2024",1049,0:00:00
2021-09-17,9ITLicQfKaU,HBCU Teambuilder Teams To Download In EA College Football Pt.1,"Oct 6, 2024",1049,0:00:00
2021-09-18,9ITLicQfKaU,HBCU Teambuilder Teams To Download In EA College Football Pt.1,"Oct 6, 2024",1049,0:00:00
2021-09-19,9ITLicQfKaU,HBCU Teambuilder Teams To Download In EA College Football Pt.1,"Oct 6, 2024",1049,0:00:00
2021-09-20,9ITLicQfKaU,HBCU Teambuilder Teams To Download In EA College Football Pt.1,"Oct 6, 2024",1049,0:00:00
2021-09-21,9ITLicQfKaU,HBCU Teambuilder Teams To Download In EA College Football Pt.1,"Oct 6, 2024",1049,0:00:00
2021-09-22,9ITLicQfKaU,HBCU Teambuilder Teams To Download In EA College Football Pt.1,"Oct 6, 2024",1049,0:00:00
2021-09-23,9ITLicQfKaU,HBCU Teambuilder Teams To Download In EA College Football Pt.1,"Oct 6, 2024",1049,0:00:00
2021-09-24,9ITLicQfKaU,HBCU Teambuilder Teams To Download In EA College Football Pt.1,"Oct 6, 2024",1049,0:00:00
2021-09-25,9ITLicQfKaU,HBCU Teambuilder Teams To Download In EA College Football Pt.1,"Oct 6, 2024",1049,0:00:00
2021-09-26,9ITLicQfKaU,HBCU Teambuilder Teams To Download In EA College Football Pt.1,"Oct 6, 2024",1049,0:00:00
2021-09-27,9ITLicQfKaU,HBCU Teambuilder Teams To Download In EA College Football Pt.1,"Oct 6, 2024",1049,0:00:00
2021-09-28,9ITLicQfKaU,HBCU Teambuilder Teams To Download In EA College Football Pt.1,"Oct 6, 2024",1049,0:00:00
2021-09-29,9ITLicQfKaU,HBCU Teambuilder Teams To Download In EA College Football Pt.1,"Oct 6, 2024",1049,0:00:00
2021-09-30,9ITLicQfKaU,HBCU Teambuilder Teams To Download In EA College Football Pt.1,"Oct 6, 2024",1049,0:00:00
2021-10-01,9ITLicQfKaU,HBCU Teambuilder Teams To Download In EA College Football Pt.1,"Oct 6, 2024",1049,0:00:00
2021-10-02,9ITLicQfKaU,HBCU Teambuilder Teams To Download In EA College Football Pt.1,"Oct 6, 2024",1049,0:00:00
2021-10-03,9ITLicQfKaU,HBCU Teambuilder Teams To Download In EA College Football Pt.1,"Oct 6, 2024",1049,0:00:00
2021-10-04,9ITLicQfKaU,HBCU Teambuilder Teams To Download In EA College Football Pt.1,"Oct 6, 2024",1049,0:00:00
2021-10-05,9ITLicQfKaU,HBCU Teambuilder Teams To Download In EA College Football Pt.1,"Oct 6, 2024",1049,0:00:00
2021-10-06,9ITLicQfKaU,HBCU Teambuilder Teams To Download In EA College Football Pt.1,"Oct 6, 2024",1049,0:00:00
2021-10-07,9ITLicQfKaU,HBCU Teambuilder Teams To Download In EA College Football Pt.1,"Oct 6, 2024",1049,0:00:00
2021-10-08,9ITLicQfKaU,HBCU Teambuilder Teams To Download In EA College Football Pt.1,"Oct 6, 2024",1049,0:00:00
2021-10-09,9ITLicQfKaU,HBCU Teambuilder Teams To Download In EA College Football Pt.1,"Oct 6, 2024",1049,0:00:00
2021-10-10,9ITLicQfKaU,HBCU Teambuilder Teams To Download In EA College Football Pt.1,"Oct 6, 2024",1049,0:00:00
2021-10-11,9ITLicQfKaU,HBCU Teambuilder Teams To Download In EA College Football Pt.1,"Oct 6, 2024",1049,0:00:00
2021-10-12,9ITLicQfKaU,HBCU Teambuilder Teams To Download In EA College Football Pt.1,"Oct 6, 2024",1049,0:00:00
2021-10-13,9ITLicQfKaU,HBCU Teambuilder Teams To Download In EA College Football Pt.1,"Oct 6, 2024",1049,0:00:00
2021-10-14,9ITLicQfKaU,HBCU Teambuilder Teams To Download In EA College Football Pt.1,"Oct 6, 2024",1049,0:00:00
2021-10-15,9ITLicQfKaU,HBCU Teambuilder Teams To Download In EA College Football Pt.1,"Oct 6, 2024",1049,0:00:00
2021-10-16,9ITLicQfKaU,HBCU Teambuilder Teams To Download In EA College Football Pt.1,"Oct 6, 2024",1049,0:00:00
2021-10-17,9ITLicQfKaU,HBCU Teambuilder Teams To Download In EA College Football Pt.1,"Oct 6, 2024",1049,0:00:00
2021-10-18,9ITLicQfKaU,HBCU Teambuilder Teams To Download In EA College Football Pt.1,"Oct 6, 2024",1049,0:00:00
2021-10-19,9ITLicQfKaU,HBCU Teambuilder Teams To Download In EA College Football Pt.1,"Oct 6, 2024",1049,0:00:00
2021-10-20,9ITLicQfKaU,HBCU Teambuilder Teams To Download In EA College Football Pt.1,"Oct 6, 2024",1049,0:00:00
2021-10-21,9ITLicQfKaU,HBCU Teambuilder Teams To Download In EA College Football Pt.1,"Oct 6, 2024",1049,0:00:00
2021-10-22,9ITLicQfKaU,HBCU Teambuilder Teams To Download In EA College Football Pt.1,"Oct 6, 2024",1049,0:00:00
2021-10-23,9ITLicQfKaU,HBCU Teambuilder Teams To Download In EA College Football Pt.1,"Oct 6, 2024",1049,0:00:00
2021-10-24,9ITLicQfKaU,HBCU Teambuilder Teams To Download In EA College Football Pt.1,"Oct 6, 2024",1049,0:00:00
2021-10-25,9ITLicQfKaU,HBCU Teambuilder Teams To Download In EA College Football Pt.1,"Oct 6, 2024",1049,0:00:00
2021-10-26,9ITLicQfKaU,HBCU Teambuilder Teams To Download In EA College Football Pt.1,"Oct 6, 2024",1049,0:00:00
2021-10-27,9ITLicQfKaU,HBCU Teambuilder Teams To Download In EA College Football Pt.1,"Oct 6, 2024",1049,0:00:00
2021-10-28,9ITLicQfKaU,HBCU Teambuilder Teams To Download In EA College Football Pt.1,"Oct 6, 2024",1049,0:00:00
2021-10-29,9ITLicQfKaU,HBCU Teambuilder Teams To Download In EA College Football Pt.1,"Oct 6, 2024",1049,0:00:00
2021-10-30,9ITLicQfKaU,HBCU Teambuilder Teams To Download In EA College Football Pt.1,"Oct 6, 2024",1049,0:00:00
2021-10-31,9ITLicQfKaU,HBCU Teambuilder Teams To Download In EA College Football Pt.1,"Oct 6, 2024",1049,0:00:00
2021-11-01,9ITLicQfKaU,HBCU Teambuilder Teams To Download In EA College Football Pt.1,"Oct 6, 2024",1049,0:00:00
2021-11-02,9ITLicQfKaU,HBCU Teambuilder Teams To Download In EA College Football Pt.1,"Oct 6, 2024",1049,0:00:00
2021-11-03,9ITLicQfKaU,HBCU Teambuilder Teams To Download In EA College Football Pt.1,"Oct 6, 2024",1049,0:00:00
2021-11-04,9ITLicQfKaU,HBCU Teambuilder Teams To Download In EA College Football Pt.1,"Oct 6, 2024",1049,0:00:00
2021-11-05,9ITLicQfKaU,HBCU Teambuilder Teams To Download In EA College Football Pt.1,"Oct 6, 2024",1049,0:00:00
2021-11-06,9ITLicQfKaU,HBCU Teambuilder Teams To Download In EA College Football Pt.1,"Oct 6, 2024",1049,0:00:00
2021-11-07,9ITLicQfKaU,HBCU Teambuilder Teams To Download In EA College Football Pt.1,"Oct 6, 2024",1049,0:00:00
2021-11-08,9ITLicQfKaU,HBCU Teambuilder Teams To Download In EA College Football Pt.1,"Oct 6, 2024",1049,0:00:00
2021-11-09,9ITLicQfKaU,HBCU Teambuilder Teams To Download In EA College Football Pt.1,"Oct 6, 2024",1049,0:00:00
2021-11-10,9ITLicQfKaU,HBCU Teambuilder Teams To Download In EA College Football Pt.1,"Oct 6, 2024",1049,0:00:00
2021-11-11,9ITLicQfKaU,HBCU Teambuilder Teams To Download In EA College Football Pt.1,"Oct 6, 2024",1049,0:00:00
2021-11-12,9ITLicQfKaU,HBCU Teambuilder Teams To Download In EA College Football Pt.1,"Oct 6, 2024",1049,0:00:00
2021-11-13,9ITLicQfKaU,HBCU Teambuilder Teams To Download In EA College Football Pt.1,"Oct 6, 2024",1049,0:00:00
2021-11-14,9ITLicQfKaU,HBCU Teambuilder Teams To Download In EA College Football Pt.1,"Oct 6, 2024",1049,0:00:00
2021-11-15,9ITLicQfKaU,HBCU Teambuilder Teams To Download In EA College Football Pt.1,"Oct 6, 2024",1049,0:00:00
2021-11-16,9ITLicQfKaU,HBCU Teambuilder Teams To Download In EA College Football Pt.1,"Oct 6, 2024",1049,0:00:00
2021-11-17,9ITLicQfKaU,HBCU Teambuilder Teams To Download In EA College Football Pt.1,"Oct 6, 2024",1049,0:00:00
2021-11-18,9ITLicQfKaU,HBCU Teambuilder Teams To Download In EA College Football Pt.1,"Oct 6, 2024",1049,0:00:00
2021-11-19,9ITLicQfKaU,HBCU Teambuilder Teams To Download In EA College Football Pt.1,"Oct 6, 2024",1049,0:00:00
2021-11-20,9ITLicQfKaU,HBCU Teambuilder Teams To Download In EA College Football Pt.1,"Oct 6, 2024",1049,0:00:00
2021-11-21,9ITLicQfKaU,HBCU Teambuilder Teams To Download In EA College Football Pt.1,"Oct 6, 2024",1049,0:00:00
2021-11-22,9ITLicQfKaU,HBCU Teambuilder Teams To Download In EA College Football Pt.1,"Oct 6, 2024",1049,0:00:00
2021-11-23,9ITLicQfKaU,HBCU Teambuilder Teams To Download In EA College Football Pt.1,"Oct 6, 2024",1049,0:00:00
2021-11-24,9ITLicQfKaU,HBCU Teambuilder Teams To Download In EA College Football Pt.1,"Oct 6, 2024",1049,0:00:00
2021-11-25,9ITLicQfKaU,HBCU Teambuilder Teams To Download In EA College Football Pt.1,"Oct 6, 2024",1049,0:00:00
2021-11-26,9ITLicQfKaU,HBCU Teambuilder Teams To Download In EA College Football Pt.1,"Oct 6, 2024",1049,0:00:00
2021-11-27,9ITLicQfKaU,HBCU Teambuilder Teams To Download In EA College Football Pt.1,"Oct 6, 2024",1049,0:00:00
2021-11-28,9ITLicQfKaU,HBCU Teambuilder Teams To Download In EA College Football Pt.1,"Oct 6, 2024",1049,0:00:00
2021-11-29,9ITLicQfKaU,HBCU Teambuilder Teams To Download In EA College Football Pt.1,"Oct 6, 2024",1049,0:00:00
2021-11-30,9ITLicQfKaU,HBCU Teambuilder Teams To Download In EA College Football Pt.1,"Oct 6, 2024",1049,0:00:00
2021-12-01,9ITLicQfKaU,HBCU Teambuilder Teams To Download In EA College Football Pt.1,"Oct 6, 2024",1049,0:00:00
2021-12-02,9ITLicQfKaU,HBCU Teambuilder Teams To Download In EA College Football Pt.1,"Oct 6, 2024",1049,0:00:00
2021-12-03,9ITLicQfKaU,HBCU Teambuilder Teams To Download In EA College Football Pt.1,"Oct 6, 2024",1049,0:00:00
2021-12-04,9ITLicQfKaU,HBCU Teambuilder Teams To Download In EA College Football Pt.1,"Oct 6, 2024",1049,0:00:00
2021-12-05,9ITLicQfKaU,HBCU Teambuilder Teams To Download In EA College Football Pt.1,"Oct 6, 2024",1049,0:00:00
2021-12-06,9ITLicQfKaU,HBCU Teambuilder Teams To Download In EA College Football Pt.1,"Oct 6, 2024",1049,0:00:00
2021-12-07,9ITLicQfKaU,HBCU Teambuilder Teams To Download In EA College Football Pt.1,"Oct 6, 2024",1049,0:00:00
2021-12-08,9ITLicQfKaU,HBCU Teambuilder Teams To Download In EA College Football Pt.1,"Oct 6, 2024",1049,0:00:00
2021-12-09,9ITLicQfKaU,HBCU Teambuilder Teams To Download In EA College Football Pt.1,"Oct 6, 2024",1049,0:00:00
2021-12-10,9ITLicQfKaU,HBCU Teambuilder Teams To Download In EA College Football Pt.1,"Oct 6, 2024",1049,0:00:00
2021-12-11,9ITLicQfKaU,HBCU Teambuilder Teams To Download In EA College Football Pt.1,"Oct 6, 2024",1049,0:00:00
2021-12-12,9ITLicQfKaU,HBCU Teambuilder Teams To Download In EA College Football Pt.1,"Oct 6, 2024",1049,0:00:00
2021-12-13,9ITLicQfKaU,HBCU Teambuilder Teams To Download In EA College Football Pt.1,"Oct 6, 2024",1049,0:00:00
2021-12-14,9ITLicQfKaU,HBCU Teambuilder Teams To Download In EA College Football Pt.1,"Oct 6, 2024",1049,0:00:00
2021-12-15,9ITLicQfKaU,HBCU Teambuilder Teams To Download In EA College Football Pt.1,"Oct 6, 2024",1049,0:00:00
2021-12-16,9ITLicQfKaU,HBCU Teambuilder Teams To Download In EA College Football Pt.1,"Oct 6, 2024",1049,0:00:00
2021-12-17,9ITLicQfKaU,HBCU Teambuilder Teams To Download In EA College Football Pt.1,"Oct 6, 2024",1049,0:00:00
2021-12-18,9ITLicQfKaU,HBCU Teambuilder Teams To Download In EA College Football Pt.1,"Oct 6, 2024",1049,0:00:00
2021-12-19,9ITLicQfKaU,HBCU Teambuilder Teams To Download In EA College Football Pt.1,"Oct 6, 2024",1049,0:00:00
2021-12-20,9ITLicQfKaU,HBCU Teambuilder Teams To Download In EA College Football Pt.1,"Oct 6, 2024",1049,0:00:00
2021-12-21,9ITLicQfKaU,HBCU Teambuilder Teams To Download In EA College Football Pt.1,"Oct 6, 2024",1049,0:00:00
2021-12-22,9ITLicQfKaU,HBCU Teambuilder Teams To Download In EA College Football Pt.1,"Oct 6, 2024",1049,0:00:00
2021-12-23,9ITLicQfKaU,HBCU Teambuilder Teams To Download In EA College Football Pt.1,"Oct 6, 2024",1049,0:00:00
2021-12-24,9ITLicQfKaU,HBCU Teambuilder Teams To Download In EA College Football Pt.1,"Oct 6, 2024",1049,0:00:00
2021-12-25,9ITLicQfKaU,HBCU Teambuilder Teams To Download In EA College Football Pt.1,"Oct 6, 2024",1049,0:00:00
2021-12-26,9ITLicQfKaU,HBCU Teambuilder Teams To Download In EA College Football Pt.1,"Oct 6, 2024",1049,0:00:00
2021-12-27,9ITLicQfKaU,HBCU Teambuilder Teams To Download In EA College Football Pt.1,"Oct 6, 2024",1049,0:00:00
2021-12-28,9ITLicQfKaU,HBCU Teambuilder Teams To Download In EA College Football Pt.1,"Oct 6, 2024",1049,0:00:00
2021-12-29,9ITLicQfKaU,HBCU Teambuilder Teams To Download In EA College Football Pt.1,"Oct 6, 2024",1049,0:00:00
2021-12-30,9ITLicQfKaU,HBCU Teambuilder Teams To Download In EA College Football Pt.1,"Oct 6, 2024",1049,0:00:00
2021-12-31,9ITLicQfKaU,HBCU Teambuilder Teams To Download In EA College Football Pt.1,"Oct 6, 2024",1049,0:00:00
2022-01-01,9ITLicQfKaU,HBCU Teambuilder Teams To Download In EA College Football Pt.1,"Oct 6, 2024",1049,0:00:00
2022-01-02,9ITLicQfKaU,HBCU Teambuilder Teams To Download In EA College Football Pt.1,"Oct 6, 2024",1049,0:00:00
2022-01-03,9ITLicQfKaU,HBCU Teambuilder Teams To Download In EA College Football Pt.1,"Oct 6, 2024",1049,0:00:00
2022-01-04,9ITLicQfKaU,HBCU Teambuilder Teams To Download In EA College Football Pt.1,"Oct 6, 2024",1049,0:00:00
2022-01-05,9ITLicQfKaU,HBCU Teambuilder Teams To Download In EA College Football Pt.1,"Oct 6, 2024",1049,0:00:00
2022-01-06,9ITLicQfKaU,HBCU Teambuilder Teams To Download In EA College Football Pt.1,"Oct 6, 2024",1049,0:00:00
2022-01-07,9ITLicQfKaU,HBCU Teambuilder Teams To Download In EA College Football Pt.1,"Oct 6, 2024",1049,0:00:00
2022-01-08,9ITLicQfKaU,HBCU Teambuilder Teams To Download In EA College Football Pt.1,"Oct 6, 2024",1049,0:00:00
2022-01-09,9ITLicQfKaU,HBCU Teambuilder Teams To Download In EA College Football Pt.1,"Oct 6, 2024",1049,0:00:00
2022-01-10,9ITLicQfKaU,HBCU Teambuilder Teams To Download In EA College Football Pt.1,"Oct 6, 2024",1049,0:00:00
2022-01-11,9ITLicQfKaU,HBCU Teambuilder Teams To Download In EA College Football Pt.1,"Oct 6, 2024",1049,0:00:00
2022-01-12,9ITLicQfKaU,HBCU Teambuilder Teams To Download In EA College Football Pt.1,"Oct 6, 2024",1049,0:00:00
2022-01-13,9ITLicQfKaU,HBCU Teambuilder Teams To Download In EA College Football Pt.1,"Oct 6, 2024",1049,0:00:00
2022-01-14,9ITLicQfKaU,HBCU Teambuilder Teams To Download In EA College Football Pt.1,"Oct 6, 2024",1049,0:00:00
2022-01-15,9ITLicQfKaU,HBCU Teambuilder Teams To Download In EA College Football Pt.1,"Oct 6, 2024",1049,0:00:00
2022-01-16,9ITLicQfKaU,HBCU Teambuilder Teams To Download In EA College Football Pt.1,"Oct 6, 2024",1049,0:00:00
2022-01-17,9ITLicQfKaU,HBCU Teambuilder Teams To Download In EA College Football Pt.1,"Oct 6, 2024",1049,0:00:00
2022-01-18,9ITLicQfKaU,HBCU Teambuilder Teams To Download In EA College Football Pt.1,"Oct 6, 2024",1049,0:00:00
2022-01-19,9ITLicQfKaU,HBCU Teambuilder Teams To Download In EA College Football Pt.1,"Oct 6, 2024",1049,0:00:00
2022-01-20,9ITLicQfKaU,HBCU Teambuilder Teams To Download In EA College Football Pt.1,"Oct 6, 2024",1049,0:00:00
2022-01-21,9ITLicQfKaU,HBCU Teambuilder Teams To Download In EA College Football Pt.1,"Oct 6, 2024",1049,0:00:00
2022-01-22,9ITLicQfKaU,HBCU Teambuilder Teams To Download In EA College Football Pt.1,"Oct 6, 2024",1049,0:00:00
2022-01-23,9ITLicQfKaU,HBCU Teambuilder Teams To Download In EA College Football Pt.1,"Oct 6, 2024",1049,0:00:00
2022-01-24,9ITLicQfKaU,HBCU Teambuilder Teams To Download In EA College Football Pt.1,"Oct 6, 2024",1049,0:00:00
2022-01-25,9ITLicQfKaU,HBCU Teambuilder Teams To Download In EA College Football Pt.1,"Oct 6, 2024",1049,0:00:00
2022-01-26,9ITLicQfKaU,HBCU Teambuilder Teams To Download In EA College Football Pt.1,"Oct 6, 2024",1049,0:00:00
2022-01-27,9ITLicQfKaU,HBCU Teambuilder Teams To Download In EA College Football Pt.1,"Oct 6, 2024",1049,0:00:00
2022-01-28,9ITLicQfKaU,HBCU Teambuilder Teams To Download In EA College Football Pt.1,"Oct 6, 2024",1049,0:00:00
2022-01-29,9ITLicQfKaU,HBCU Teambuilder Teams To Download In EA College Football Pt.1,"Oct 6, 2024",1049,0:00:00
2022-01-30,9ITLicQfKaU,HBCU Teambuilder Teams To Download In EA College Football Pt.1,"Oct 6, 2024",1049,0:00:00
2022-01-31,9ITLicQfKaU,HBCU Teambuilder Teams To Download In EA College Football Pt.1,"Oct 6, 2024",1049,0:00:00
2022-02-01,9ITLicQfKaU,HBCU Teambuilder Teams To Download In EA College Football Pt.1,"Oct 6, 2024",1049,0:00:00
2022-02-02,9ITLicQfKaU,HBCU Teambuilder Teams To Download In EA College Football Pt.1,"Oct 6, 2024",1049,0:00:00
2022-02-03,9ITLicQfKaU,HBCU Teambuilder Teams To Download In EA College Football Pt.1,"Oct 6, 2024",1049,0:00:00
2022-02-04,9ITLicQfKaU,HBCU Teambuilder Teams To Download In EA College Football Pt.1,"Oct 6, 2024",1049,0:00:00
2022-02-05,9ITLicQfKaU,HBCU Teambuilder Teams To Download In EA College Football Pt.1,"Oct 6, 2024",1049,0:00:00
2022-02-06,9ITLicQfKaU,HBCU Teambuilder Teams To Download In EA College Football Pt.1,"Oct 6, 2024",1049,0:00:00
2022-02-07,9ITLicQfKaU,HBCU Teambuilder Teams To Download In EA College Football Pt.1,"Oct 6, 2024",1049,0:00:00
2022-02-08,9ITLicQfKaU,HBCU Teambuilder Teams To Download In EA College Football Pt.1,"Oct 6, 2024",1049,0:00:00
2022-02-09,9ITLicQfKaU,HBCU Teambuilder Teams To Download In EA College Football Pt.1,"Oct 6, 2024",1049,0:00:00
2022-02-10,9ITLicQfKaU,HBCU Teambuilder Teams To Download In EA College Football Pt.1,"Oct 6, 2024",1049,0:00:00
2022-02-11,9ITLicQfKaU,HBCU Teambuilder Teams To Download In EA College Football Pt.1,"Oct 6, 2024",1049,0:00:00
2022-02-12,9ITLicQfKaU,HBCU Teambuilder Teams To Download In EA College Football Pt.1,"Oct 6, 2024",1049,0:00:00
2022-02-13,9ITLicQfKaU,HBCU Teambuilder Teams To Download In EA College Football Pt.1,"Oct 6, 2024",1049,0:00:00
2022-02-14,9ITLicQfKaU,HBCU Teambuilder Teams To Download In EA College Football Pt.1,"Oct 6, 2024",1049,0:00:00
2022-02-15,9ITLicQfKaU,HBCU Teambuilder Teams To Download In EA College Football Pt.1,"Oct 6, 2024",1049,0:00:00
2022-02-16,9ITLicQfKaU,HBCU Teambuilder Teams To Download In EA College Football Pt.1,"Oct 6, 2024",1049,0:00:00
2022-02-17,9ITLicQfKaU,HBCU Teambuilder Teams To Download In EA College Football Pt.1,"Oct 6, 2024",1049,0:00:00
2022-02-18,9ITLicQfKaU,HBCU Teambuilder Teams To Download In EA College Football Pt.1,"Oct 6, 2024",1049,0:00:00
2022-02-19,9ITLicQfKaU,HBCU Teambuilder Teams To Download In EA College Football Pt.1,"Oct 6, 2024",1049,0:00:00
2022-02-20,9ITLicQfKaU,HBCU Teambuilder Teams To Download In EA College Football Pt.1,"Oct 6, 2024",1049,0:00:00
2022-02-21,9ITLicQfKaU,HBCU Teambuilder Teams To Download In EA College Football Pt.1,"Oct 6, 2024",1049,0:00:00
2022-02-22,9ITLicQfKaU,HBCU Teambuilder Teams To Download In EA College Football Pt.1,"Oct 6, 2024",1049,0:00:00
2022-02-23,9ITLicQfKaU,HBCU Teambuilder Teams To Download In EA College Football Pt.1,"Oct 6, 2024",1049,0:00:00
2022-02-24,9ITLicQfKaU,HBCU Teambuilder Teams To Download In EA College Football Pt.1,"Oct 6, 2024",1049,0:00:00
2022-02-25,9ITLicQfKaU,HBCU Teambuilder Teams To Download In EA College Football Pt.1,"Oct 6, 2024",1049,0:00:00
2022-02-26,9ITLicQfKaU,HBCU Teambuilder Teams To Download In EA College Football Pt.1,"Oct 6, 2024",1049,0:00:00
2022-02-27,9ITLicQfKaU,HBCU Teambuilder Teams To Download In EA College Football Pt.1,"Oct 6, 2024",1049,0:00:00
2022-02-28,9ITLicQfKaU,HBCU Teambuilder Teams To Download In EA College Football Pt.1,"Oct 6, 2024",1049,0:00:00
2022-03-01,9ITLicQfKaU,HBCU Teambuilder Teams To Download In EA College Football Pt.1,"Oct 6, 2024",1049,0:00:00
2022-03-02,9ITLicQfKaU,HBCU Teambuilder Teams To Download In EA College Football Pt.1,"Oct 6, 2024",1049,0:00:00
2022-03-03,9ITLicQfKaU,HBCU Teambuilder Teams To Download In EA College Football Pt.1,"Oct 6, 2024",1049,0:00:00
2022-03-04,9ITLicQfKaU,HBCU Teambuilder Teams To Download In EA College Football Pt.1,"Oct 6, 2024",1049,0:00:00
2022-03-05,9ITLicQfKaU,HBCU Teambuilder Teams To Download In EA College Football Pt.1,"Oct 6, 2024",1049,0:00:00
2022-03-06,9ITLicQfKaU,HBCU Teambuilder Teams To Download In EA College Football Pt.1,"Oct 6, 2024",1049,0:00:00
2022-03-07,9ITLicQfKaU,HBCU Teambuilder Teams To Download In EA College Football Pt.1,"Oct 6, 2024",1049,0:00:00
2022-03-08,9ITLicQfKaU,HBCU Teambuilder Teams To Download In EA College Football Pt.1,"Oct 6, 2024",1049,0:00:00
2022-03-09,9ITLicQfKaU,HBCU Teambuilder Teams To Download In EA College Football Pt.1,"Oct 6, 2024",1049,0:00:00
2022-03-10,9ITLicQfKaU,HBCU Teambuilder Teams To Download In EA College Football Pt.1,"Oct 6, 2024",1049,0:00:00
2022-03-11,9ITLicQfKaU,HBCU Teambuilder Teams To Download In EA College Football Pt.1,"Oct 6, 2024",1049,0:00:00
2022-03-12,9ITLicQfKaU,HBCU Teambuilder Teams To Download In EA College Football Pt.1,"Oct 6, 2024",1049,0:00:00
2022-03-13,9ITLicQfKaU,HBCU Teambuilder Teams To Download In EA College Football Pt.1,"Oct 6, 2024",1049,0:00:00
2022-03-14,9ITLicQfKaU,HBCU Teambuilder Teams To Download In EA College Football Pt.1,"Oct 6, 2024",1049,0:00:00
2022-03-15,9ITLicQfKaU,HBCU Teambuilder Teams To Download In EA College Football Pt.1,"Oct 6, 2024",1049,0:00:00
2022-03-16,9ITLicQfKaU,HBCU Teambuilder Teams To Download In EA College Football Pt.1,"Oct 6, 2024",1049,0:00:00
2022-03-17,9ITLicQfKaU,HBCU Teambuilder Teams To Download In EA College Football Pt.1,"Oct 6, 2024",1049,0:00:00
2022-03-18,9ITLicQfKaU,HBCU Teambuilder Teams To Download In EA College Football Pt.1,"Oct 6, 2024",1049,0:00:00
2022-03-19,9ITLicQfKaU,HBCU Teambuilder Teams To Download In EA College Football Pt.1,"Oct 6, 2024",1049,0:00:00
2022-03-20,9ITLicQfKaU,HBCU Teambuilder Teams To Download In EA College Football Pt.1,"Oct 6, 2024",1049,0:00:00
2022-03-21,9ITLicQfKaU,HBCU Teambuilder Teams To Download In EA College Football Pt.1,"Oct 6, 2024",1049,0:00:00
2022-03-22,9ITLicQfKaU,HBCU Teambuilder Teams To Download In EA College Football Pt.1,"Oct 6, 2024",1049,0:00:00
2022-03-23,9ITLicQfKaU,HBCU Teambuilder Teams To Download In EA College Football Pt.1,"Oct 6, 2024",1049,0:00:00
2022-03-24,9ITLicQfKaU,HBCU Teambuilder Teams To Download In EA College Football Pt.1,"Oct 6, 2024",1049,0:00:00
2022-03-25,9ITLicQfKaU,HBCU Teambuilder Teams To Download In EA College Football Pt.1,"Oct 6, 2024",1049,0:00:00
2022-03-26,9ITLicQfKaU,HBCU Teambuilder Teams To Download In EA College Football Pt.1,"Oct 6, 2024",1049,0:00:00
2022-03-27,9ITLicQfKaU,HBCU Teambuilder Teams To Download In EA College Football Pt.1,"Oct 6, 2024",1049,0:00:00
2022-03-28,9ITLicQfKaU,HBCU Teambuilder Teams To Download In EA College Football Pt.1,"Oct 6, 2024",1049,0:00:00
2022-03-29,9ITLicQfKaU,HBCU Teambuilder Teams To Download In EA College Football Pt.1,"Oct 6, 2024",1049,0:00:00
2022-03-30,9ITLicQfKaU,HBCU Teambuilder Teams To Download In EA College Football Pt.1,"Oct 6, 2024",1049,0:00:00
2022-03-31,9ITLicQfKaU,HBCU Teambuilder Teams To Download In EA College Football Pt.1,"Oct 6, 2024",1049,0:00:00
2022-04-01,9ITLicQfKaU,HBCU Teambuilder Teams To Download In EA College Football Pt.1,"Oct 6, 2024",1049,0:00:00
2022-04-02,9ITLicQfKaU,HBCU Teambuilder Teams To Download In EA College Football Pt.1,"Oct 6, 2024",1049,0:00:00
2022-04-03,9ITLicQfKaU,HBCU Teambuilder Teams To Download In EA College Football Pt.1,"Oct 6, 2024",1049,0:00:00
2022-04-04,9ITLicQfKaU,HBCU Teambuilder Teams To Download In EA College Football Pt.1,"Oct 6, 2024",1049,0:00:00
2022-04-05,9ITLicQfKaU,HBCU Teambuilder Teams To Download In EA College Football Pt.1,"Oct 6, 2024",1049,0:00:00
2022-04-06,9ITLicQfKaU,HBCU Teambuilder Teams To Download In EA College Football Pt.1,"Oct 6, 2024",1049,0:00:00
2022-04-07,9ITLicQfKaU,HBCU Teambuilder Teams To Download In EA College Football Pt.1,"Oct 6, 2024",1049,0:00:00
2022-04-08,9ITLicQfKaU,HBCU Teambuilder Teams To Download In EA College Football Pt.1,"Oct 6, 2024",1049,0:00:00
2022-04-09,9ITLicQfKaU,HBCU Teambuilder Teams To Download In EA College Football Pt.1,"Oct 6, 2024",1049,0:00:00
2022-04-10,9ITLicQfKaU,HBCU Teambuilder Teams To Download In EA College Football Pt.1,"Oct 6, 2024",1049,0:00:00
2022-04-11,9ITLicQfKaU,HBCU Teambuilder Teams To Download In EA College Football Pt.1,"Oct 6, 2024",1049,0:00:00
2022-04-12,9ITLicQfKaU,HBCU Teambuilder Teams To Download In EA College Football Pt.1,"Oct 6, 2024",1049,0:00:00
2022-04-13,9ITLicQfKaU,HBCU Teambuilder Teams To Download In EA College Football Pt.1,"Oct 6, 2024",1049,0:00:00
2022-04-14,9ITLicQfKaU,HBCU Teambuilder Teams To Download In EA College Football Pt.1,"Oct 6, 2024",1049,0:00:00
2022-04-15,9ITLicQfKaU,HBCU Teambuilder Teams To Download In EA College Football Pt.1,"Oct 6, 2024",1049,0:00:00
2022-04-16,9ITLicQfKaU,HBCU Teambuilder Teams To Download In EA College Football Pt.1,"Oct 6, 2024",1049,0:00:00
2022-04-17,9ITLicQfKaU,HBCU Teambuilder Teams To Download In EA College Football Pt.1,"Oct 6, 2024",1049,0:00:00
2022-04-18,9ITLicQfKaU,HBCU Teambuilder Teams To Download In EA College Football Pt.1,"Oct 6, 2024",1049,0:00:00
2022-04-19,9ITLicQfKaU,HBCU Teambuilder Teams To Download In EA College Football Pt.1,"Oct 6, 2024",1049,0:00:00
2022-04-20,9ITLicQfKaU,HBCU Teambuilder Teams To Download In EA College Football Pt.1,"Oct 6, 2024",1049,0:00:00
2022-04-21,9ITLicQfKaU,HBCU Teambuilder Teams To Download In EA College Football Pt.1,"Oct 6, 2024",1049,0:00:00
2022-04-22,9ITLicQfKaU,HBCU Teambuilder Teams To Download In EA College Football Pt.1,"Oct 6, 2024",1049,0:00:00
2022-04-23,9ITLicQfKaU,HBCU Teambuilder Teams To Download In EA College Football Pt.1,"Oct 6, 2024",1049,0:00:00
2022-04-24,9ITLicQfKaU,HBCU Teambuilder Teams To Download In EA College Football Pt.1,"Oct 6, 2024",1049,0:00:00
2022-04-25,9ITLicQfKaU,HBCU Teambuilder Teams To Download In EA College Football Pt.1,"Oct 6, 2024",1049,0:00:00
2022-04-26,9ITLicQfKaU,HBCU Teambuilder Teams To Download In EA College Football Pt.1,"Oct 6, 2024",1049,0:00:00
2022-04-27,9ITLicQfKaU,HBCU Teambuilder Teams To Download In EA College Football Pt.1,"Oct 6, 2024",1049,0:00:00
2022-04-28,9ITLicQfKaU,HBCU Teambuilder Teams To Download In EA College Football Pt.1,"Oct 6, 2024",1049,0:00:00
2022-04-29,9ITLicQfKaU,HBCU Teambuilder Teams To Download In EA College Football Pt.1,"Oct 6, 2024",1049,0:00:00
2022-04-30,9ITLicQfKaU,HBCU Teambuilder Teams To Download In EA College Football Pt.1,"Oct 6, 2024",1049,0:00:00
2022-05-01,9ITLicQfKaU,HBCU Teambuilder Teams To Download In EA College Football Pt.1,"Oct 6, 2024",1049,0:00:00
2022-05-02,9ITLicQfKaU,HBCU Teambuilder Teams To Download In EA College Football Pt.1,"Oct 6, 2024",1049,0:00:00
2022-05-03,9ITLicQfKaU,HBCU Teambuilder Teams To Download In EA College Football Pt.1,"Oct 6, 2024",1049,0:00:00
2022-05-04,9ITLicQfKaU,HBCU Teambuilder Teams To Download In EA College Football Pt.1,"Oct 6, 2024",1049,0:00:00
2022-05-05,9ITLicQfKaU,HBCU Teambuilder Teams To Download In EA College Football Pt.1,"Oct 6, 2024",1049,0:00:00
2022-05-06,9ITLicQfKaU,HBCU Teambuilder Teams To Download In EA College Football Pt.1,"Oct 6, 2024",1049,0:00:00
2022-05-07,9ITLicQfKaU,HBCU Teambuilder Teams To Download In EA College Football Pt.1,"Oct 6, 2024",1049,0:00:00
2022-05-08,9ITLicQfKaU,HBCU Teambuilder Teams To Download In EA College Football Pt.1,"Oct 6, 2024",1049,0:00:00
2022-05-09,9ITLicQfKaU,HBCU Teambuilder Teams To Download In EA College Football Pt.1,"Oct 6, 2024",1049,0:00:00
2022-05-10,9ITLicQfKaU,HBCU Teambuilder Teams To Download In EA College Football Pt.1,"Oct 6, 2024",1049,0:00:00
2022-05-11,9ITLicQfKaU,HBCU Teambuilder Teams To Download In EA College Football Pt.1,"Oct 6, 2024",1049,0:00:00
2022-05-12,9ITLicQfKaU,HBCU Teambuilder Teams To Download In EA College Football Pt.1,"Oct 6, 2024",1049,0:00:00
2022-05-13,9ITLicQfKaU,HBCU Teambuilder Teams To Download In EA College Football Pt.1,"Oct 6, 2024",1049,0:00:00
2022-05-14,9ITLicQfKaU,HBCU Teambuilder Teams To Download In EA College Football Pt.1,"Oct 6, 2024",1049,0:00:00
2022-05-15,9ITLicQfKaU,HBCU Teambuilder Teams To Download In EA College Football Pt.1,"Oct 6, 2024",1049,0:00:00
2022-05-16,9ITLicQfKaU,HBCU Teambuilder Teams To Download In EA College Football Pt.1,"Oct 6, 2024",1049,0:00:00
2022-05-17,9ITLicQfKaU,HBCU Teambuilder Teams To Download In EA College Football Pt.1,"Oct 6, 2024",1049,0:00:00
2022-05-18,9ITLicQfKaU,HBCU Teambuilder Teams To Download In EA College Football Pt.1,"Oct 6, 2024",1049,0:00:00
2022-05-19,9ITLicQfKaU,HBCU Teambuilder Teams To Download In EA College Football Pt.1,"Oct 6, 2024",1049,0:00:00
2022-05-20,9ITLicQfKaU,HBCU Teambuilder Teams To Download In EA College Football Pt.1,"Oct 6, 2024",1049,0:00:00
2022-05-21,9ITLicQfKaU,HBCU Teambuilder Teams To Download In EA College Football Pt.1,"Oct 6, 2024",1049,0:00:00
2022-05-22,9ITLicQfKaU,HBCU Teambuilder Teams To Download In EA College Football Pt.1,"Oct 6, 2024",1049,0:00:00
2022-05-23,9ITLicQfKaU,HBCU Teambuilder Teams To Download In EA College Football Pt.1,"Oct 6, 2024",1049,0:00:00
2022-05-24,9ITLicQfKaU,HBCU Teambuilder Teams To Download In EA College Football Pt.1,"Oct 6, 2024",1049,0:00:00
2022-05-25,9ITLicQfKaU,HBCU Teambuilder Teams To Download In EA College Football Pt.1,"Oct 6, 2024",1049,0:00:00
2022-05-26,9ITLicQfKaU,HBCU Teambuilder Teams To Download In EA College Football Pt.1,"Oct 6, 2024",1049,0:00:00
2022-05-27,9ITLicQfKaU,HBCU Teambuilder Teams To Download In EA College Football Pt.1,"Oct 6, 2024",1049,0:00:00
2022-05-28,9ITLicQfKaU,HBCU Teambuilder Teams To Download In EA College Football Pt.1,"Oct 6, 2024",1049,0:00:00
2022-05-29,9ITLicQfKaU,HBCU Teambuilder Teams To Download In EA College Football Pt.1,"Oct 6, 2024",1049,0:00:00
2022-05-30,9ITLicQfKaU,HBCU Teambuilder Teams To Download In EA College Football Pt.1,"Oct 6, 2024",1049,0:00:00
2022-05-31,9ITLicQfKaU,HBCU Teambuilder Teams To Download In EA College Football Pt.1,"Oct 6, 2024",1049,0:00:00
2022-06-01,9ITLicQfKaU,HBCU Teambuilder Teams To Download In EA College Football Pt.1,"Oct 6, 2024",1049,0:00:00
2022-06-02,9ITLicQfKaU,HBCU Teambuilder Teams To Download In EA College Football Pt.1,"Oct 6, 2024",1049,0:00:00
2022-06-03,9ITLicQfKaU,HBCU Teambuilder Teams To Download In EA College Football Pt.1,"Oct 6, 2024",1049,0:00:00
2022-06-04,9ITLicQfKaU,HBCU Teambuilder Teams To Download In EA College Football Pt.1,"Oct 6, 2024",1049,0:00:00
2022-06-05,9ITLicQfKaU,HBCU Teambuilder Teams To Download In EA College Football Pt.1,"Oct 6, 2024",1049,0:00:00
2022-06-06,9ITLicQfKaU,HBCU Teambuilder Teams To Download In EA College Football Pt.1,"Oct 6, 2024",1049,0:00:00
2022-06-07,9ITLicQfKaU,HBCU Teambuilder Teams To Download In EA College Football Pt.1,"Oct 6, 2024",1049,0:00:00
2022-06-08,9ITLicQfKaU,HBCU Teambuilder Teams To Download In EA College Football Pt.1,"Oct 6, 2024",1049,0:00:00
2022-06-09,9ITLicQfKaU,HBCU Teambuilder Teams To Download In EA College Football Pt.1,"Oct 6, 2024",1049,0:00:00
2022-06-10,9ITLicQfKaU,HBCU Teambuilder Teams To Download In EA College Football Pt.1,"Oct 6, 2024",1049,0:00:00
2022-06-11,9ITLicQfKaU,HBCU Teambuilder Teams To Download In EA College Football Pt.1,"Oct 6, 2024",1049,0:00:00
2022-06-12,9ITLicQfKaU,HBCU Teambuilder Teams To Download In EA College Football Pt.1,"Oct 6, 2024",1049,0:00:00
2022-06-13,9ITLicQfKaU,HBCU Teambuilder Teams To Download In EA College Football Pt.1,"Oct 6, 2024",1049,0:00:00
2022-06-14,9ITLicQfKaU,HBCU Teambuilder Teams To Download In EA College Football Pt.1,"Oct 6, 2024",1049,0:00:00
2022-06-15,9ITLicQfKaU,HBCU Teambuilder Teams To Download In EA College Football Pt.1,"Oct 6, 2024",1049,0:00:00
2022-06-16,9ITLicQfKaU,HBCU Teambuilder Teams To Download In EA College Football Pt.1,"Oct 6, 2024",1049,0:00:00
2022-06-17,9ITLicQfKaU,HBCU Teambuilder Teams To Download In EA College Football Pt.1,"Oct 6, 2024",1049,0:00:00
2022-06-18,9ITLicQfKaU,HBCU Teambuilder Teams To Download In EA College Football Pt.1,"Oct 6, 2024",1049,0:00:00
2022-06-19,9ITLicQfKaU,HBCU Teambuilder Teams To Download In EA College Football Pt.1,"Oct 6, 2024",1049,0:00:00
2022-06-20,9ITLicQfKaU,HBCU Teambuilder Teams To Download In EA College Football Pt.1,"Oct 6, 2024",1049,0:00:00
2022-06-21,9ITLicQfKaU,HBCU Teambuilder Teams To Download In EA College Football Pt.1,"Oct 6, 2024",1049,0:00:00
2022-06-22,9ITLicQfKaU,HBCU Teambuilder Teams To Download In EA College Football Pt.1,"Oct 6, 2024",1049,0:00:00
2022-06-23,9ITLicQfKaU,HBCU Teambuilder Teams To Download In EA College Football Pt.1,"Oct 6, 2024",1049,0:00:00
2022-06-24,9ITLicQfKaU,HBCU Teambuilder Teams To Download In EA College Football Pt.1,"Oct 6, 2024",1049,0:00:00
2022-06-25,9ITLicQfKaU,HBCU Teambuilder Teams To Download In EA College Football Pt.1,"Oct 6, 2024",1049,0:00:00
2022-06-26,9ITLicQfKaU,HBCU Teambuilder Teams To Download In EA College Football Pt.1,"Oct 6, 2024",1049,0:00:00
2022-06-27,9ITLicQfKaU,HBCU Teambuilder Teams To Download In EA College Football Pt.1,"Oct 6, 2024",1049,0:00:00
2022-06-28,9ITLicQfKaU,HBCU Teambuilder Teams To Download In EA College Football Pt.1,"Oct 6, 2024",1049,0:00:00
2022-06-29,9ITLicQfKaU,HBCU Teambuilder Teams To Download In EA College Football Pt.1,"Oct 6, 2024",1049,0:00:00
2022-06-30,9ITLicQfKaU,HBCU Teambuilder Teams To Download In EA College Football Pt.1,"Oct 6, 2024",1049,0:00:00
2022-07-01,9ITLicQfKaU,HBCU Teambuilder Teams To Download In EA College Football Pt.1,"Oct 6, 2024",1049,0:00:00
2022-07-02,9ITLicQfKaU,HBCU Teambuilder Teams To Download In EA College Football Pt.1,"Oct 6, 2024",1049,0:00:00
2022-07-03,9ITLicQfKaU,HBCU Teambuilder Teams To Download In EA College Football Pt.1,"Oct 6, 2024",1049,0:00:00
2022-07-04,9ITLicQfKaU,HBCU Teambuilder Teams To Download In EA College Football Pt.1,"Oct 6, 2024",1049,0:00:00
2022-07-05,9ITLicQfKaU,HBCU Teambuilder Teams To Download In EA College Football Pt.1,"Oct 6, 2024",1049,0:00:00
2022-07-06,9ITLicQfKaU,HBCU Teambuilder Teams To Download In EA College Football Pt.1,"Oct 6, 2024",1049,0:00:00
2022-07-07,9ITLicQfKaU,HBCU Teambuilder Teams To Download In EA College Football Pt.1,"Oct 6, 2024",1049,0:00:00
2022-07-08,9ITLicQfKaU,HBCU Teambuilder Teams To Download In EA College Football Pt.1,"Oct 6, 2024",1049,0:00:00
2022-07-09,9ITLicQfKaU,HBCU Teambuilder Teams To Download In EA College Football Pt.1,"Oct 6, 2024",1049,0:00:00
2022-07-10,9ITLicQfKaU,HBCU Teambuilder Teams To Download In EA College Football Pt.1,"Oct 6, 2024",1049,0:00:00
2022-07-11,9ITLicQfKaU,HBCU Teambuilder Teams To Download In EA College Football Pt.1,"Oct 6, 2024",1049,0:00:00
2022-07-12,9ITLicQfKaU,HBCU Teambuilder Teams To Download In EA College Football Pt.1,"Oct 6, 2024",1049,0:00:00
2022-07-13,9ITLicQfKaU,HBCU Teambuilder Teams To Download In EA College Football Pt.1,"Oct 6, 2024",1049,0:00:00
2022-07-14,9ITLicQfKaU,HBCU Teambuilder Teams To Download In EA College Football Pt.1,"Oct 6, 2024",1049,0:00:00
2022-07-15,9ITLicQfKaU,HBCU Teambuilder Teams To Download In EA College Football Pt.1,"Oct 6, 2024",1049,0:00:00
2022-07-16,9ITLicQfKaU,HBCU Teambuilder Teams To Download In EA College Football Pt.1,"Oct 6, 2024",1049,0:00:00
2022-07-17,9ITLicQfKaU,HBCU Teambuilder Teams To Download In EA College Football Pt.1,"Oct 6, 2024",1049,0:00:00
2022-07-18,9ITLicQfKaU,HBCU Teambuilder Teams To Download In EA College Football Pt.1,"Oct 6, 2024",1049,0:00:00
2022-07-19,9ITLicQfKaU,HBCU Teambuilder Teams To Download In EA College Football Pt.1,"Oct 6, 2024",1049,0:00:00
2022-07-20,9ITLicQfKaU,HBCU Teambuilder Teams To Download In EA College Football Pt.1,"Oct 6, 2024",1049,0:00:00
2022-07-21,9ITLicQfKaU,HBCU Teambuilder Teams To Download In EA College Football Pt.1,"Oct 6, 2024",1049,0:00:00
2022-07-22,9ITLicQfKaU,HBCU Teambuilder Teams To Download In EA College Football Pt.1,"Oct 6, 2024",1049,0:00:00
2022-07-23,9ITLicQfKaU,HBCU Teambuilder Teams To Download In EA College Football Pt.1,"Oct 6, 2024",1049,0:00:00
2022-07-24,9ITLicQfKaU,HBCU Teambuilder Teams To Download In EA College Football Pt.1,"Oct 6, 2024",1049,0:00:00
2022-07-25,9ITLicQfKaU,HBCU Teambuilder Teams To Download In EA College Football Pt.1,"Oct 6, 2024",1049,0:00:00
2022-07-26,9ITLicQfKaU,HBCU Teambuilder Teams To Download In EA College Football Pt.1,"Oct 6, 2024",1049,0:00:00
2022-07-27,9ITLicQfKaU,HBCU Teambuilder Teams To Download In EA College Football Pt.1,"Oct 6, 2024",1049,0:00:00
2022-07-28,9ITLicQfKaU,HBCU Teambuilder Teams To Download In EA College Football Pt.1,"Oct 6, 2024",1049,0:00:00
2022-07-29,9ITLicQfKaU,HBCU Teambuilder Teams To Download In EA College Football Pt.1,"Oct 6, 2024",1049,0:00:00
2022-07-30,9ITLicQfKaU,HBCU Teambuilder Teams To Download In EA College Football Pt.1,"Oct 6, 2024",1049,0:00:00
2022-07-31,9ITLicQfKaU,HBCU Teambuilder Teams To Download In EA College Football Pt.1,"Oct 6, 2024",1049,0:00:00
2022-08-01,9ITLicQfKaU,HBCU Teambuilder Teams To Download In EA College Football Pt.1,"Oct 6, 2024",1049,0:00:00
2022-08-02,9ITLicQfKaU,HBCU Teambuilder Teams To Download In EA College Football Pt.1,"Oct 6, 2024",1049,0:00:00
2022-08-03,9ITLicQfKaU,HBCU Teambuilder Teams To Download In EA College Football Pt.1,"Oct 6, 2024",1049,0:00:00
2022-08-04,9ITLicQfKaU,HBCU Teambuilder Teams To Download In EA College Football Pt.1,"Oct 6, 2024",1049,0:00:00
2022-08-05,9ITLicQfKaU,HBCU Teambuilder Teams To Download In EA College Football Pt.1,"Oct 6, 2024",1049,0:00:00
2022-08-06,9ITLicQfKaU,HBCU Teambuilder Teams To Download In EA College Football Pt.1,"Oct 6, 2024",1049,0:00:00
2022-08-07,9ITLicQfKaU,HBCU Teambuilder Teams To Download In EA College Football Pt.1,"Oct 6, 2024",1049,0:00:00
2022-08-08,9ITLicQfKaU,HBCU Teambuilder Teams To Download In EA College Football Pt.1,"Oct 6, 2024",1049,0:00:00
2022-08-09,9ITLicQfKaU,HBCU Teambuilder Teams To Download In EA College Football Pt.1,"Oct 6, 2024",1049,0:00:00
2022-08-10,9ITLicQfKaU,HBCU Teambuilder Teams To Download In EA College Football Pt.1,"Oct 6, 2024",1049,0:00:00
2022-08-11,9ITLicQfKaU,HBCU Teambuilder Teams To Download In EA College Football Pt.1,"Oct 6, 2024",1049,0:00:00
2022-08-12,9ITLicQfKaU,HBCU Teambuilder Teams To Download In EA College Football Pt.1,"Oct 6, 2024",1049,0:00:00
2022-08-13,9ITLicQfKaU,HBCU Teambuilder Teams To Download In EA College Football Pt.1,"Oct 6, 2024",1049,0:00:00
2022-08-14,9ITLicQfKaU,HBCU Teambuilder Teams To Download In EA College Football Pt.1,"Oct 6, 2024",1049,0:00:00
2022-08-15,9ITLicQfKaU,HBCU Teambuilder Teams To Download In EA College Football Pt.1,"Oct 6, 2024",1049,0:00:00
2022-08-16,9ITLicQfKaU,HBCU Teambuilder Teams To Download In EA College Football Pt.1,"Oct 6, 2024",1049,0:00:00
2022-08-17,9ITLicQfKaU,HBCU Teambuilder Teams To Download In EA College Football Pt.1,"Oct 6, 2024",1049,0:00:00
2022-08-18,9ITLicQfKaU,HBCU Teambuilder Teams To Download In EA College Football Pt.1,"Oct 6, 2024",1049,0:00:00
2022-08-19,9ITLicQfKaU,HBCU Teambuilder Teams To Download In EA College Football Pt.1,"Oct 6, 2024",1049,0:00:00
2022-08-20,9ITLicQfKaU,HBCU Teambuilder Teams To Download In EA College Football Pt.1,"Oct 6, 2024",1049,0:00:00
2022-08-21,9ITLicQfKaU,HBCU Teambuilder Teams To Download In EA College Football Pt.1,"Oct 6, 2024",1049,0:00:00
2022-08-22,9ITLicQfKaU,HBCU Teambuilder Teams To Download In EA College Football Pt.1,"Oct 6, 2024",1049,0:00:00
2022-08-23,9ITLicQfKaU,HBCU Teambuilder Teams To Download In EA College Football Pt.1,"Oct 6, 2024",1049,0:00:00
2022-08-24,9ITLicQfKaU,HBCU Teambuilder Teams To Download In EA College Football Pt.1,"Oct 6, 2024",1049,0:00:00
2022-08-25,9ITLicQfKaU,HBCU Teambuilder Teams To Download In EA College Football Pt.1,"Oct 6, 2024",1049,0:00:00
2022-08-26,9ITLicQfKaU,HBCU Teambuilder Teams To Download In EA College Football Pt.1,"Oct 6, 2024",1049,0:00:00
2022-08-27,9ITLicQfKaU,HBCU Teambuilder Teams To Download In EA College Football Pt.1,"Oct 6, 2024",1049,0:00:00
2022-08-28,9ITLicQfKaU,HBCU Teambuilder Teams To Download In EA College Football Pt.1,"Oct 6, 2024",1049,0:00:00
2022-08-29,9ITLicQfKaU,HBCU Teambuilder Teams To Download In EA College Football Pt.1,"Oct 6, 2024",1049,0:00:00
2022-08-30,9ITLicQfKaU,HBCU Teambuilder Teams To Download In EA College Football Pt.1,"Oct 6, 2024",1049,0:00:00
2022-08-31,9ITLicQfKaU,HBCU Teambuilder Teams To Download In EA College Football Pt.1,"Oct 6, 2024",1049,0:00:00
2022-09-01,9ITLicQfKaU,HBCU Teambuilder Teams To Download In EA College Football Pt.1,"Oct 6, 2024",1049,0:00:00
2022-09-02,9ITLicQfKaU,HBCU Teambuilder Teams To Download In EA College Football Pt.1,"Oct 6, 2024",1049,0:00:00
2022-09-03,9ITLicQfKaU,HBCU Teambuilder Teams To Download In EA College Football Pt.1,"Oct 6, 2024",1049,0:00:00
2022-09-04,9ITLicQfKaU,HBCU Teambuilder Teams To Download In EA College Football Pt.1,"Oct 6, 2024",1049,0:00:00
2022-09-05,9ITLicQfKaU,HBCU Teambuilder Teams To Download In EA College Football Pt.1,"Oct 6, 2024",1049,0:00:00
2022-09-06,9ITLicQfKaU,HBCU Teambuilder Teams To Download In EA College Football Pt.1,"Oct 6, 2024",1049,0:00:00
2022-09-07,9ITLicQfKaU,HBCU Teambuilder Teams To Download In EA College Football Pt.1,"Oct 6, 2024",1049,0:00:00
2022-09-08,9ITLicQfKaU,HBCU Teambuilder Teams To Download In EA College Football Pt.1,"Oct 6, 2024",1049,0:00:00
2022-09-09,9ITLicQfKaU,HBCU Teambuilder Teams To Download In EA College Football Pt.1,"Oct 6, 2024",1049,0:00:00
2022-09-10,9ITLicQfKaU,HBCU Teambuilder Teams To Download In EA College Football Pt.1,"Oct 6, 2024",1049,0:00:00
2022-09-11,9ITLicQfKaU,HBCU Teambuilder Teams To Download In EA College Football Pt.1,"Oct 6, 2024",1049,0:00:00
2022-09-12,9ITLicQfKaU,HBCU Teambuilder Teams To Download In EA College Football Pt.1,"Oct 6, 2024",1049,0:00:00
2022-09-13,9ITLicQfKaU,HBCU Teambuilder Teams To Download In EA College Football Pt.1,"Oct 6, 2024",1049,0:00:00
2022-09-14,9ITLicQfKaU,HBCU Teambuilder Teams To Download In EA College Football Pt.1,"Oct 6, 2024",1049,0:00:00
2022-09-15,9ITLicQfKaU,HBCU Teambuilder Teams To Download In EA College Football Pt.1,"Oct 6, 2024",1049,0:00:00
2022-09-16,9ITLicQfKaU,HBCU Teambuilder Teams To Download In EA College Football Pt.1,"Oct 6, 2024",1049,0:00:00
2022-09-17,9ITLicQfKaU,HBCU Teambuilder Teams To Download In EA College Football Pt.1,"Oct 6, 2024",1049,0:00:00
2022-09-18,9ITLicQfKaU,HBCU Teambuilder Teams To Download In EA College Football Pt.1,"Oct 6, 2024",1049,0:00:00
2022-09-19,9ITLicQfKaU,HBCU Teambuilder Teams To Download In EA College Football Pt.1,"Oct 6, 2024",1049,0:00:00
2022-09-20,9ITLicQfKaU,HBCU Teambuilder Teams To Download In EA College Football Pt.1,"Oct 6, 2024",1049,0:00:00
2022-09-21,9ITLicQfKaU,HBCU Teambuilder Teams To Download In EA College Football Pt.1,"Oct 6, 2024",1049,0:00:00
2022-09-22,9ITLicQfKaU,HBCU Teambuilder Teams To Download In EA College Football Pt.1,"Oct 6, 2024",1049,0:00:00
2022-09-23,9ITLicQfKaU,HBCU Teambuilder Teams To Download In EA College Football Pt.1,"Oct 6, 2024",1049,0:00:00
2022-09-24,9ITLicQfKaU,HBCU Teambuilder Teams To Download In EA College Football Pt.1,"Oct 6, 2024",1049,0:00:00
2022-09-25,9ITLicQfKaU,HBCU Teambuilder Teams To Download In EA College Football Pt.1,"Oct 6, 2024",1049,0:00:00
2022-09-26,9ITLicQfKaU,HBCU Teambuilder Teams To Download In EA College Football Pt.1,"Oct 6, 2024",1049,0:00:00
2022-09-27,9ITLicQfKaU,HBCU Teambuilder Teams To Download In EA College Football Pt.1,"Oct 6, 2024",1049,0:00:00
2022-09-28,9ITLicQfKaU,HBCU Teambuilder Teams To Download In EA College Football Pt.1,"Oct 6, 2024",1049,0:00:00
2022-09-29,9ITLicQfKaU,HBCU Teambuilder Teams To Download In EA College Football Pt.1,"Oct 6, 2024",1049,0:00:00
2022-09-30,9ITLicQfKaU,HBCU Teambuilder Teams To Download In EA College Football Pt.1,"Oct 6, 2024",1049,0:00:00
2022-10-01,9ITLicQfKaU,HBCU Teambuilder Teams To Download In EA College Football Pt.1,"Oct 6, 2024",1049,0:00:00
2022-10-02,9ITLicQfKaU,HBCU Teambuilder Teams To Download In EA College Football Pt.1,"Oct 6, 2024",1049,0:00:00
2022-10-03,9ITLicQfKaU,HBCU Teambuilder Teams To Download In EA College Football Pt.1,"Oct 6, 2024",1049,0:00:00
2022-10-04,9ITLicQfKaU,HBCU Teambuilder Teams To Download In EA College Football Pt.1,"Oct 6, 2024",1049,0:00:00
2022-10-05,9ITLicQfKaU,HBCU Teambuilder Teams To Download In EA College Football Pt.1,"Oct 6, 2024",1049,0:00:00
2022-10-06,9ITLicQfKaU,HBCU Teambuilder Teams To Download In EA College Football Pt.1,"Oct 6, 2024",1049,0:00:00
2022-10-07,9ITLicQfKaU,HBCU Teambuilder Teams To Download In EA College Football Pt.1,"Oct 6, 2024",1049,0:00:00
2022-10-08,9ITLicQfKaU,HBCU Teambuilder Teams To Download In EA College Football Pt.1,"Oct 6, 2024",1049,0:00:00
2022-10-09,9ITLicQfKaU,HBCU Teambuilder Teams To Download In EA College Football Pt.1,"Oct 6, 2024",1049,0:00:00
2022-10-10,9ITLicQfKaU,HBCU Teambuilder Teams To Download In EA College Football Pt.1,"Oct 6, 2024",1049,0:00:00
2022-10-11,9ITLicQfKaU,HBCU Teambuilder Teams To Download In EA College Football Pt.1,"Oct 6, 2024",1049,0:00:00
2022-10-12,9ITLicQfKaU,HBCU Teambuilder Teams To Download In EA College Football Pt.1,"Oct 6, 2024",1049,0:00:00
2022-10-13,9ITLicQfKaU,HBCU Teambuilder Teams To Download In EA College Football Pt.1,"Oct 6, 2024",1049,0:00:00
2022-10-14,9ITLicQfKaU,HBCU Teambuilder Teams To Download In EA College Football Pt.1,"Oct 6, 2024",1049,0:00:00
2022-10-15,9ITLicQfKaU,HBCU Teambuilder Teams To Download In EA College Football Pt.1,"Oct 6, 2024",1049,0:00:00
2022-10-16,9ITLicQfKaU,HBCU Teambuilder Teams To Download In EA College Football Pt.1,"Oct 6, 2024",1049,0:00:00
2022-10-17,9ITLicQfKaU,HBCU Teambuilder Teams To Download In EA College Football Pt.1,"Oct 6, 2024",1049,0:00:00
2022-10-18,9ITLicQfKaU,HBCU Teambuilder Teams To Download In EA College Football Pt.1,"Oct 6, 2024",1049,0:00:00
2022-10-19,9ITLicQfKaU,HBCU Teambuilder Teams To Download In EA College Football Pt.1,"Oct 6, 2024",1049,0:00:00
2022-10-20,9ITLicQfKaU,HBCU Teambuilder Teams To Download In EA College Football Pt.1,"Oct 6, 2024",1049,0:00:00
2022-10-21,9ITLicQfKaU,HBCU Teambuilder Teams To Download In EA College Football Pt.1,"Oct 6, 2024",1049,0:00:00
2022-10-22,9ITLicQfKaU,HBCU Teambuilder Teams To Download In EA College Football Pt.1,"Oct 6, 2024",1049,0:00:00
2022-10-23,9ITLicQfKaU,HBCU Teambuilder Teams To Download In EA College Football Pt.1,"Oct 6, 2024",1049,0:00:00
2022-10-24,9ITLicQfKaU,HBCU Teambuilder Teams To Download In EA College Football Pt.1,"Oct 6, 2024",1049,0:00:00
2022-10-25,9ITLicQfKaU,HBCU Teambuilder Teams To Download In EA College Football Pt.1,"Oct 6, 2024",1049,0:00:00
2022-10-26,9ITLicQfKaU,HBCU Teambuilder Teams To Download In EA College Football Pt.1,"Oct 6, 2024",1049,0:00:00
2022-10-27,9ITLicQfKaU,HBCU Teambuilder Teams To Download In EA College Football Pt.1,"Oct 6, 2024",1049,0:00:00
2022-10-28,9ITLicQfKaU,HBCU Teambuilder Teams To Download In EA College Football Pt.1,"Oct 6, 2024",1049,0:00:00
2022-10-29,9ITLicQfKaU,HBCU Teambuilder Teams To Download In EA College Football Pt.1,"Oct 6, 2024",1049,0:00:00
2022-10-30,9ITLicQfKaU,HBCU Teambuilder Teams To Download In EA College Football Pt.1,"Oct 6, 2024",1049,0:00:00
2022-10-31,9ITLicQfKaU,HBCU Teambuilder Teams To Download In EA College Football Pt.1,"Oct 6, 2024",1049,0:00:00
2022-11-01,9ITLicQfKaU,HBCU Teambuilder Teams To Download In EA College Football Pt.1,"Oct 6, 2024",1049,0:00:00
2022-11-02,9ITLicQfKaU,HBCU Teambuilder Teams To Download In EA College Football Pt.1,"Oct 6, 2024",1049,0:00:00
2022-11-03,9ITLicQfKaU,HBCU Teambuilder Teams To Download In EA College Football Pt.1,"Oct 6, 2024",1049,0:00:00
2022-11-04,9ITLicQfKaU,HBCU Teambuilder Teams To Download In EA College Football Pt.1,"Oct 6, 2024",1049,0:00:00
2022-11-05,9ITLicQfKaU,HBCU Teambuilder Teams To Download In EA College Football Pt.1,"Oct 6, 2024",1049,0:00:00
2022-11-06,9ITLicQfKaU,HBCU Teambuilder Teams To Download In EA College Football Pt.1,"Oct 6, 2024",1049,0:00:00
2022-11-07,9ITLicQfKaU,HBCU Teambuilder Teams To Download In EA College Football Pt.1,"Oct 6, 2024",1049,0:00:00
2022-11-08,9ITLicQfKaU,HBCU Teambuilder Teams To Download In EA College Football Pt.1,"Oct 6, 2024",1049,0:00:00
2022-11-09,9ITLicQfKaU,HBCU Teambuilder Teams To Download In EA College Football Pt.1,"Oct 6, 2024",1049,0:00:00
2022-11-10,9ITLicQfKaU,HBCU Teambuilder Teams To Download In EA College Football Pt.1,"Oct 6, 2024",1049,0:00:00
2022-11-11,9ITLicQfKaU,HBCU Teambuilder Teams To Download In EA College Football Pt.1,"Oct 6, 2024",1049,0:00:00
2022-11-12,9ITLicQfKaU,HBCU Teambuilder Teams To Download In EA College Football Pt.1,"Oct 6, 2024",1049,0:00:00
2022-11-13,9ITLicQfKaU,HBCU Teambuilder Teams To Download In EA College Football Pt.1,"Oct 6, 2024",1049,0:00:00
2022-11-14,9ITLicQfKaU,HBCU Teambuilder Teams To Download In EA College Football Pt.1,"Oct 6, 2024",1049,0:00:00
2022-11-15,9ITLicQfKaU,HBCU Teambuilder Teams To Download In EA College Football Pt.1,"Oct 6, 2024",1049,0:00:00
2022-11-16,9ITLicQfKaU,HBCU Teambuilder Teams To Download In EA College Football Pt.1,"Oct 6, 2024",1049,0:00:00
2022-11-17,9ITLicQfKaU,HBCU Teambuilder Teams To Download In EA College Football Pt.1,"Oct 6, 2024",1049,0:00:00
2022-11-18,9ITLicQfKaU,HBCU Teambuilder Teams To Download In EA College Football Pt.1,"Oct 6, 2024",1049,0:00:00
2022-11-19,9ITLicQfKaU,HBCU Teambuilder Teams To Download In EA College Football Pt.1,"Oct 6, 2024",1049,0:00:00
2022-11-20,9ITLicQfKaU,HBCU Teambuilder Teams To Download In EA College Football Pt.1,"Oct 6, 2024",1049,0:00:00
2022-11-21,9ITLicQfKaU,HBCU Teambuilder Teams To Download In EA College Football Pt.1,"Oct 6, 2024",1049,0:00:00
2022-11-22,9ITLicQfKaU,HBCU Teambuilder Teams To Download In EA College Football Pt.1,"Oct 6, 2024",1049,0:00:00
2022-11-23,9ITLicQfKaU,HBCU Teambuilder Teams To Download In EA College Football Pt.1,"Oct 6, 2024",1049,0:00:00
2022-11-24,9ITLicQfKaU,HBCU Teambuilder Teams To Download In EA College Football Pt.1,"Oct 6, 2024",1049,0:00:00
2022-11-25,9ITLicQfKaU,HBCU Teambuilder Teams To Download In EA College Football Pt.1,"Oct 6, 2024",1049,0:00:00
2022-11-26,9ITLicQfKaU,HBCU Teambuilder Teams To Download In EA College Football Pt.1,"Oct 6, 2024",1049,0:00:00
2022-11-27,9ITLicQfKaU,HBCU Teambuilder Teams To Download In EA College Football Pt.1,"Oct 6, 2024",1049,0:00:00
2022-11-28,9ITLicQfKaU,HBCU Teambuilder Teams To Download In EA College Football Pt.1,"Oct 6, 2024",1049,0:00:00
2022-11-29,9ITLicQfKaU,HBCU Teambuilder Teams To Download In EA College Football Pt.1,"Oct 6, 2024",1049,0:00:00
2022-11-30,9ITLicQfKaU,HBCU Teambuilder Teams To Download In EA College Football Pt.1,"Oct 6, 2024",1049,0:00:00
2022-12-01,9ITLicQfKaU,HBCU Teambuilder Teams To Download In EA College Football Pt.1,"Oct 6, 2024",1049,0:00:00
2022-12-02,9ITLicQfKaU,HBCU Teambuilder Teams To Download In EA College Football Pt.1,"Oct 6, 2024",1049,0:00:00
2022-12-03,9ITLicQfKaU,HBCU Teambuilder Teams To Download In EA College Football Pt.1,"Oct 6, 2024",1049,0:00:00
2022-12-04,9ITLicQfKaU,HBCU Teambuilder Teams To Download In EA College Football Pt.1,"Oct 6, 2024",1049,0:00:00
2022-12-05,9ITLicQfKaU,HBCU Teambuilder Teams To Download In EA College Football Pt.1,"Oct 6, 2024",1049,0:00:00
2022-12-06,9ITLicQfKaU,HBCU Teambuilder Teams To Download In EA College Football Pt.1,"Oct 6, 2024",1049,0:00:00
2022-12-07,9ITLicQfKaU,HBCU Teambuilder Teams To Download In EA College Football Pt.1,"Oct 6, 2024",1049,0:00:00
2022-12-08,9ITLicQfKaU,HBCU Teambuilder Teams To Download In EA College Football Pt.1,"Oct 6, 2024",1049,0:00:00
2022-12-09,9ITLicQfKaU,HBCU Teambuilder Teams To Download In EA College Football Pt.1,"Oct 6, 2024",1049,0:00:00
2022-12-10,9ITLicQfKaU,HBCU Teambuilder Teams To Download In EA College Football Pt.1,"Oct 6, 2024",1049,0:00:00
2022-12-11,9ITLicQfKaU,HBCU Teambuilder Teams To Download In EA College Football Pt.1,"Oct 6, 2024",1049,0:00:00
2022-12-12,9ITLicQfKaU,HBCU Teambuilder Teams To Download In EA College Football Pt.1,"Oct 6, 2024",1049,0:00:00
2022-12-13,9ITLicQfKaU,HBCU Teambuilder Teams To Download In EA College Football Pt.1,"Oct 6, 2024",1049,0:00:00
2022-12-14,9ITLicQfKaU,HBCU Teambuilder Teams To Download In EA College Football Pt.1,"Oct 6, 2024",1049,0:00:00
2022-12-15,9ITLicQfKaU,HBCU Teambuilder Teams To Download In EA College Football Pt.1,"Oct 6, 2024",1049,0:00:00
2022-12-16,9ITLicQfKaU,HBCU Teambuilder Teams To Download In EA College Football Pt.1,"Oct 6, 2024",1049,0:00:00
2022-12-17,9ITLicQfKaU,HBCU Teambuilder Teams To Download In EA College Football Pt.1,"Oct 6, 2024",1049,0:00:00
2022-12-18,9ITLicQfKaU,HBCU Teambuilder Teams To Download In EA College Football Pt.1,"Oct 6, 2024",1049,0:00:00
2022-12-19,9ITLicQfKaU,HBCU Teambuilder Teams To Download In EA College Football Pt.1,"Oct 6, 2024",1049,0:00:00
2022-12-20,9ITLicQfKaU,HBCU Teambuilder Teams To Download In EA College Football Pt.1,"Oct 6, 2024",1049,0:00:00
2022-12-21,9ITLicQfKaU,HBCU Teambuilder Teams To Download In EA College Football Pt.1,"Oct 6, 2024",1049,0:00:00
2022-12-22,9ITLicQfKaU,HBCU Teambuilder Teams To Download In EA College Football Pt.1,"Oct 6, 2024",1049,0:00:00
2022-12-23,9ITLicQfKaU,HBCU Teambuilder Teams To Download In EA College Football Pt.1,"Oct 6, 2024",1049,0:00:00
2022-12-24,9ITLicQfKaU,HBCU Teambuilder Teams To Download In EA College Football Pt.1,"Oct 6, 2024",1049,0:00:00
2022-12-25,9ITLicQfKaU,HBCU Teambuilder Teams To Download In EA College Football Pt.1,"Oct 6, 2024",1049,0:00:00
2022-12-26,9ITLicQfKaU,HBCU Teambuilder Teams To Download In EA College Football Pt.1,"Oct 6, 2024",1049,0:00:00
2022-12-27,9ITLicQfKaU,HBCU Teambuilder Teams To Download In EA College Football Pt.1,"Oct 6, 2024",1049,0:00:00
2022-12-28,9ITLicQfKaU,HBCU Teambuilder Teams To Download In EA College Football Pt.1,"Oct 6, 2024",1049,0:00:00
2022-12-29,9ITLicQfKaU,HBCU Teambuilder Teams To Download In EA College Football Pt.1,"Oct 6, 2024",1049,0:00:00
2022-12-30,9ITLicQfKaU,HBCU Teambuilder Teams To Download In EA College Football Pt.1,"Oct 6, 2024",1049,0:00:00
2022-12-31,9ITLicQfKaU,HBCU Teambuilder Teams To Download In EA College Football Pt.1,"Oct 6, 2024",1049,0:00:00
2023-01-01,9ITLicQfKaU,HBCU Teambuilder Teams To Download In EA College Football Pt.1,"Oct 6, 2024",1049,0:00:00
2023-01-02,9ITLicQfKaU,HBCU Teambuilder Teams To Download In EA College Football Pt.1,"Oct 6, 2024",1049,0:00:00
2023-01-03,9ITLicQfKaU,HBCU Teambuilder Teams To Download In EA College Football Pt.1,"Oct 6, 2024",1049,0:00:00
2023-01-04,9ITLicQfKaU,HBCU Teambuilder Teams To Download In EA College Football Pt.1,"Oct 6, 2024",1049,0:00:00
2023-01-05,9ITLicQfKaU,HBCU Teambuilder Teams To Download In EA College Football Pt.1,"Oct 6, 2024",1049,0:00:00
2023-01-06,9ITLicQfKaU,HBCU Teambuilder Teams To Download In EA College Football Pt.1,"Oct 6, 2024",1049,0:00:00
2023-01-07,9ITLicQfKaU,HBCU Teambuilder Teams To Download In EA College Football Pt.1,"Oct 6, 2024",1049,0:00:00
2023-01-08,9ITLicQfKaU,HBCU Teambuilder Teams To Download In EA College Football Pt.1,"Oct 6, 2024",1049,0:00:00
2023-01-09,9ITLicQfKaU,HBCU Teambuilder Teams To Download In EA College Football Pt.1,"Oct 6, 2024",1049,0:00:00
2023-01-10,9ITLicQfKaU,HBCU Teambuilder Teams To Download In EA College Football Pt.1,"Oct 6, 2024",1049,0:00:00
2023-01-11,9ITLicQfKaU,HBCU Teambuilder Teams To Download In EA College Football Pt.1,"Oct 6, 2024",1049,0:00:00
2023-01-12,9ITLicQfKaU,HBCU Teambuilder Teams To Download In EA College Football Pt.1,"Oct 6, 2024",1049,0:00:00
2023-01-13,9ITLicQfKaU,HBCU Teambuilder Teams To Download In EA College Football Pt.1,"Oct 6, 2024",1049,0:00:00
2023-01-14,9ITLicQfKaU,HBCU Teambuilder Teams To Download In EA College Football Pt.1,"Oct 6, 2024",1049,0:00:00
2023-01-15,9ITLicQfKaU,HBCU Teambuilder Teams To Download In EA College Football Pt.1,"Oct 6, 2024",1049,0:00:00
2023-01-16,9ITLicQfKaU,HBCU Teambuilder Teams To Download In EA College Football Pt.1,"Oct 6, 2024",1049,0:00:00
2023-01-17,9ITLicQfKaU,HBCU Teambuilder Teams To Download In EA College Football Pt.1,"Oct 6, 2024",1049,0:00:00
2023-01-18,9ITLicQfKaU,HBCU Teambuilder Teams To Download In EA College Football Pt.1,"Oct 6, 2024",1049,0:00:00
2023-01-19,9ITLicQfKaU,HBCU Teambuilder Teams To Download In EA College Football Pt.1,"Oct 6, 2024",1049,0:00:00
2023-01-20,9ITLicQfKaU,HBCU Teambuilder Teams To Download In EA College Football Pt.1,"Oct 6, 2024",1049,0:00:00
2023-01-21,9ITLicQfKaU,HBCU Teambuilder Teams To Download In EA College Football Pt.1,"Oct 6, 2024",1049,0:00:00
2023-01-22,9ITLicQfKaU,HBCU Teambuilder Teams To Download In EA College Football Pt.1,"Oct 6, 2024",1049,0:00:00
2023-01-23,9ITLicQfKaU,HBCU Teambuilder Teams To Download In EA College Football Pt.1,"Oct 6, 2024",1049,0:00:00
2023-01-24,9ITLicQfKaU,HBCU Teambuilder Teams To Download In EA College Football Pt.1,"Oct 6, 2024",1049,0:00:00
2023-01-25,9ITLicQfKaU,HBCU Teambuilder Teams To Download In EA College Football Pt.1,"Oct 6, 2024",1049,0:00:00
2023-01-26,9ITLicQfKaU,HBCU Teambuilder Teams To Download In EA College Football Pt.1,"Oct 6, 2024",1049,0:00:00
2023-01-27,9ITLicQfKaU,HBCU Teambuilder Teams To Download In EA College Football Pt.1,"Oct 6, 2024",1049,0:00:00
2023-01-28,9ITLicQfKaU,HBCU Teambuilder Teams To Download In EA College Football Pt.1,"Oct 6, 2024",1049,0:00:00
2023-01-29,9ITLicQfKaU,HBCU Teambuilder Teams To Download In EA College Football Pt.1,"Oct 6, 2024",1049,0:00:00
2023-01-30,9ITLicQfKaU,HBCU Teambuilder Teams To Download In EA College Football Pt.1,"Oct 6, 2024",1049,0:00:00
2023-01-31,9ITLicQfKaU,HBCU Teambuilder Teams To Download In EA College Football Pt.1,"Oct 6, 2024",1049,0:00:00
2023-02-01,9ITLicQfKaU,HBCU Teambuilder Teams To Download In EA College Football Pt.1,"Oct 6, 2024",1049,0:00:00
2023-02-02,9ITLicQfKaU,HBCU Teambuilder Teams To Download In EA College Football Pt.1,"Oct 6, 2024",1049,0:00:00
2023-02-03,9ITLicQfKaU,HBCU Teambuilder Teams To Download In EA College Football Pt.1,"Oct 6, 2024",1049,0:00:00
2023-02-04,9ITLicQfKaU,HBCU Teambuilder Teams To Download In EA College Football Pt.1,"Oct 6, 2024",1049,0:00:00
2023-02-05,9ITLicQfKaU,HBCU Teambuilder Teams To Download In EA College Football Pt.1,"Oct 6, 2024",1049,0:00:00
2023-02-06,9ITLicQfKaU,HBCU Teambuilder Teams To Download In EA College Football Pt.1,"Oct 6, 2024",1049,0:00:00
2023-02-07,9ITLicQfKaU,HBCU Teambuilder Teams To Download In EA College Football Pt.1,"Oct 6, 2024",1049,0:00:00
2023-02-08,9ITLicQfKaU,HBCU Teambuilder Teams To Download In EA College Football Pt.1,"Oct 6, 2024",1049,0:00:00
2023-02-09,9ITLicQfKaU,HBCU Teambuilder Teams To Download In EA College Football Pt.1,"Oct 6, 2024",1049,0:00:00
2023-02-10,9ITLicQfKaU,HBCU Teambuilder Teams To Download In EA College Football Pt.1,"Oct 6, 2024",1049,0:00:00
2023-02-11,9ITLicQfKaU,HBCU Teambuilder Teams To Download In EA College Football Pt.1,"Oct 6, 2024",1049,0:00:00
2023-02-12,9ITLicQfKaU,HBCU Teambuilder Teams To Download In EA College Football Pt.1,"Oct 6, 2024",1049,0:00:00
2023-02-13,9ITLicQfKaU,HBCU Teambuilder Teams To Download In EA College Football Pt.1,"Oct 6, 2024",1049,0:00:00
2023-02-14,9ITLicQfKaU,HBCU Teambuilder Teams To Download In EA College Football Pt.1,"Oct 6, 2024",1049,0:00:00
2023-02-15,9ITLicQfKaU,HBCU Teambuilder Teams To Download In EA College Football Pt.1,"Oct 6, 2024",1049,0:00:00
2023-02-16,9ITLicQfKaU,HBCU Teambuilder Teams To Download In EA College Football Pt.1,"Oct 6, 2024",1049,0:00:00
2023-02-17,9ITLicQfKaU,HBCU Teambuilder Teams To Download In EA College Football Pt.1,"Oct 6, 2024",1049,0:00:00
2023-02-18,9ITLicQfKaU,HBCU Teambuilder Teams To Download In EA College Football Pt.1,"Oct 6, 2024",1049,0:00:00
2023-02-19,9ITLicQfKaU,HBCU Teambuilder Teams To Download In EA College Football Pt.1,"Oct 6, 2024",1049,0:00:00
2023-02-20,9ITLicQfKaU,HBCU Teambuilder Teams To Download In EA College Football Pt.1,"Oct 6, 2024",1049,0:00:00
2023-02-21,9ITLicQfKaU,HBCU Teambuilder Teams To Download In EA College Football Pt.1,"Oct 6, 2024",1049,0:00:00
2023-02-22,9ITLicQfKaU,HBCU Teambuilder Teams To Download In EA College Football Pt.1,"Oct 6, 2024",1049,0:00:00
2023-02-23,9ITLicQfKaU,HBCU Teambuilder Teams To Download In EA College Football Pt.1,"Oct 6, 2024",1049,0:00:00
2023-02-24,9ITLicQfKaU,HBCU Teambuilder Teams To Download In EA College Football Pt.1,"Oct 6, 2024",1049,0:00:00
2023-02-25,9ITLicQfKaU,HBCU Teambuilder Teams To Download In EA College Football Pt.1,"Oct 6, 2024",1049,0:00:00
2023-02-26,9ITLicQfKaU,HBCU Teambuilder Teams To Download In EA College Football Pt.1,"Oct 6, 2024",1049,0:00:00
2023-02-27,9ITLicQfKaU,HBCU Teambuilder Teams To Download In EA College Football Pt.1,"Oct 6, 2024",1049,0:00:00
2023-02-28,9ITLicQfKaU,HBCU Teambuilder Teams To Download In EA College Football Pt.1,"Oct 6, 2024",1049,0:00:00
2023-03-01,9ITLicQfKaU,HBCU Teambuilder Teams To Download In EA College Football Pt.1,"Oct 6, 2024",1049,0:00:00
2023-03-02,9ITLicQfKaU,HBCU Teambuilder Teams To Download In EA College Football Pt.1,"Oct 6, 2024",1049,0:00:00
2023-03-03,9ITLicQfKaU,HBCU Teambuilder Teams To Download In EA College Football Pt.1,"Oct 6, 2024",1049,0:00:00
2023-03-04,9ITLicQfKaU,HBCU Teambuilder Teams To Download In EA College Football Pt.1,"Oct 6, 2024",1049,0:00:00
2023-03-05,9ITLicQfKaU,HBCU Teambuilder Teams To Download In EA College Football Pt.1,"Oct 6, 2024",1049,0:00:00
2023-03-06,9ITLicQfKaU,HBCU Teambuilder Teams To Download In EA College Football Pt.1,"Oct 6, 2024",1049,0:00:00
2023-03-07,9ITLicQfKaU,HBCU Teambuilder Teams To Download In EA College Football Pt.1,"Oct 6, 2024",1049,0:00:00
2023-03-08,9ITLicQfKaU,HBCU Teambuilder Teams To Download In EA College Football Pt.1,"Oct 6, 2024",1049,0:00:00
2023-03-09,9ITLicQfKaU,HBCU Teambuilder Teams To Download In EA College Football Pt.1,"Oct 6, 2024",1049,0:00:00
2023-03-10,9ITLicQfKaU,HBCU Teambuilder Teams To Download In EA College Football Pt.1,"Oct 6, 2024",1049,0:00:00
2023-03-11,9ITLicQfKaU,HBCU Teambuilder Teams To Download In EA College Football Pt.1,"Oct 6, 2024",1049,0:00:00
2023-03-12,9ITLicQfKaU,HBCU Teambuilder Teams To Download In EA College Football Pt.1,"Oct 6, 2024",1049,0:00:00
2023-03-13,9ITLicQfKaU,HBCU Teambuilder Teams To Download In EA College Football Pt.1,"Oct 6, 2024",1049,0:00:00
2023-03-14,9ITLicQfKaU,HBCU Teambuilder Teams To Download In EA College Football Pt.1,"Oct 6, 2024",1049,0:00:00
2023-03-15,9ITLicQfKaU,HBCU Teambuilder Teams To Download In EA College Football Pt.1,"Oct 6, 2024",1049,0:00:00
2023-03-16,9ITLicQfKaU,HBCU Teambuilder Teams To Download In EA College Football Pt.1,"Oct 6, 2024",1049,0:00:00
2023-03-17,9ITLicQfKaU,HBCU Teambuilder Teams To Download In EA College Football Pt.1,"Oct 6, 2024",1049,0:00:00
2023-03-18,9ITLicQfKaU,HBCU Teambuilder Teams To Download In EA College Football Pt.1,"Oct 6, 2024",1049,0:00:00
2023-03-19,9ITLicQfKaU,HBCU Teambuilder Teams To Download In EA College Football Pt.1,"Oct 6, 2024",1049,0:00:00
2023-03-20,9ITLicQfKaU,HBCU Teambuilder Teams To Download In EA College Football Pt.1,"Oct 6, 2024",1049,0:00:00
2023-03-21,9ITLicQfKaU,HBCU Teambuilder Teams To Download In EA College Football Pt.1,"Oct 6, 2024",1049,0:00:00
2023-03-22,9ITLicQfKaU,HBCU Teambuilder Teams To Download In EA College Football Pt.1,"Oct 6, 2024",1049,0:00:00
2023-03-23,9ITLicQfKaU,HBCU Teambuilder Teams To Download In EA College Football Pt.1,"Oct 6, 2024",1049,0:00:00
2023-03-24,9ITLicQfKaU,HBCU Teambuilder Teams To Download In EA College Football Pt.1,"Oct 6, 2024",1049,0:00:00
2023-03-25,9ITLicQfKaU,HBCU Teambuilder Teams To Download In EA College Football Pt.1,"Oct 6, 2024",1049,0:00:00
2023-03-26,9ITLicQfKaU,HBCU Teambuilder Teams To Download In EA College Football Pt.1,"Oct 6, 2024",1049,0:00:00
2023-03-27,9ITLicQfKaU,HBCU Teambuilder Teams To Download In EA College Football Pt.1,"Oct 6, 2024",1049,0:00:00
2023-03-28,9ITLicQfKaU,HBCU Teambuilder Teams To Download In EA College Football Pt.1,"Oct 6, 2024",1049,0:00:00
2023-03-29,9ITLicQfKaU,HBCU Teambuilder Teams To Download In EA College Football Pt.1,"Oct 6, 2024",1049,0:00:00
2023-03-30,9ITLicQfKaU,HBCU Teambuilder Teams To Download In EA College Football Pt.1,"Oct 6, 2024",1049,0:00:00
2023-03-31,9ITLicQfKaU,HBCU Teambuilder Teams To Download In EA College Football Pt.1,"Oct 6, 2024",1049,0:00:00
2023-04-01,9ITLicQfKaU,HBCU Teambuilder Teams To Download In EA College Football Pt.1,"Oct 6, 2024",1049,0:00:00
2023-04-02,9ITLicQfKaU,HBCU Teambuilder Teams To Download In EA College Football Pt.1,"Oct 6, 2024",1049,0:00:00
2023-04-03,9ITLicQfKaU,HBCU Teambuilder Teams To Download In EA College Football Pt.1,"Oct 6, 2024",1049,0:00:00
2023-04-04,9ITLicQfKaU,HBCU Teambuilder Teams To Download In EA College Football Pt.1,"Oct 6, 2024",1049,0:00:00
2023-04-05,9ITLicQfKaU,HBCU Teambuilder Teams To Download In EA College Football Pt.1,"Oct 6, 2024",1049,0:00:00
2023-04-06,9ITLicQfKaU,HBCU Teambuilder Teams To Download In EA College Football Pt.1,"Oct 6, 2024",1049,0:00:00
2023-04-07,9ITLicQfKaU,HBCU Teambuilder Teams To Download In EA College Football Pt.1,"Oct 6, 2024",1049,0:00:00
2023-04-08,9ITLicQfKaU,HBCU Teambuilder Teams To Download In EA College Football Pt.1,"Oct 6, 2024",1049,0:00:00
2023-04-09,9ITLicQfKaU,HBCU Teambuilder Teams To Download In EA College Football Pt.1,"Oct 6, 2024",1049,0:00:00
2023-04-10,9ITLicQfKaU,HBCU Teambuilder Teams To Download In EA College Football Pt.1,"Oct 6, 2024",1049,0:00:00
2023-04-11,9ITLicQfKaU,HBCU Teambuilder Teams To Download In EA College Football Pt.1,"Oct 6, 2024",1049,0:00:00
2023-04-12,9ITLicQfKaU,HBCU Teambuilder Teams To Download In EA College Football Pt.1,"Oct 6, 2024",1049,0:00:00
2023-04-13,9ITLicQfKaU,HBCU Teambuilder Teams To Download In EA College Football Pt.1,"Oct 6, 2024",1049,0:00:00
2023-04-14,9ITLicQfKaU,HBCU Teambuilder Teams To Download In EA College Football Pt.1,"Oct 6, 2024",1049,0:00:00
2023-04-15,9ITLicQfKaU,HBCU Teambuilder Teams To Download In EA College Football Pt.1,"Oct 6, 2024",1049,0:00:00
2023-04-16,9ITLicQfKaU,HBCU Teambuilder Teams To Download In EA College Football Pt.1,"Oct 6, 2024",1049,0:00:00
2023-04-17,9ITLicQfKaU,HBCU Teambuilder Teams To Download In EA College Football Pt.1,"Oct 6, 2024",1049,0:00:00
2023-04-18,9ITLicQfKaU,HBCU Teambuilder Teams To Download In EA College Football Pt.1,"Oct 6, 2024",1049,0:00:00
2023-04-19,9ITLicQfKaU,HBCU Teambuilder Teams To Download In EA College Football Pt.1,"Oct 6, 2024",1049,0:00:00
2023-04-20,9ITLicQfKaU,HBCU Teambuilder Teams To Download In EA College Football Pt.1,"Oct 6, 2024",1049,0:00:00
2023-04-21,9ITLicQfKaU,HBCU Teambuilder Teams To Download In EA College Football Pt.1,"Oct 6, 2024",1049,0:00:00
2023-04-22,9ITLicQfKaU,HBCU Teambuilder Teams To Download In EA College Football Pt.1,"Oct 6, 2024",1049,0:00:00
2023-04-23,9ITLicQfKaU,HBCU Teambuilder Teams To Download In EA College Football Pt.1,"Oct 6, 2024",1049,0:00:00
2023-04-24,9ITLicQfKaU,HBCU Teambuilder Teams To Download In EA College Football Pt.1,"Oct 6, 2024",1049,0:00:00
2023-04-25,9ITLicQfKaU,HBCU Teambuilder Teams To Download In EA College Football Pt.1,"Oct 6, 2024",1049,0:00:00
2023-04-26,9ITLicQfKaU,HBCU Teambuilder Teams To Download In EA College Football Pt.1,"Oct 6, 2024",1049,0:00:00
2023-04-27,9ITLicQfKaU,HBCU Teambuilder Teams To Download In EA College Football Pt.1,"Oct 6, 2024",1049,0:00:00
2023-04-28,9ITLicQfKaU,HBCU Teambuilder Teams To Download In EA College Football Pt.1,"Oct 6, 2024",1049,0:00:00
2023-04-29,9ITLicQfKaU,HBCU Teambuilder Teams To Download In EA College Football Pt.1,"Oct 6, 2024",1049,0:00:00
2023-04-30,9ITLicQfKaU,HBCU Teambuilder Teams To Download In EA College Football Pt.1,"Oct 6, 2024",1049,0:00:00
2023-05-01,9ITLicQfKaU,HBCU Teambuilder Teams To Download In EA College Football Pt.1,"Oct 6, 2024",1049,0:00:00
2023-05-02,9ITLicQfKaU,HBCU Teambuilder Teams To Download In EA College Football Pt.1,"Oct 6, 2024",1049,0:00:00
2023-05-03,9ITLicQfKaU,HBCU Teambuilder Teams To Download In EA College Football Pt.1,"Oct 6, 2024",1049,0:00:00
2023-05-04,9ITLicQfKaU,HBCU Teambuilder Teams To Download In EA College Football Pt.1,"Oct 6, 2024",1049,0:00:00
2023-05-05,9ITLicQfKaU,HBCU Teambuilder Teams To Download In EA College Football Pt.1,"Oct 6, 2024",1049,0:00:00
2023-05-06,9ITLicQfKaU,HBCU Teambuilder Teams To Download In EA College Football Pt.1,"Oct 6, 2024",1049,0:00:00
2023-05-07,9ITLicQfKaU,HBCU Teambuilder Teams To Download In EA College Football Pt.1,"Oct 6, 2024",1049,0:00:00
2023-05-08,9ITLicQfKaU,HBCU Teambuilder Teams To Download In EA College Football Pt.1,"Oct 6, 2024",1049,0:00:00
2023-05-09,9ITLicQfKaU,HBCU Teambuilder Teams To Download In EA College Football Pt.1,"Oct 6, 2024",1049,0:00:00
2023-05-10,9ITLicQfKaU,HBCU Teambuilder Teams To Download In EA College Football Pt.1,"Oct 6, 2024",1049,0:00:00
2023-05-11,9ITLicQfKaU,HBCU Teambuilder Teams To Download In EA College Football Pt.1,"Oct 6, 2024",1049,0:00:00
2023-05-12,9ITLicQfKaU,HBCU Teambuilder Teams To Download In EA College Football Pt.1,"Oct 6, 2024",1049,0:00:00
2023-05-13,9ITLicQfKaU,HBCU Teambuilder Teams To Download In EA College Football Pt.1,"Oct 6, 2024",1049,0:00:00
2023-05-14,9ITLicQfKaU,HBCU Teambuilder Teams To Download In EA College Football Pt.1,"Oct 6, 2024",1049,0:00:00
2023-05-15,9ITLicQfKaU,HBCU Teambuilder Teams To Download In EA College Football Pt.1,"Oct 6, 2024",1049,0:00:00
2023-05-16,9ITLicQfKaU,HBCU Teambuilder Teams To Download In EA College Football Pt.1,"Oct 6, 2024",1049,0:00:00
2023-05-17,9ITLicQfKaU,HBCU Teambuilder Teams To Download In EA College Football Pt.1,"Oct 6, 2024",1049,0:00:00
2023-05-18,9ITLicQfKaU,HBCU Teambuilder Teams To Download In EA College Football Pt.1,"Oct 6, 2024",1049,0:00:00
2023-05-19,9ITLicQfKaU,HBCU Teambuilder Teams To Download In EA College Football Pt.1,"Oct 6, 2024",1049,0:00:00
2023-05-20,9ITLicQfKaU,HBCU Teambuilder Teams To Download In EA College Football Pt.1,"Oct 6, 2024",1049,0:00:00
2023-05-21,9ITLicQfKaU,HBCU Teambuilder Teams To Download In EA College Football Pt.1,"Oct 6, 2024",1049,0:00:00
2023-05-22,9ITLicQfKaU,HBCU Teambuilder Teams To Download In EA College Football Pt.1,"Oct 6, 2024",1049,0:00:00
2023-05-23,9ITLicQfKaU,HBCU Teambuilder Teams To Download In EA College Football Pt.1,"Oct 6, 2024",1049,0:00:00
2023-05-24,9ITLicQfKaU,HBCU Teambuilder Teams To Download In EA College Football Pt.1,"Oct 6, 2024",1049,0:00:00
2023-05-25,9ITLicQfKaU,HBCU Teambuilder Teams To Download In EA College Football Pt.1,"Oct 6, 2024",1049,0:00:00
2023-05-26,9ITLicQfKaU,HBCU Teambuilder Teams To Download In EA College Football Pt.1,"Oct 6, 2024",1049,0:00:00
2023-05-27,9ITLicQfKaU,HBCU Teambuilder Teams To Download In EA College Football Pt.1,"Oct 6, 2024",1049,0:00:00
2023-05-28,9ITLicQfKaU,HBCU Teambuilder Teams To Download In EA College Football Pt.1,"Oct 6, 2024",1049,0:00:00
2023-05-29,9ITLicQfKaU,HBCU Teambuilder Teams To Download In EA College Football Pt.1,"Oct 6, 2024",1049,0:00:00
2023-05-30,9ITLicQfKaU,HBCU Teambuilder Teams To Download In EA College Football Pt.1,"Oct 6, 2024",1049,0:00:00
2023-05-31,9ITLicQfKaU,HBCU Teambuilder Teams To Download In EA College Football Pt.1,"Oct 6, 2024",1049,0:00:00
2023-06-01,9ITLicQfKaU,HBCU Teambuilder Teams To Download In EA College Football Pt.1,"Oct 6, 2024",1049,0:00:00
2023-06-02,9ITLicQfKaU,HBCU Teambuilder Teams To Download In EA College Football Pt.1,"Oct 6, 2024",1049,0:00:00
2023-06-03,9ITLicQfKaU,HBCU Teambuilder Teams To Download In EA College Football Pt.1,"Oct 6, 2024",1049,0:00:00
2023-06-04,9ITLicQfKaU,HBCU Teambuilder Teams To Download In EA College Football Pt.1,"Oct 6, 2024",1049,0:00:00
2023-06-05,9ITLicQfKaU,HBCU Teambuilder Teams To Download In EA College Football Pt.1,"Oct 6, 2024",1049,0:00:00
2023-06-06,9ITLicQfKaU,HBCU Teambuilder Teams To Download In EA College Football Pt.1,"Oct 6, 2024",1049,0:00:00
2023-06-07,9ITLicQfKaU,HBCU Teambuilder Teams To Download In EA College Football Pt.1,"Oct 6, 2024",1049,0:00:00
2023-06-08,9ITLicQfKaU,HBCU Teambuilder Teams To Download In EA College Football Pt.1,"Oct 6, 2024",1049,0:00:00
2023-06-09,9ITLicQfKaU,HBCU Teambuilder Teams To Download In EA College Football Pt.1,"Oct 6, 2024",1049,0:00:00
2023-06-10,9ITLicQfKaU,HBCU Teambuilder Teams To Download In EA College Football Pt.1,"Oct 6, 2024",1049,0:00:00
2023-06-11,9ITLicQfKaU,HBCU Teambuilder Teams To Download In EA College Football Pt.1,"Oct 6, 2024",1049,0:00:00
2023-06-12,9ITLicQfKaU,HBCU Teambuilder Teams To Download In EA College Football Pt.1,"Oct 6, 2024",1049,0:00:00
2023-06-13,9ITLicQfKaU,HBCU Teambuilder Teams To Download In EA College Football Pt.1,"Oct 6, 2024",1049,0:00:00
2023-06-14,9ITLicQfKaU,HBCU Teambuilder Teams To Download In EA College Football Pt.1,"Oct 6, 2024",1049,0:00:00
2023-06-15,9ITLicQfKaU,HBCU Teambuilder Teams To Download In EA College Football Pt.1,"Oct 6, 2024",1049,0:00:00
2023-06-16,9ITLicQfKaU,HBCU Teambuilder Teams To Download In EA College Football Pt.1,"Oct 6, 2024",1049,0:00:00
2023-06-17,9ITLicQfKaU,HBCU Teambuilder Teams To Download In EA College Football Pt.1,"Oct 6, 2024",1049,0:00:00
2023-06-18,9ITLicQfKaU,HBCU Teambuilder Teams To Download In EA College Football Pt.1,"Oct 6, 2024",1049,0:00:00
2023-06-19,9ITLicQfKaU,HBCU Teambuilder Teams To Download In EA College Football Pt.1,"Oct 6, 2024",1049,0:00:00
2023-06-20,9ITLicQfKaU,HBCU Teambuilder Teams To Download In EA College Football Pt.1,"Oct 6, 2024",1049,0:00:00
2023-06-21,9ITLicQfKaU,HBCU Teambuilder Teams To Download In EA College Football Pt.1,"Oct 6, 2024",1049,0:00:00
2023-06-22,9ITLicQfKaU,HBCU Teambuilder Teams To Download In EA College Football Pt.1,"Oct 6, 2024",1049,0:00:00
2023-06-23,9ITLicQfKaU,HBCU Teambuilder Teams To Download In EA College Football Pt.1,"Oct 6, 2024",1049,0:00:00
2023-06-24,9ITLicQfKaU,HBCU Teambuilder Teams To Download In EA College Football Pt.1,"Oct 6, 2024",1049,0:00:00
2023-06-25,9ITLicQfKaU,HBCU Teambuilder Teams To Download In EA College Football Pt.1,"Oct 6, 2024",1049,0:00:00
2023-06-26,9ITLicQfKaU,HBCU Teambuilder Teams To Download In EA College Football Pt.1,"Oct 6, 2024",1049,0:00:00
2023-06-27,9ITLicQfKaU,HBCU Teambuilder Teams To Download In EA College Football Pt.1,"Oct 6, 2024",1049,0:00:00
2023-06-28,9ITLicQfKaU,HBCU Teambuilder Teams To Download In EA College Football Pt.1,"Oct 6, 2024",1049,0:00:00
2023-06-29,9ITLicQfKaU,HBCU Teambuilder Teams To Download In EA College Football Pt.1,"Oct 6, 2024",1049,0:00:00
2023-06-30,9ITLicQfKaU,HBCU Teambuilder Teams To Download In EA College Football Pt.1,"Oct 6, 2024",1049,0:00:00
2023-07-01,9ITLicQfKaU,HBCU Teambuilder Teams To Download In EA College Football Pt.1,"Oct 6, 2024",1049,0:00:00
2023-07-02,9ITLicQfKaU,HBCU Teambuilder Teams To Download In EA College Football Pt.1,"Oct 6, 2024",1049,0:00:00
2023-07-03,9ITLicQfKaU,HBCU Teambuilder Teams To Download In EA College Football Pt.1,"Oct 6, 2024",1049,0:00:00
2023-07-04,9ITLicQfKaU,HBCU Teambuilder Teams To Download In EA College Football Pt.1,"Oct 6, 2024",1049,0:00:00
2023-07-05,9ITLicQfKaU,HBCU Teambuilder Teams To Download In EA College Football Pt.1,"Oct 6, 2024",1049,0:00:00
2023-07-06,9ITLicQfKaU,HBCU Teambuilder Teams To Download In EA College Football Pt.1,"Oct 6, 2024",1049,0:00:00
2023-07-07,9ITLicQfKaU,HBCU Teambuilder Teams To Download In EA College Football Pt.1,"Oct 6, 2024",1049,0:00:00
2023-07-08,9ITLicQfKaU,HBCU Teambuilder Teams To Download In EA College Football Pt.1,"Oct 6, 2024",1049,0:00:00
2023-07-09,9ITLicQfKaU,HBCU Teambuilder Teams To Download In EA College Football Pt.1,"Oct 6, 2024",1049,0:00:00
2023-07-10,9ITLicQfKaU,HBCU Teambuilder Teams To Download In EA College Football Pt.1,"Oct 6, 2024",1049,0:00:00
2023-07-11,9ITLicQfKaU,HBCU Teambuilder Teams To Download In EA College Football Pt.1,"Oct 6, 2024",1049,0:00:00
2023-07-12,9ITLicQfKaU,HBCU Teambuilder Teams To Download In EA College Football Pt.1,"Oct 6, 2024",1049,0:00:00
2023-07-13,9ITLicQfKaU,HBCU Teambuilder Teams To Download In EA College Football Pt.1,"Oct 6, 2024",1049,0:00:00
2023-07-14,9ITLicQfKaU,HBCU Teambuilder Teams To Download In EA College Football Pt.1,"Oct 6, 2024",1049,0:00:00
2023-07-15,9ITLicQfKaU,HBCU Teambuilder Teams To Download In EA College Football Pt.1,"Oct 6, 2024",1049,0:00:00
2023-07-16,9ITLicQfKaU,HBCU Teambuilder Teams To Download In EA College Football Pt.1,"Oct 6, 2024",1049,0:00:00
2023-07-17,9ITLicQfKaU,HBCU Teambuilder Teams To Download In EA College Football Pt.1,"Oct 6, 2024",1049,0:00:00
2023-07-18,9ITLicQfKaU,HBCU Teambuilder Teams To Download In EA College Football Pt.1,"Oct 6, 2024",1049,0:00:00
2023-07-19,9ITLicQfKaU,HBCU Teambuilder Teams To Download In EA College Football Pt.1,"Oct 6, 2024",1049,0:00:00
2023-07-20,9ITLicQfKaU,HBCU Teambuilder Teams To Download In EA College Football Pt.1,"Oct 6, 2024",1049,0:00:00
2023-07-21,9ITLicQfKaU,HBCU Teambuilder Teams To Download In EA College Football Pt.1,"Oct 6, 2024",1049,0:00:00
2023-07-22,9ITLicQfKaU,HBCU Teambuilder Teams To Download In EA College Football Pt.1,"Oct 6, 2024",1049,0:00:00
2023-07-23,9ITLicQfKaU,HBCU Teambuilder Teams To Download In EA College Football Pt.1,"Oct 6, 2024",1049,0:00:00
2023-07-24,9ITLicQfKaU,HBCU Teambuilder Teams To Download In EA College Football Pt.1,"Oct 6, 2024",1049,0:00:00
2023-07-25,9ITLicQfKaU,HBCU Teambuilder Teams To Download In EA College Football Pt.1,"Oct 6, 2024",1049,0:00:00
2023-07-26,9ITLicQfKaU,HBCU Teambuilder Teams To Download In EA College Football Pt.1,"Oct 6, 2024",1049,0:00:00
2023-07-27,9ITLicQfKaU,HBCU Teambuilder Teams To Download In EA College Football Pt.1,"Oct 6, 2024",1049,0:00:00
2023-07-28,9ITLicQfKaU,HBCU Teambuilder Teams To Download In EA College Football Pt.1,"Oct 6, 2024",1049,0:00:00
2023-07-29,9ITLicQfKaU,HBCU Teambuilder Teams To Download In EA College Football Pt.1,"Oct 6, 2024",1049,0:00:00
2023-07-30,9ITLicQfKaU,HBCU Teambuilder Teams To Download In EA College Football Pt.1,"Oct 6, 2024",1049,0:00:00
2023-07-31,9ITLicQfKaU,HBCU Teambuilder Teams To Download In EA College Football Pt.1,"Oct 6, 2024",1049,0:00:00
2023-08-01,9ITLicQfKaU,HBCU Teambuilder Teams To Download In EA College Football Pt.1,"Oct 6, 2024",1049,0:00:00
2023-08-02,9ITLicQfKaU,HBCU Teambuilder Teams To Download In EA College Football Pt.1,"Oct 6, 2024",1049,0:00:00
2023-08-03,9ITLicQfKaU,HBCU Teambuilder Teams To Download In EA College Football Pt.1,"Oct 6, 2024",1049,0:00:00
2023-08-04,9ITLicQfKaU,HBCU Teambuilder Teams To Download In EA College Football Pt.1,"Oct 6, 2024",1049,0:00:00
2023-08-05,9ITLicQfKaU,HBCU Teambuilder Teams To Download In EA College Football Pt.1,"Oct 6, 2024",1049,0:00:00
2023-08-06,9ITLicQfKaU,HBCU Teambuilder Teams To Download In EA College Football Pt.1,"Oct 6, 2024",1049,0:00:00
2023-08-07,9ITLicQfKaU,HBCU Teambuilder Teams To Download In EA College Football Pt.1,"Oct 6, 2024",1049,0:00:00
2023-08-08,9ITLicQfKaU,HBCU Teambuilder Teams To Download In EA College Football Pt.1,"Oct 6, 2024",1049,0:00:00
2023-08-09,9ITLicQfKaU,HBCU Teambuilder Teams To Download In EA College Football Pt.1,"Oct 6, 2024",1049,0:00:00
2023-08-10,9ITLicQfKaU,HBCU Teambuilder Teams To Download In EA College Football Pt.1,"Oct 6, 2024",1049,0:00:00
2023-08-11,9ITLicQfKaU,HBCU Teambuilder Teams To Download In EA College Football Pt.1,"Oct 6, 2024",1049,0:00:00
2023-08-12,9ITLicQfKaU,HBCU Teambuilder Teams To Download In EA College Football Pt.1,"Oct 6, 2024",1049,0:00:00
2023-08-13,9ITLicQfKaU,HBCU Teambuilder Teams To Download In EA College Football Pt.1,"Oct 6, 2024",1049,0:00:00
2023-08-14,9ITLicQfKaU,HBCU Teambuilder Teams To Download In EA College Football Pt.1,"Oct 6, 2024",1049,0:00:00
2023-08-15,9ITLicQfKaU,HBCU Teambuilder Teams To Download In EA College Football Pt.1,"Oct 6, 2024",1049,0:00:00
2023-08-16,9ITLicQfKaU,HBCU Teambuilder Teams To Download In EA College Football Pt.1,"Oct 6, 2024",1049,0:00:00
2023-08-17,9ITLicQfKaU,HBCU Teambuilder Teams To Download In EA College Football Pt.1,"Oct 6, 2024",1049,0:00:00
2023-08-18,9ITLicQfKaU,HBCU Teambuilder Teams To Download In EA College Football Pt.1,"Oct 6, 2024",1049,0:00:00
2023-08-19,9ITLicQfKaU,HBCU Teambuilder Teams To Download In EA College Football Pt.1,"Oct 6, 2024",1049,0:00:00
2023-08-20,9ITLicQfKaU,HBCU Teambuilder Teams To Download In EA College Football Pt.1,"Oct 6, 2024",1049,0:00:00
2023-08-21,9ITLicQfKaU,HBCU Teambuilder Teams To Download In EA College Football Pt.1,"Oct 6, 2024",1049,0:00:00
2023-08-22,9ITLicQfKaU,HBCU Teambuilder Teams To Download In EA College Football Pt.1,"Oct 6, 2024",1049,0:00:00
2023-08-23,9ITLicQfKaU,HBCU Teambuilder Teams To Download In EA College Football Pt.1,"Oct 6, 2024",1049,0:00:00
2023-08-24,9ITLicQfKaU,HBCU Teambuilder Teams To Download In EA College Football Pt.1,"Oct 6, 2024",1049,0:00:00
2023-08-25,9ITLicQfKaU,HBCU Teambuilder Teams To Download In EA College Football Pt.1,"Oct 6, 2024",1049,0:00:00
2023-08-26,9ITLicQfKaU,HBCU Teambuilder Teams To Download In EA College Football Pt.1,"Oct 6, 2024",1049,0:00:00
2023-08-27,9ITLicQfKaU,HBCU Teambuilder Teams To Download In EA College Football Pt.1,"Oct 6, 2024",1049,0:00:00
2023-08-28,9ITLicQfKaU,HBCU Teambuilder Teams To Download In EA College Football Pt.1,"Oct 6, 2024",1049,0:00:00
2023-08-29,9ITLicQfKaU,HBCU Teambuilder Teams To Download In EA College Football Pt.1,"Oct 6, 2024",1049,0:00:00
2023-08-30,9ITLicQfKaU,HBCU Teambuilder Teams To Download In EA College Football Pt.1,"Oct 6, 2024",1049,0:00:00
2023-08-31,9ITLicQfKaU,HBCU Teambuilder Teams To Download In EA College Football Pt.1,"Oct 6, 2024",1049,0:00:00
2023-09-01,9ITLicQfKaU,HBCU Teambuilder Teams To Download In EA College Football Pt.1,"Oct 6, 2024",1049,0:00:00
2023-09-02,9ITLicQfKaU,HBCU Teambuilder Teams To Download In EA College Football Pt.1,"Oct 6, 2024",1049,0:00:00
2023-09-03,9ITLicQfKaU,HBCU Teambuilder Teams To Download In EA College Football Pt.1,"Oct 6, 2024",1049,0:00:00
2023-09-04,9ITLicQfKaU,HBCU Teambuilder Teams To Download In EA College Football Pt.1,"Oct 6, 2024",1049,0:00:00
2023-09-05,9ITLicQfKaU,HBCU Teambuilder Teams To Download In EA College Football Pt.1,"Oct 6, 2024",1049,0:00:00
2023-09-06,9ITLicQfKaU,HBCU Teambuilder Teams To Download In EA College Football Pt.1,"Oct 6, 2024",1049,0:00:00
2023-09-07,9ITLicQfKaU,HBCU Teambuilder Teams To Download In EA College Football Pt.1,"Oct 6, 2024",1049,0:00:00
2023-09-08,9ITLicQfKaU,HBCU Teambuilder Teams To Download In EA College Football Pt.1,"Oct 6, 2024",1049,0:00:00
2023-09-09,9ITLicQfKaU,HBCU Teambuilder Teams To Download In EA College Football Pt.1,"Oct 6, 2024",1049,0:00:00
2023-09-10,9ITLicQfKaU,HBCU Teambuilder Teams To Download In EA College Football Pt.1,"Oct 6, 2024",1049,0:00:00
2023-09-11,9ITLicQfKaU,HBCU Teambuilder Teams To Download In EA College Football Pt.1,"Oct 6, 2024",1049,0:00:00
2023-09-12,9ITLicQfKaU,HBCU Teambuilder Teams To Download In EA College Football Pt.1,"Oct 6, 2024",1049,0:00:00
2023-09-13,9ITLicQfKaU,HBCU Teambuilder Teams To Download In EA College Football Pt.1,"Oct 6, 2024",1049,0:00:00
2023-09-14,9ITLicQfKaU,HBCU Teambuilder Teams To Download In EA College Football Pt.1,"Oct 6, 2024",1049,0:00:00
2023-09-15,9ITLicQfKaU,HBCU Teambuilder Teams To Download In EA College Football Pt.1,"Oct 6, 2024",1049,0:00:00
2023-09-16,9ITLicQfKaU,HBCU Teambuilder Teams To Download In EA College Football Pt.1,"Oct 6, 2024",1049,0:00:00
2023-09-17,9ITLicQfKaU,HBCU Teambuilder Teams To Download In EA College Football Pt.1,"Oct 6, 2024",1049,0:00:00
2023-09-18,9ITLicQfKaU,HBCU Teambuilder Teams To Download In EA College Football Pt.1,"Oct 6, 2024",1049,0:00:00
2023-09-19,9ITLicQfKaU,HBCU Teambuilder Teams To Download In EA College Football Pt.1,"Oct 6, 2024",1049,0:00:00
2023-09-20,9ITLicQfKaU,HBCU Teambuilder Teams To Download In EA College Football Pt.1,"Oct 6, 2024",1049,0:00:00
2023-09-21,9ITLicQfKaU,HBCU Teambuilder Teams To Download In EA College Football Pt.1,"Oct 6, 2024",1049,0:00:00
2023-09-22,9ITLicQfKaU,HBCU Teambuilder Teams To Download In EA College Football Pt.1,"Oct 6, 2024",1049,0:00:00
2023-09-23,9ITLicQfKaU,HBCU Teambuilder Teams To Download In EA College Football Pt.1,"Oct 6, 2024",1049,0:00:00
2023-09-24,9ITLicQfKaU,HBCU Teambuilder Teams To Download In EA College Football Pt.1,"Oct 6, 2024",1049,0:00:00
2023-09-25,9ITLicQfKaU,HBCU Teambuilder Teams To Download In EA College Football Pt.1,"Oct 6, 2024",1049,0:00:00
2023-09-26,9ITLicQfKaU,HBCU Teambuilder Teams To Download In EA College Football Pt.1,"Oct 6, 2024",1049,0:00:00
2023-09-27,9ITLicQfKaU,HBCU Teambuilder Teams To Download In EA College Football Pt.1,"Oct 6, 2024",1049,0:00:00
2023-09-28,9ITLicQfKaU,HBCU Teambuilder Teams To Download In EA College Football Pt.1,"Oct 6, 2024",1049,0:00:00
2023-09-29,9ITLicQfKaU,HBCU Teambuilder Teams To Download In EA College Football Pt.1,"Oct 6, 2024",1049,0:00:00
2023-09-30,9ITLicQfKaU,HBCU Teambuilder Teams To Download In EA College Football Pt.1,"Oct 6, 2024",1049,0:00:00
2023-10-01,9ITLicQfKaU,HBCU Teambuilder Teams To Download In EA College Football Pt.1,"Oct 6, 2024",1049,0:00:00
2023-10-02,9ITLicQfKaU,HBCU Teambuilder Teams To Download In EA College Football Pt.1,"Oct 6, 2024",1049,0:00:00
2023-10-03,9ITLicQfKaU,HBCU Teambuilder Teams To Download In EA College Football Pt.1,"Oct 6, 2024",1049,0:00:00
2023-10-04,9ITLicQfKaU,HBCU Teambuilder Teams To Download In EA College Football Pt.1,"Oct 6, 2024",1049,0:00:00
2023-10-05,9ITLicQfKaU,HBCU Teambuilder Teams To Download In EA College Football Pt.1,"Oct 6, 2024",1049,0:00:00
2023-10-06,9ITLicQfKaU,HBCU Teambuilder Teams To Download In EA College Football Pt.1,"Oct 6, 2024",1049,0:00:00
2023-10-07,9ITLicQfKaU,HBCU Teambuilder Teams To Download In EA College Football Pt.1,"Oct 6, 2024",1049,0:00:00
2023-10-08,9ITLicQfKaU,HBCU Teambuilder Teams To Download In EA College Football Pt.1,"Oct 6, 2024",1049,0:00:00
2023-10-09,9ITLicQfKaU,HBCU Teambuilder Teams To Download In EA College Football Pt.1,"Oct 6, 2024",1049,0:00:00
2023-10-10,9ITLicQfKaU,HBCU Teambuilder Teams To Download In EA College Football Pt.1,"Oct 6, 2024",1049,0:00:00
2023-10-11,9ITLicQfKaU,HBCU Teambuilder Teams To Download In EA College Football Pt.1,"Oct 6, 2024",1049,0:00:00
2023-10-12,9ITLicQfKaU,HBCU Teambuilder Teams To Download In EA College Football Pt.1,"Oct 6, 2024",1049,0:00:00
2023-10-13,9ITLicQfKaU,HBCU Teambuilder Teams To Download In EA College Football Pt.1,"Oct 6, 2024",1049,0:00:00
2023-10-14,9ITLicQfKaU,HBCU Teambuilder Teams To Download In EA College Football Pt.1,"Oct 6, 2024",1049,0:00:00
2023-10-15,9ITLicQfKaU,HBCU Teambuilder Teams To Download In EA College Football Pt.1,"Oct 6, 2024",1049,0:00:00
2023-10-16,9ITLicQfKaU,HBCU Teambuilder Teams To Download In EA College Football Pt.1,"Oct 6, 2024",1049,0:00:00
2023-10-17,9ITLicQfKaU,HBCU Teambuilder Teams To Download In EA College Football Pt.1,"Oct 6, 2024",1049,0:00:00
2023-10-18,9ITLicQfKaU,HBCU Teambuilder Teams To Download In EA College Football Pt.1,"Oct 6, 2024",1049,0:00:00
2023-10-19,9ITLicQfKaU,HBCU Teambuilder Teams To Download In EA College Football Pt.1,"Oct 6, 2024",1049,0:00:00
2023-10-20,9ITLicQfKaU,HBCU Teambuilder Teams To Download In EA College Football Pt.1,"Oct 6, 2024",1049,0:00:00
2023-10-21,9ITLicQfKaU,HBCU Teambuilder Teams To Download In EA College Football Pt.1,"Oct 6, 2024",1049,0:00:00
2023-10-22,9ITLicQfKaU,HBCU Teambuilder Teams To Download In EA College Football Pt.1,"Oct 6, 2024",1049,0:00:00
2023-10-23,9ITLicQfKaU,HBCU Teambuilder Teams To Download In EA College Football Pt.1,"Oct 6, 2024",1049,0:00:00
2023-10-24,9ITLicQfKaU,HBCU Teambuilder Teams To Download In EA College Football Pt.1,"Oct 6, 2024",1049,0:00:00
2023-10-25,9ITLicQfKaU,HBCU Teambuilder Teams To Download In EA College Football Pt.1,"Oct 6, 2024",1049,0:00:00
2023-10-26,9ITLicQfKaU,HBCU Teambuilder Teams To Download In EA College Football Pt.1,"Oct 6, 2024",1049,0:00:00
2023-10-27,9ITLicQfKaU,HBCU Teambuilder Teams To Download In EA College Football Pt.1,"Oct 6, 2024",1049,0:00:00
2023-10-28,9ITLicQfKaU,HBCU Teambuilder Teams To Download In EA College Football Pt.1,"Oct 6, 2024",1049,0:00:00
2023-10-29,9ITLicQfKaU,HBCU Teambuilder Teams To Download In EA College Football Pt.1,"Oct 6, 2024",1049,0:00:00
2023-10-30,9ITLicQfKaU,HBCU Teambuilder Teams To Download In EA College Football Pt.1,"Oct 6, 2024",1049,0:00:00
2023-10-31,9ITLicQfKaU,HBCU Teambuilder Teams To Download In EA College Football Pt.1,"Oct 6, 2024",1049,0:00:00
2023-11-01,9ITLicQfKaU,HBCU Teambuilder Teams To Download In EA College Football Pt.1,"Oct 6, 2024",1049,0:00:00
2023-11-02,9ITLicQfKaU,HBCU Teambuilder Teams To Download In EA College Football Pt.1,"Oct 6, 2024",1049,0:00:00
2023-11-03,9ITLicQfKaU,HBCU Teambuilder Teams To Download In EA College Football Pt.1,"Oct 6, 2024",1049,0:00:00
2023-11-04,9ITLicQfKaU,HBCU Teambuilder Teams To Download In EA College Football Pt.1,"Oct 6, 2024",1049,0:00:00
2023-11-05,9ITLicQfKaU,HBCU Teambuilder Teams To Download In EA College Football Pt.1,"Oct 6, 2024",1049,0:00:00
2023-11-06,9ITLicQfKaU,HBCU Teambuilder Teams To Download In EA College Football Pt.1,"Oct 6, 2024",1049,0:00:00
2023-11-07,9ITLicQfKaU,HBCU Teambuilder Teams To Download In EA College Football Pt.1,"Oct 6, 2024",1049,0:00:00
2023-11-08,9ITLicQfKaU,HBCU Teambuilder Teams To Download In EA College Football Pt.1,"Oct 6, 2024",1049,0:00:00
2023-11-09,9ITLicQfKaU,HBCU Teambuilder Teams To Download In EA College Football Pt.1,"Oct 6, 2024",1049,0:00:00
2023-11-10,9ITLicQfKaU,HBCU Teambuilder Teams To Download In EA College Football Pt.1,"Oct 6, 2024",1049,0:00:00
2023-11-11,9ITLicQfKaU,HBCU Teambuilder Teams To Download In EA College Football Pt.1,"Oct 6, 2024",1049,0:00:00
2023-11-12,9ITLicQfKaU,HBCU Teambuilder Teams To Download In EA College Football Pt.1,"Oct 6, 2024",1049,0:00:00
2023-11-13,9ITLicQfKaU,HBCU Teambuilder Teams To Download In EA College Football Pt.1,"Oct 6, 2024",1049,0:00:00
2023-11-14,9ITLicQfKaU,HBCU Teambuilder Teams To Download In EA College Football Pt.1,"Oct 6, 2024",1049,0:00:00
2023-11-15,9ITLicQfKaU,HBCU Teambuilder Teams To Download In EA College Football Pt.1,"Oct 6, 2024",1049,0:00:00
2023-11-16,9ITLicQfKaU,HBCU Teambuilder Teams To Download In EA College Football Pt.1,"Oct 6, 2024",1049,0:00:00
2023-11-17,9ITLicQfKaU,HBCU Teambuilder Teams To Download In EA College Football Pt.1,"Oct 6, 2024",1049,0:00:00
2023-11-18,9ITLicQfKaU,HBCU Teambuilder Teams To Download In EA College Football Pt.1,"Oct 6, 2024",1049,0:00:00
2023-11-19,9ITLicQfKaU,HBCU Teambuilder Teams To Download In EA College Football Pt.1,"Oct 6, 2024",1049,0:00:00
2023-11-20,9ITLicQfKaU,HBCU Teambuilder Teams To Download In EA College Football Pt.1,"Oct 6, 2024",1049,0:00:00
2023-11-21,9ITLicQfKaU,HBCU Teambuilder Teams To Download In EA College Football Pt.1,"Oct 6, 2024",1049,0:00:00
2023-11-22,9ITLicQfKaU,HBCU Teambuilder Teams To Download In EA College Football Pt.1,"Oct 6, 2024",1049,0:00:00
2023-11-23,9ITLicQfKaU,HBCU Teambuilder Teams To Download In EA College Football Pt.1,"Oct 6, 2024",1049,0:00:00
2023-11-24,9ITLicQfKaU,HBCU Teambuilder Teams To Download In EA College Football Pt.1,"Oct 6, 2024",1049,0:00:00
2023-11-25,9ITLicQfKaU,HBCU Teambuilder Teams To Download In EA College Football Pt.1,"Oct 6, 2024",1049,0:00:00
2023-11-26,9ITLicQfKaU,HBCU Teambuilder Teams To Download In EA College Football Pt.1,"Oct 6, 2024",1049,0:00:00
2023-11-27,9ITLicQfKaU,HBCU Teambuilder Teams To Download In EA College Football Pt.1,"Oct 6, 2024",1049,0:00:00
2023-11-28,9ITLicQfKaU,HBCU Teambuilder Teams To Download In EA College Football Pt.1,"Oct 6, 2024",1049,0:00:00
2023-11-29,9ITLicQfKaU,HBCU Teambuilder Teams To Download In EA College Football Pt.1,"Oct 6, 2024",1049,0:00:00
2023-11-30,9ITLicQfKaU,HBCU Teambuilder Teams To Download In EA College Football Pt.1,"Oct 6, 2024",1049,0:00:00
2023-12-01,9ITLicQfKaU,HBCU Teambuilder Teams To Download In EA College Football Pt.1,"Oct 6, 2024",1049,0:00:00
2023-12-02,9ITLicQfKaU,HBCU Teambuilder Teams To Download In EA College Football Pt.1,"Oct 6, 2024",1049,0:00:00
2023-12-03,9ITLicQfKaU,HBCU Teambuilder Teams To Download In EA College Football Pt.1,"Oct 6, 2024",1049,0:00:00
2023-12-04,9ITLicQfKaU,HBCU Teambuilder Teams To Download In EA College Football Pt.1,"Oct 6, 2024",1049,0:00:00
2023-12-05,9ITLicQfKaU,HBCU Teambuilder Teams To Download In EA College Football Pt.1,"Oct 6, 2024",1049,0:00:00
2023-12-06,9ITLicQfKaU,HBCU Teambuilder Teams To Download In EA College Football Pt.1,"Oct 6, 2024",1049,0:00:00
2023-12-07,9ITLicQfKaU,HBCU Teambuilder Teams To Download In EA College Football Pt.1,"Oct 6, 2024",1049,0:00:00
2023-12-08,9ITLicQfKaU,HBCU Teambuilder Teams To Download In EA College Football Pt.1,"Oct 6, 2024",1049,0:00:00
2023-12-09,9ITLicQfKaU,HBCU Teambuilder Teams To Download In EA College Football Pt.1,"Oct 6, 2024",1049,0:00:00
2023-12-10,9ITLicQfKaU,HBCU Teambuilder Teams To Download In EA College Football Pt.1,"Oct 6, 2024",1049,0:00:00
2023-12-11,9ITLicQfKaU,HBCU Teambuilder Teams To Download In EA College Football Pt.1,"Oct 6, 2024",1049,0:00:00
2023-12-12,9ITLicQfKaU,HBCU Teambuilder Teams To Download In EA College Football Pt.1,"Oct 6, 2024",1049,0:00:00
2023-12-13,9ITLicQfKaU,HBCU Teambuilder Teams To Download In EA College Football Pt.1,"Oct 6, 2024",1049,0:00:00
2023-12-14,9ITLicQfKaU,HBCU Teambuilder Teams To Download In EA College Football Pt.1,"Oct 6, 2024",1049,0:00:00
2023-12-15,9ITLicQfKaU,HBCU Teambuilder Teams To Download In EA College Football Pt.1,"Oct 6, 2024",1049,0:00:00
2023-12-16,9ITLicQfKaU,HBCU Teambuilder Teams To Download In EA College Football Pt.1,"Oct 6, 2024",1049,0:00:00
2023-12-17,9ITLicQfKaU,HBCU Teambuilder Teams To Download In EA College Football Pt.1,"Oct 6, 2024",1049,0:00:00
2023-12-18,9ITLicQfKaU,HBCU Teambuilder Teams To Download In EA College Football Pt.1,"Oct 6, 2024",1049,0:00:00
2023-12-19,9ITLicQfKaU,HBCU Teambuilder Teams To Download In EA College Football Pt.1,"Oct 6, 2024",1049,0:00:00
2023-12-20,9ITLicQfKaU,HBCU Teambuilder Teams To Download In EA College Football Pt.1,"Oct 6, 2024",1049,0:00:00
2023-12-21,9ITLicQfKaU,HBCU Teambuilder Teams To Download In EA College Football Pt.1,"Oct 6, 2024",1049,0:00:00
2023-12-22,9ITLicQfKaU,HBCU Teambuilder Teams To Download In EA College Football Pt.1,"Oct 6, 2024",1049,0:00:00
2023-12-23,9ITLicQfKaU,HBCU Teambuilder Teams To Download In EA College Football Pt.1,"Oct 6, 2024",1049,0:00:00
2023-12-24,9ITLicQfKaU,HBCU Teambuilder Teams To Download In EA College Football Pt.1,"Oct 6, 2024",1049,0:00:00
2023-12-25,9ITLicQfKaU,HBCU Teambuilder Teams To Download In EA College Football Pt.1,"Oct 6, 2024",1049,0:00:00
2023-12-26,9ITLicQfKaU,HBCU Teambuilder Teams To Download In EA College Football Pt.1,"Oct 6, 2024",1049,0:00:00
2023-12-27,9ITLicQfKaU,HBCU Teambuilder Teams To Download In EA College Football Pt.1,"Oct 6, 2024",1049,0:00:00
2023-12-28,9ITLicQfKaU,HBCU Teambuilder Teams To Download In EA College Football Pt.1,"Oct 6, 2024",1049,0:00:00
2023-12-29,9ITLicQfKaU,HBCU Teambuilder Teams To Download In EA College Football Pt.1,"Oct 6, 2024",1049,0:00:00
2023-12-30,9ITLicQfKaU,HBCU Teambuilder Teams To Download In EA College Football Pt.1,"Oct 6, 2024",1049,0:00:00
2023-12-31,9ITLicQfKaU,HBCU Teambuilder Teams To Download In EA College Football Pt.1,"Oct 6, 2024",1049,0:00:00
2024-01-01,9ITLicQfKaU,HBCU Teambuilder Teams To Download In EA College Football Pt.1,"Oct 6, 2024",1049,0:00:00
2024-01-02,9ITLicQfKaU,HBCU Teambuilder Teams To Download In EA College Football Pt.1,"Oct 6, 2024",1049,0:00:00
2024-01-03,9ITLicQfKaU,HBCU Teambuilder Teams To Download In EA College Football Pt.1,"Oct 6, 2024",1049,0:00:00
2024-01-04,9ITLicQfKaU,HBCU Teambuilder Teams To Download In EA College Football Pt.1,"Oct 6, 2024",1049,0:00:00
2024-01-05,9ITLicQfKaU,HBCU Teambuilder Teams To Download In EA College Football Pt.1,"Oct 6, 2024",1049,0:00:00
2024-01-06,9ITLicQfKaU,HBCU Teambuilder Teams To Download In EA College Football Pt.1,"Oct 6, 2024",1049,0:00:00
2024-01-07,9ITLicQfKaU,HBCU Teambuilder Teams To Download In EA College Football Pt.1,"Oct 6, 2024",1049,0:00:00
2024-01-08,9ITLicQfKaU,HBCU Teambuilder Teams To Download In EA College Football Pt.1,"Oct 6, 2024",1049,0:00:00
2024-01-09,9ITLicQfKaU,HBCU Teambuilder Teams To Download In EA College Football Pt.1,"Oct 6, 2024",1049,0:00:00
2024-01-10,9ITLicQfKaU,HBCU Teambuilder Teams To Download In EA College Football Pt.1,"Oct 6, 2024",1049,0:00:00
2024-01-11,9ITLicQfKaU,HBCU Teambuilder Teams To Download In EA College Football Pt.1,"Oct 6, 2024",1049,0:00:00
2024-01-12,9ITLicQfKaU,HBCU Teambuilder Teams To Download In EA College Football Pt.1,"Oct 6, 2024",1049,0:00:00
2024-01-13,9ITLicQfKaU,HBCU Teambuilder Teams To Download In EA College Football Pt.1,"Oct 6, 2024",1049,0:00:00
2024-01-14,9ITLicQfKaU,HBCU Teambuilder Teams To Download In EA College Football Pt.1,"Oct 6, 2024",1049,0:00:00
2024-01-15,9ITLicQfKaU,HBCU Teambuilder Teams To Download In EA College Football Pt.1,"Oct 6, 2024",1049,0:00:00
2024-01-16,9ITLicQfKaU,HBCU Teambuilder Teams To Download In EA College Football Pt.1,"Oct 6, 2024",1049,0:00:00
2024-01-17,9ITLicQfKaU,HBCU Teambuilder Teams To Download In EA College Football Pt.1,"Oct 6, 2024",1049,0:00:00
2024-01-18,9ITLicQfKaU,HBCU Teambuilder Teams To Download In EA College Football Pt.1,"Oct 6, 2024",1049,0:00:00
2024-01-19,9ITLicQfKaU,HBCU Teambuilder Teams To Download In EA College Football Pt.1,"Oct 6, 2024",1049,0:00:00
2024-01-20,9ITLicQfKaU,HBCU Teambuilder Teams To Download In EA College Football Pt.1,"Oct 6, 2024",1049,0:00:00
2024-01-21,9ITLicQfKaU,HBCU Teambuilder Teams To Download In EA College Football Pt.1,"Oct 6, 2024",1049,0:00:00
2024-01-22,9ITLicQfKaU,HBCU Teambuilder Teams To Download In EA College Football Pt.1,"Oct 6, 2024",1049,0:00:00
2024-01-23,9ITLicQfKaU,HBCU Teambuilder Teams To Download In EA College Football Pt.1,"Oct 6, 2024",1049,0:00:00
2024-01-24,9ITLicQfKaU,HBCU Teambuilder Teams To Download In EA College Football Pt.1,"Oct 6, 2024",1049,0:00:00
2024-01-25,9ITLicQfKaU,HBCU Teambuilder Teams To Download In EA College Football Pt.1,"Oct 6, 2024",1049,0:00:00
2024-01-26,9ITLicQfKaU,HBCU Teambuilder Teams To Download In EA College Football Pt.1,"Oct 6, 2024",1049,0:00:00
2024-01-27,9ITLicQfKaU,HBCU Teambuilder Teams To Download In EA College Football Pt.1,"Oct 6, 2024",1049,0:00:00
2024-01-28,9ITLicQfKaU,HBCU Teambuilder Teams To Download In EA College Football Pt.1,"Oct 6, 2024",1049,0:00:00
2024-01-29,9ITLicQfKaU,HBCU Teambuilder Teams To Download In EA College Football Pt.1,"Oct 6, 2024",1049,0:00:00
2024-01-30,9ITLicQfKaU,HBCU Teambuilder Teams To Download In EA College Football Pt.1,"Oct 6, 2024",1049,0:00:00
2024-01-31,9ITLicQfKaU,HBCU Teambuilder Teams To Download In EA College Football Pt.1,"Oct 6, 2024",1049,0:00:00
2024-02-01,9ITLicQfKaU,HBCU Teambuilder Teams To Download In EA College Football Pt.1,"Oct 6, 2024",1049,0:00:00
2024-02-02,9ITLicQfKaU,HBCU Teambuilder Teams To Download In EA College Football Pt.1,"Oct 6, 2024",1049,0:00:00
2024-02-03,9ITLicQfKaU,HBCU Teambuilder Teams To Download In EA College Football Pt.1,"Oct 6, 2024",1049,0:00:00
2024-02-04,9ITLicQfKaU,HBCU Teambuilder Teams To Download In EA College Football Pt.1,"Oct 6, 2024",1049,0:00:00
2024-02-05,9ITLicQfKaU,HBCU Teambuilder Teams To Download In EA College Football Pt.1,"Oct 6, 2024",1049,0:00:00
2024-02-06,9ITLicQfKaU,HBCU Teambuilder Teams To Download In EA College Football Pt.1,"Oct 6, 2024",1049,0:00:00
2024-02-07,9ITLicQfKaU,HBCU Teambuilder Teams To Download In EA College Football Pt.1,"Oct 6, 2024",1049,0:00:00
2024-02-08,9ITLicQfKaU,HBCU Teambuilder Teams To Download In EA College Football Pt.1,"Oct 6, 2024",1049,0:00:00
2024-02-09,9ITLicQfKaU,HBCU Teambuilder Teams To Download In EA College Football Pt.1,"Oct 6, 2024",1049,0:00:00
2024-02-10,9ITLicQfKaU,HBCU Teambuilder Teams To Download In EA College Football Pt.1,"Oct 6, 2024",1049,0:00:00
2024-02-11,9ITLicQfKaU,HBCU Teambuilder Teams To Download In EA College Football Pt.1,"Oct 6, 2024",1049,0:00:00
2024-02-12,9ITLicQfKaU,HBCU Teambuilder Teams To Download In EA College Football Pt.1,"Oct 6, 2024",1049,0:00:00
2024-02-13,9ITLicQfKaU,HBCU Teambuilder Teams To Download In EA College Football Pt.1,"Oct 6, 2024",1049,0:00:00
2024-02-14,9ITLicQfKaU,HBCU Teambuilder Teams To Download In EA College Football Pt.1,"Oct 6, 2024",1049,0:00:00
2024-02-15,9ITLicQfKaU,HBCU Teambuilder Teams To Download In EA College Football Pt.1,"Oct 6, 2024",1049,0:00:00
2024-02-16,9ITLicQfKaU,HBCU Teambuilder Teams To Download In EA College Football Pt.1,"Oct 6, 2024",1049,0:00:00
2024-02-17,9ITLicQfKaU,HBCU Teambuilder Teams To Download In EA College Football Pt.1,"Oct 6, 2024",1049,0:00:00
2024-02-18,9ITLicQfKaU,HBCU Teambuilder Teams To Download In EA College Football Pt.1,"Oct 6, 2024",1049,0:00:00
2024-02-19,9ITLicQfKaU,HBCU Teambuilder Teams To Download In EA College Football Pt.1,"Oct 6, 2024",1049,0:00:00
2024-02-20,9ITLicQfKaU,HBCU Teambuilder Teams To Download In EA College Football Pt.1,"Oct 6, 2024",1049,0:00:00
2024-02-21,9ITLicQfKaU,HBCU Teambuilder Teams To Download In EA College Football Pt.1,"Oct 6, 2024",1049,0:00:00
2024-02-22,9ITLicQfKaU,HBCU Teambuilder Teams To Download In EA College Football Pt.1,"Oct 6, 2024",1049,0:00:00
2024-02-23,9ITLicQfKaU,HBCU Teambuilder Teams To Download In EA College Football Pt.1,"Oct 6, 2024",1049,0:00:00
2024-02-24,9ITLicQfKaU,HBCU Teambuilder Teams To Download In EA College Football Pt.1,"Oct 6, 2024",1049,0:00:00
2024-02-25,9ITLicQfKaU,HBCU Teambuilder Teams To Download In EA College Football Pt.1,"Oct 6, 2024",1049,0:00:00
2024-02-26,9ITLicQfKaU,HBCU Teambuilder Teams To Download In EA College Football Pt.1,"Oct 6, 2024",1049,0:00:00
2024-02-27,9ITLicQfKaU,HBCU Teambuilder Teams To Download In EA College Football Pt.1,"Oct 6, 2024",1049,0:00:00
2024-02-28,9ITLicQfKaU,HBCU Teambuilder Teams To Download In EA College Football Pt.1,"Oct 6, 2024",1049,0:00:00
2024-02-29,9ITLicQfKaU,HBCU Teambuilder Teams To Download In EA College Football Pt.1,"Oct 6, 2024",1049,0:00:00
2024-03-01,9ITLicQfKaU,HBCU Teambuilder Teams To Download In EA College Football Pt.1,"Oct 6, 2024",1049,0:00:00
2024-03-02,9ITLicQfKaU,HBCU Teambuilder Teams To Download In EA College Football Pt.1,"Oct 6, 2024",1049,0:00:00
2024-03-03,9ITLicQfKaU,HBCU Teambuilder Teams To Download In EA College Football Pt.1,"Oct 6, 2024",1049,0:00:00
2024-03-04,9ITLicQfKaU,HBCU Teambuilder Teams To Download In EA College Football Pt.1,"Oct 6, 2024",1049,0:00:00
2024-03-05,9ITLicQfKaU,HBCU Teambuilder Teams To Download In EA College Football Pt.1,"Oct 6, 2024",1049,0:00:00
2024-03-06,9ITLicQfKaU,HBCU Teambuilder Teams To Download In EA College Football Pt.1,"Oct 6, 2024",1049,0:00:00
2024-03-07,9ITLicQfKaU,HBCU Teambuilder Teams To Download In EA College Football Pt.1,"Oct 6, 2024",1049,0:00:00
2024-03-08,9ITLicQfKaU,HBCU Teambuilder Teams To Download In EA College Football Pt.1,"Oct 6, 2024",1049,0:00:00
2024-03-09,9ITLicQfKaU,HBCU Teambuilder Teams To Download In EA College Football Pt.1,"Oct 6, 2024",1049,0:00:00
2024-03-10,9ITLicQfKaU,HBCU Teambuilder Teams To Download In EA College Football Pt.1,"Oct 6, 2024",1049,0:00:00
2024-03-11,9ITLicQfKaU,HBCU Teambuilder Teams To Download In EA College Football Pt.1,"Oct 6, 2024",1049,0:00:00
2024-03-12,9ITLicQfKaU,HBCU Teambuilder Teams To Download In EA College Football Pt.1,"Oct 6, 2024",1049,0:00:00
2024-03-13,9ITLicQfKaU,HBCU Teambuilder Teams To Download In EA College Football Pt.1,"Oct 6, 2024",1049,0:00:00
2024-03-14,9ITLicQfKaU,HBCU Teambuilder Teams To Download In EA College Football Pt.1,"Oct 6, 2024",1049,0:00:00
2024-03-15,9ITLicQfKaU,HBCU Teambuilder Teams To Download In EA College Football Pt.1,"Oct 6, 2024",1049,0:00:00
2024-03-16,9ITLicQfKaU,HBCU Teambuilder Teams To Download In EA College Football Pt.1,"Oct 6, 2024",1049,0:00:00
2024-03-17,9ITLicQfKaU,HBCU Teambuilder Teams To Download In EA College Football Pt.1,"Oct 6, 2024",1049,0:00:00
2024-03-18,9ITLicQfKaU,HBCU Teambuilder Teams To Download In EA College Football Pt.1,"Oct 6, 2024",1049,0:00:00
2024-03-19,9ITLicQfKaU,HBCU Teambuilder Teams To Download In EA College Football Pt.1,"Oct 6, 2024",1049,0:00:00
2024-03-20,9ITLicQfKaU,HBCU Teambuilder Teams To Download In EA College Football Pt.1,"Oct 6, 2024",1049,0:00:00
2024-03-21,9ITLicQfKaU,HBCU Teambuilder Teams To Download In EA College Football Pt.1,"Oct 6, 2024",1049,0:00:00
2024-03-22,9ITLicQfKaU,HBCU Teambuilder Teams To Download In EA College Football Pt.1,"Oct 6, 2024",1049,0:00:00
2024-03-23,9ITLicQfKaU,HBCU Teambuilder Teams To Download In EA College Football Pt.1,"Oct 6, 2024",1049,0:00:00
2024-03-24,9ITLicQfKaU,HBCU Teambuilder Teams To Download In EA College Football Pt.1,"Oct 6, 2024",1049,0:00:00
2024-03-25,9ITLicQfKaU,HBCU Teambuilder Teams To Download In EA College Football Pt.1,"Oct 6, 2024",1049,0:00:00
2024-03-26,9ITLicQfKaU,HBCU Teambuilder Teams To Download In EA College Football Pt.1,"Oct 6, 2024",1049,0:00:00
2024-03-27,9ITLicQfKaU,HBCU Teambuilder Teams To Download In EA College Football Pt.1,"Oct 6, 2024",1049,0:00:00
2024-03-28,9ITLicQfKaU,HBCU Teambuilder Teams To Download In EA College Football Pt.1,"Oct 6, 2024",1049,0:00:00
2024-03-29,9ITLicQfKaU,HBCU Teambuilder Teams To Download In EA College Football Pt.1,"Oct 6, 2024",1049,0:00:00
2024-03-30,9ITLicQfKaU,HBCU Teambuilder Teams To Download In EA College Football Pt.1,"Oct 6, 2024",1049,0:00:00
2024-03-31,9ITLicQfKaU,HBCU Teambuilder Teams To Download In EA College Football Pt.1,"Oct 6, 2024",1049,0:00:00
2024-04-01,9ITLicQfKaU,HBCU Teambuilder Teams To Download In EA College Football Pt.1,"Oct 6, 2024",1049,0:00:00
2024-04-02,9ITLicQfKaU,HBCU Teambuilder Teams To Download In EA College Football Pt.1,"Oct 6, 2024",1049,0:00:00
2024-04-03,9ITLicQfKaU,HBCU Teambuilder Teams To Download In EA College Football Pt.1,"Oct 6, 2024",1049,0:00:00
2024-04-04,9ITLicQfKaU,HBCU Teambuilder Teams To Download In EA College Football Pt.1,"Oct 6, 2024",1049,0:00:00
2024-04-05,9ITLicQfKaU,HBCU Teambuilder Teams To Download In EA College Football Pt.1,"Oct 6, 2024",1049,0:00:00
2024-04-06,9ITLicQfKaU,HBCU Teambuilder Teams To Download In EA College Football Pt.1,"Oct 6, 2024",1049,0:00:00
2024-04-07,9ITLicQfKaU,HBCU Teambuilder Teams To Download In EA College Football Pt.1,"Oct 6, 2024",1049,0:00:00
2024-04-08,9ITLicQfKaU,HBCU Teambuilder Teams To Download In EA College Football Pt.1,"Oct 6, 2024",1049,0:00:00
2024-04-09,9ITLicQfKaU,HBCU Teambuilder Teams To Download In EA College Football Pt.1,"Oct 6, 2024",1049,0:00:00
2024-04-10,9ITLicQfKaU,HBCU Teambuilder Teams To Download In EA College Football Pt.1,"Oct 6, 2024",1049,0:00:00
2024-04-11,9ITLicQfKaU,HBCU Teambuilder Teams To Download In EA College Football Pt.1,"Oct 6, 2024",1049,0:00:00
2024-04-12,9ITLicQfKaU,HBCU Teambuilder Teams To Download In EA College Football Pt.1,"Oct 6, 2024",1049,0:00:00
2024-04-13,9ITLicQfKaU,HBCU Teambuilder Teams To Download In EA College Football Pt.1,"Oct 6, 2024",1049,0:00:00
2024-04-14,9ITLicQfKaU,HBCU Teambuilder Teams To Download In EA College Football Pt.1,"Oct 6, 2024",1049,0:00:00
2024-04-15,9ITLicQfKaU,HBCU Teambuilder Teams To Download In EA College Football Pt.1,"Oct 6, 2024",1049,0:00:00
2024-04-16,9ITLicQfKaU,HBCU Teambuilder Teams To Download In EA College Football Pt.1,"Oct 6, 2024",1049,0:00:00
2024-04-17,9ITLicQfKaU,HBCU Teambuilder Teams To Download In EA College Football Pt.1,"Oct 6, 2024",1049,0:00:00
2024-04-18,9ITLicQfKaU,HBCU Teambuilder Teams To Download In EA College Football Pt.1,"Oct 6, 2024",1049,0:00:00
2024-04-19,9ITLicQfKaU,HBCU Teambuilder Teams To Download In EA College Football Pt.1,"Oct 6, 2024",1049,0:00:00
2024-04-20,9ITLicQfKaU,HBCU Teambuilder Teams To Download In EA College Football Pt.1,"Oct 6, 2024",1049,0:00:00
2024-04-21,9ITLicQfKaU,HBCU Teambuilder Teams To Download In EA College Football Pt.1,"Oct 6, 2024",1049,0:00:00
2024-04-22,9ITLicQfKaU,HBCU Teambuilder Teams To Download In EA College Football Pt.1,"Oct 6, 2024",1049,0:00:00
2024-04-23,9ITLicQfKaU,HBCU Teambuilder Teams To Download In EA College Football Pt.1,"Oct 6, 2024",1049,0:00:00
2024-04-24,9ITLicQfKaU,HBCU Teambuilder Teams To Download In EA College Football Pt.1,"Oct 6, 2024",1049,0:00:00
2024-04-25,9ITLicQfKaU,HBCU Teambuilder Teams To Download In EA College Football Pt.1,"Oct 6, 2024",1049,0:00:00
2024-04-26,9ITLicQfKaU,HBCU Teambuilder Teams To Download In EA College Football Pt.1,"Oct 6, 2024",1049,0:00:00
2024-04-27,9ITLicQfKaU,HBCU Teambuilder Teams To Download In EA College Football Pt.1,"Oct 6, 2024",1049,0:00:00
2024-04-28,9ITLicQfKaU,HBCU Teambuilder Teams To Download In EA College Football Pt.1,"Oct 6, 2024",1049,0:00:00
2024-04-29,9ITLicQfKaU,HBCU Teambuilder Teams To Download In EA College Football Pt.1,"Oct 6, 2024",1049,0:00:00
2024-04-30,9ITLicQfKaU,HBCU Teambuilder Teams To Download In EA College Football Pt.1,"Oct 6, 2024",1049,0:00:00
2024-05-01,9ITLicQfKaU,HBCU Teambuilder Teams To Download In EA College Football Pt.1,"Oct 6, 2024",1049,0:00:00
2024-05-02,9ITLicQfKaU,HBCU Teambuilder Teams To Download In EA College Football Pt.1,"Oct 6, 2024",1049,0:00:00
2024-05-03,9ITLicQfKaU,HBCU Teambuilder Teams To Download In EA College Football Pt.1,"Oct 6, 2024",1049,0:00:00
2024-05-04,9ITLicQfKaU,HBCU Teambuilder Teams To Download In EA College Football Pt.1,"Oct 6, 2024",1049,0:00:00
2024-05-05,9ITLicQfKaU,HBCU Teambuilder Teams To Download In EA College Football Pt.1,"Oct 6, 2024",1049,0:00:00
2024-05-06,9ITLicQfKaU,HBCU Teambuilder Teams To Download In EA College Football Pt.1,"Oct 6, 2024",1049,0:00:00
2024-05-07,9ITLicQfKaU,HBCU Teambuilder Teams To Download In EA College Football Pt.1,"Oct 6, 2024",1049,0:00:00
2024-05-08,9ITLicQfKaU,HBCU Teambuilder Teams To Download In EA College Football Pt.1,"Oct 6, 2024",1049,0:00:00
2024-05-09,9ITLicQfKaU,HBCU Teambuilder Teams To Download In EA College Football Pt.1,"Oct 6, 2024",1049,0:00:00
2024-05-10,9ITLicQfKaU,HBCU Teambuilder Teams To Download In EA College Football Pt.1,"Oct 6, 2024",1049,0:00:00
2024-05-11,9ITLicQfKaU,HBCU Teambuilder Teams To Download In EA College Football Pt.1,"Oct 6, 2024",1049,0:00:00
2024-05-12,9ITLicQfKaU,HBCU Teambuilder Teams To Download In EA College Football Pt.1,"Oct 6, 2024",1049,0:00:00
2024-05-13,9ITLicQfKaU,HBCU Teambuilder Teams To Download In EA College Football Pt.1,"Oct 6, 2024",1049,0:00:00
2024-05-14,9ITLicQfKaU,HBCU Teambuilder Teams To Download In EA College Football Pt.1,"Oct 6, 2024",1049,0:00:00
2024-05-15,9ITLicQfKaU,HBCU Teambuilder Teams To Download In EA College Football Pt.1,"Oct 6, 2024",1049,0:00:00
2024-05-16,9ITLicQfKaU,HBCU Teambuilder Teams To Download In EA College Football Pt.1,"Oct 6, 2024",1049,0:00:00
2024-05-17,9ITLicQfKaU,HBCU Teambuilder Teams To Download In EA College Football Pt.1,"Oct 6, 2024",1049,0:00:00
2024-05-18,9ITLicQfKaU,HBCU Teambuilder Teams To Download In EA College Football Pt.1,"Oct 6, 2024",1049,0:00:00
2024-05-19,9ITLicQfKaU,HBCU Teambuilder Teams To Download In EA College Football Pt.1,"Oct 6, 2024",1049,0:00:00
2024-05-20,9ITLicQfKaU,HBCU Teambuilder Teams To Download In EA College Football Pt.1,"Oct 6, 2024",1049,0:00:00
2024-05-21,9ITLicQfKaU,HBCU Teambuilder Teams To Download In EA College Football Pt.1,"Oct 6, 2024",1049,0:00:00
2024-05-22,9ITLicQfKaU,HBCU Teambuilder Teams To Download In EA College Football Pt.1,"Oct 6, 2024",1049,0:00:00
2024-05-23,9ITLicQfKaU,HBCU Teambuilder Teams To Download In EA College Football Pt.1,"Oct 6, 2024",1049,0:00:00
2024-05-24,9ITLicQfKaU,HBCU Teambuilder Teams To Download In EA College Football Pt.1,"Oct 6, 2024",1049,0:00:00
2024-05-25,9ITLicQfKaU,HBCU Teambuilder Teams To Download In EA College Football Pt.1,"Oct 6, 2024",1049,0:00:00
2024-05-26,9ITLicQfKaU,HBCU Teambuilder Teams To Download In EA College Football Pt.1,"Oct 6, 2024",1049,0:00:00
2024-05-27,9ITLicQfKaU,HBCU Teambuilder Teams To Download In EA College Football Pt.1,"Oct 6, 2024",1049,0:00:00
2024-05-28,9ITLicQfKaU,HBCU Teambuilder Teams To Download In EA College Football Pt.1,"Oct 6, 2024",1049,0:00:00
2024-05-29,9ITLicQfKaU,HBCU Teambuilder Teams To Download In EA College Football Pt.1,"Oct 6, 2024",1049,0:00:00
2024-05-30,9ITLicQfKaU,HBCU Teambuilder Teams To Download In EA College Football Pt.1,"Oct 6, 2024",1049,0:00:00
2024-05-31,9ITLicQfKaU,HBCU Teambuilder Teams To Download In EA College Football Pt.1,"Oct 6, 2024",1049,0:00:00
2024-06-01,9ITLicQfKaU,HBCU Teambuilder Teams To Download In EA College Football Pt.1,"Oct 6, 2024",1049,0:00:00
2024-06-02,9ITLicQfKaU,HBCU Teambuilder Teams To Download In EA College Football Pt.1,"Oct 6, 2024",1049,0:00:00
2024-06-03,9ITLicQfKaU,HBCU Teambuilder Teams To Download In EA College Football Pt.1,"Oct 6, 2024",1049,0:00:00
2024-06-04,9ITLicQfKaU,HBCU Teambuilder Teams To Download In EA College Football Pt.1,"Oct 6, 2024",1049,0:00:00
2024-06-05,9ITLicQfKaU,HBCU Teambuilder Teams To Download In EA College Football Pt.1,"Oct 6, 2024",1049,0:00:00
2024-06-06,9ITLicQfKaU,HBCU Teambuilder Teams To Download In EA College Football Pt.1,"Oct 6, 2024",1049,0:00:00
2024-06-07,9ITLicQfKaU,HBCU Teambuilder Teams To Download In EA College Football Pt.1,"Oct 6, 2024",1049,0:00:00
2024-06-08,9ITLicQfKaU,HBCU Teambuilder Teams To Download In EA College Football Pt.1,"Oct 6, 2024",1049,0:00:00
2024-06-09,9ITLicQfKaU,HBCU Teambuilder Teams To Download In EA College Football Pt.1,"Oct 6, 2024",1049,0:00:00
2024-06-10,9ITLicQfKaU,HBCU Teambuilder Teams To Download In EA College Football Pt.1,"Oct 6, 2024",1049,0:00:00
2024-06-11,9ITLicQfKaU,HBCU Teambuilder Teams To Download In EA College Football Pt.1,"Oct 6, 2024",1049,0:00:00
2024-06-12,9ITLicQfKaU,HBCU Teambuilder Teams To Download In EA College Football Pt.1,"Oct 6, 2024",1049,0:00:00
2024-06-13,9ITLicQfKaU,HBCU Teambuilder Teams To Download In EA College Football Pt.1,"Oct 6, 2024",1049,0:00:00
2024-06-14,9ITLicQfKaU,HBCU Teambuilder Teams To Download In EA College Football Pt.1,"Oct 6, 2024",1049,0:00:00
2024-06-15,9ITLicQfKaU,HBCU Teambuilder Teams To Download In EA College Football Pt.1,"Oct 6, 2024",1049,0:00:00
2024-06-16,9ITLicQfKaU,HBCU Teambuilder Teams To Download In EA College Football Pt.1,"Oct 6, 2024",1049,0:00:00
2024-06-17,9ITLicQfKaU,HBCU Teambuilder Teams To Download In EA College Football Pt.1,"Oct 6, 2024",1049,0:00:00
2024-06-18,9ITLicQfKaU,HBCU Teambuilder Teams To Download In EA College Football Pt.1,"Oct 6, 2024",1049,0:00:00
2024-06-19,9ITLicQfKaU,HBCU Teambuilder Teams To Download In EA College Football Pt.1,"Oct 6, 2024",1049,0:00:00
2024-06-20,9ITLicQfKaU,HBCU Teambuilder Teams To Download In EA College Football Pt.1,"Oct 6, 2024",1049,0:00:00
2024-06-21,9ITLicQfKaU,HBCU Teambuilder Teams To Download In EA College Football Pt.1,"Oct 6, 2024",1049,0:00:00
2024-06-22,9ITLicQfKaU,HBCU Teambuilder Teams To Download In EA College Football Pt.1,"Oct 6, 2024",1049,0:00:00
2024-06-23,9ITLicQfKaU,HBCU Teambuilder Teams To Download In EA College Football Pt.1,"Oct 6, 2024",1049,0:00:00
2024-06-24,9ITLicQfKaU,HBCU Teambuilder Teams To Download In EA College Football Pt.1,"Oct 6, 2024",1049,0:00:00
2024-06-25,9ITLicQfKaU,HBCU Teambuilder Teams To Download In EA College Football Pt.1,"Oct 6, 2024",1049,0:00:00
2024-06-26,9ITLicQfKaU,HBCU Teambuilder Teams To Download In EA College Football Pt.1,"Oct 6, 2024",1049,0:00:00
2024-06-27,9ITLicQfKaU,HBCU Teambuilder Teams To Download In EA College Football Pt.1,"Oct 6, 2024",1049,0:00:00
2024-06-28,9ITLicQfKaU,HBCU Teambuilder Teams To Download In EA College Football Pt.1,"Oct 6, 2024",1049,0:00:00
2024-06-29,9ITLicQfKaU,HBCU Teambuilder Teams To Download In EA College Football Pt.1,"Oct 6, 2024",1049,0:00:00
2024-06-30,9ITLicQfKaU,HBCU Teambuilder Teams To Download In EA College Football Pt.1,"Oct 6, 2024",1049,0:00:00
2024-07-01,9ITLicQfKaU,HBCU Teambuilder Teams To Download In EA College Football Pt.1,"Oct 6, 2024",1049,0:00:00
2024-07-02,9ITLicQfKaU,HBCU Teambuilder Teams To Download In EA College Football Pt.1,"Oct 6, 2024",1049,0:00:00
2024-07-03,9ITLicQfKaU,HBCU Teambuilder Teams To Download In EA College Football Pt.1,"Oct 6, 2024",1049,0:00:00
2024-07-04,9ITLicQfKaU,HBCU Teambuilder Teams To Download In EA College Football Pt.1,"Oct 6, 2024",1049,0:00:00
2024-07-05,9ITLicQfKaU,HBCU Teambuilder Teams To Download In EA College Football Pt.1,"Oct 6, 2024",1049,0:00:00
2024-07-06,9ITLicQfKaU,HBCU Teambuilder Teams To Download In EA College Football Pt.1,"Oct 6, 2024",1049,0:00:00
2024-07-07,9ITLicQfKaU,HBCU Teambuilder Teams To Download In EA College Football Pt.1,"Oct 6, 2024",1049,0:00:00
2024-07-08,9ITLicQfKaU,HBCU Teambuilder Teams To Download In EA College Football Pt.1,"Oct 6, 2024",1049,0:00:00
2024-07-09,9ITLicQfKaU,HBCU Teambuilder Teams To Download In EA College Football Pt.1,"Oct 6, 2024",1049,0:00:00
2024-07-10,9ITLicQfKaU,HBCU Teambuilder Teams To Download In EA College Football Pt.1,"Oct 6, 2024",1049,0:00:00
2024-07-11,9ITLicQfKaU,HBCU Teambuilder Teams To Download In EA College Football Pt.1,"Oct 6, 2024",1049,0:00:00
2024-07-12,9ITLicQfKaU,HBCU Teambuilder Teams To Download In EA College Football Pt.1,"Oct 6, 2024",1049,0:00:00
2024-07-13,9ITLicQfKaU,HBCU Teambuilder Teams To Download In EA College Football Pt.1,"Oct 6, 2024",1049,0:00:00
2024-07-14,9ITLicQfKaU,HBCU Teambuilder Teams To Download In EA College Football Pt.1,"Oct 6, 2024",1049,0:00:00
2024-07-15,9ITLicQfKaU,HBCU Teambuilder Teams To Download In EA College Football Pt.1,"Oct 6, 2024",1049,0:00:00
2024-07-16,9ITLicQfKaU,HBCU Teambuilder Teams To Download In EA College Football Pt.1,"Oct 6, 2024",1049,0:00:00
2024-07-17,9ITLicQfKaU,HBCU Teambuilder Teams To Download In EA College Football Pt.1,"Oct 6, 2024",1049,0:00:00
2024-07-18,9ITLicQfKaU,HBCU Teambuilder Teams To Download In EA College Football Pt.1,"Oct 6, 2024",1049,0:00:00
2024-07-19,9ITLicQfKaU,HBCU Teambuilder Teams To Download In EA College Football Pt.1,"Oct 6, 2024",1049,0:00:00
2024-07-20,9ITLicQfKaU,HBCU Teambuilder Teams To Download In EA College Football Pt.1,"Oct 6, 2024",1049,0:00:00
2024-07-21,9ITLicQfKaU,HBCU Teambuilder Teams To Download In EA College Football Pt.1,"Oct 6, 2024",1049,0:00:00
2024-07-22,9ITLicQfKaU,HBCU Teambuilder Teams To Download In EA College Football Pt.1,"Oct 6, 2024",1049,0:00:00
2024-07-23,9ITLicQfKaU,HBCU Teambuilder Teams To Download In EA College Football Pt.1,"Oct 6, 2024",1049,0:00:00
2024-07-24,9ITLicQfKaU,HBCU Teambuilder Teams To Download In EA College Football Pt.1,"Oct 6, 2024",1049,0:00:00
2024-07-25,9ITLicQfKaU,HBCU Teambuilder Teams To Download In EA College Football Pt.1,"Oct 6, 2024",1049,0:00:00
2024-07-26,9ITLicQfKaU,HBCU Teambuilder Teams To Download In EA College Football Pt.1,"Oct 6, 2024",1049,0:00:00
2024-07-27,9ITLicQfKaU,HBCU Teambuilder Teams To Download In EA College Football Pt.1,"Oct 6, 2024",1049,0:00:00
2024-07-28,9ITLicQfKaU,HBCU Teambuilder Teams To Download In EA College Football Pt.1,"Oct 6, 2024",1049,0:00:00
2024-07-29,9ITLicQfKaU,HBCU Teambuilder Teams To Download In EA College Football Pt.1,"Oct 6, 2024",1049,0:00:00
2024-07-30,9ITLicQfKaU,HBCU Teambuilder Teams To Download In EA College Football Pt.1,"Oct 6, 2024",1049,0:00:00
2024-07-31,9ITLicQfKaU,HBCU Teambuilder Teams To Download In EA College Football Pt.1,"Oct 6, 2024",1049,0:00:00
2024-08-01,9ITLicQfKaU,HBCU Teambuilder Teams To Download In EA College Football Pt.1,"Oct 6, 2024",1049,0:00:00
2024-08-02,9ITLicQfKaU,HBCU Teambuilder Teams To Download In EA College Football Pt.1,"Oct 6, 2024",1049,0:00:00
2024-08-03,9ITLicQfKaU,HBCU Teambuilder Teams To Download In EA College Football Pt.1,"Oct 6, 2024",1049,0:00:00
2024-08-04,9ITLicQfKaU,HBCU Teambuilder Teams To Download In EA College Football Pt.1,"Oct 6, 2024",1049,0:00:00
2024-08-05,9ITLicQfKaU,HBCU Teambuilder Teams To Download In EA College Football Pt.1,"Oct 6, 2024",1049,0:00:00
2024-08-06,9ITLicQfKaU,HBCU Teambuilder Teams To Download In EA College Football Pt.1,"Oct 6, 2024",1049,0:00:00
2024-08-07,9ITLicQfKaU,HBCU Teambuilder Teams To Download In EA College Football Pt.1,"Oct 6, 2024",1049,0:00:00
2024-08-08,9ITLicQfKaU,HBCU Teambuilder Teams To Download In EA College Football Pt.1,"Oct 6, 2024",1049,0:00:00
2024-08-09,9ITLicQfKaU,HBCU Teambuilder Teams To Download In EA College Football Pt.1,"Oct 6, 2024",1049,0:00:00
2024-08-10,9ITLicQfKaU,HBCU Teambuilder Teams To Download In EA College Football Pt.1,"Oct 6, 2024",1049,0:00:00
2024-08-11,9ITLicQfKaU,HBCU Teambuilder Teams To Download In EA College Football Pt.1,"Oct 6, 2024",1049,0:00:00
2024-08-12,9ITLicQfKaU,HBCU Teambuilder Teams To Download In EA College Football Pt.1,"Oct 6, 2024",1049,0:00:00
2024-08-13,9ITLicQfKaU,HBCU Teambuilder Teams To Download In EA College Football Pt.1,"Oct 6, 2024",1049,0:00:00
2024-08-14,9ITLicQfKaU,HBCU Teambuilder Teams To Download In EA College Football Pt.1,"Oct 6, 2024",1049,0:00:00
2024-08-15,9ITLicQfKaU,HBCU Teambuilder Teams To Download In EA College Football Pt.1,"Oct 6, 2024",1049,0:00:00
2024-08-16,9ITLicQfKaU,HBCU Teambuilder Teams To Download In EA College Football Pt.1,"Oct 6, 2024",1049,0:00:00
2024-08-17,9ITLicQfKaU,HBCU Teambuilder Teams To Download In EA College Football Pt.1,"Oct 6, 2024",1049,0:00:00
2024-08-18,9ITLicQfKaU,HBCU Teambuilder Teams To Download In EA College Football Pt.1,"Oct 6, 2024",1049,0:00:00
2024-08-19,9ITLicQfKaU,HBCU Teambuilder Teams To Download In EA College Football Pt.1,"Oct 6, 2024",1049,0:00:00
2024-08-20,9ITLicQfKaU,HBCU Teambuilder Teams To Download In EA College Football Pt.1,"Oct 6, 2024",1049,0:00:00
2024-08-21,9ITLicQfKaU,HBCU Teambuilder Teams To Download In EA College Football Pt.1,"Oct 6, 2024",1049,0:00:00
2024-08-22,9ITLicQfKaU,HBCU Teambuilder Teams To Download In EA College Football Pt.1,"Oct 6, 2024",1049,0:00:00
2024-08-23,9ITLicQfKaU,HBCU Teambuilder Teams To Download In EA College Football Pt.1,"Oct 6, 2024",1049,0:00:00
2024-08-24,9ITLicQfKaU,HBCU Teambuilder Teams To Download In EA College Football Pt.1,"Oct 6, 2024",1049,0:00:00
2024-08-25,9ITLicQfKaU,HBCU Teambuilder Teams To Download In EA College Football Pt.1,"Oct 6, 2024",1049,0:00:00
2024-08-26,9ITLicQfKaU,HBCU Teambuilder Teams To Download In EA College Football Pt.1,"Oct 6, 2024",1049,0:00:00
2024-08-27,9ITLicQfKaU,HBCU Teambuilder Teams To Download In EA College Football Pt.1,"Oct 6, 2024",1049,0:00:00
2024-08-28,9ITLicQfKaU,HBCU Teambuilder Teams To Download In EA College Football Pt.1,"Oct 6, 2024",1049,0:00:00
2024-08-29,9ITLicQfKaU,HBCU Teambuilder Teams To Download In EA College Football Pt.1,"Oct 6, 2024",1049,0:00:00
2024-08-30,9ITLicQfKaU,HBCU Teambuilder Teams To Download In EA College Football Pt.1,"Oct 6, 2024",1049,0:00:00
2024-08-31,9ITLicQfKaU,HBCU Teambuilder Teams To Download In EA College Football Pt.1,"Oct 6, 2024",1049,0:00:00
2024-09-01,9ITLicQfKaU,HBCU Teambuilder Teams To Download In EA College Football Pt.1,"Oct 6, 2024",1049,0:00:00
2024-09-02,9ITLicQfKaU,HBCU Teambuilder Teams To Download In EA College Football Pt.1,"Oct 6, 2024",1049,0:00:00
2024-09-03,9ITLicQfKaU,HBCU Teambuilder Teams To Download In EA College Football Pt.1,"Oct 6, 2024",1049,0:00:00
2024-09-04,9ITLicQfKaU,HBCU Teambuilder Teams To Download In EA College Football Pt.1,"Oct 6, 2024",1049,0:00:00
2024-09-05,9ITLicQfKaU,HBCU Teambuilder Teams To Download In EA College Football Pt.1,"Oct 6, 2024",1049,0:00:00
2024-09-06,9ITLicQfKaU,HBCU Teambuilder Teams To Download In EA College Football Pt.1,"Oct 6, 2024",1049,0:00:00
2024-09-07,9ITLicQfKaU,HBCU Teambuilder Teams To Download In EA College Football Pt.1,"Oct 6, 2024",1049,0:00:00
2024-09-08,9ITLicQfKaU,HBCU Teambuilder Teams To Download In EA College Football Pt.1,"Oct 6, 2024",1049,0:00:00
2024-09-09,9ITLicQfKaU,HBCU Teambuilder Teams To Download In EA College Football Pt.1,"Oct 6, 2024",1049,0:00:00
2024-09-10,9ITLicQfKaU,HBCU Teambuilder Teams To Download In EA College Football Pt.1,"Oct 6, 2024",1049,0:00:00
2024-09-11,9ITLicQfKaU,HBCU Teambuilder Teams To Download In EA College Football Pt.1,"Oct 6, 2024",1049,0:00:00
2024-09-12,9ITLicQfKaU,HBCU Teambuilder Teams To Download In EA College Football Pt.1,"Oct 6, 2024",1049,0:00:00
2024-09-13,9ITLicQfKaU,HBCU Teambuilder Teams To Download In EA College Football Pt.1,"Oct 6, 2024",1049,0:00:00
2024-09-14,9ITLicQfKaU,HBCU Teambuilder Teams To Download In EA College Football Pt.1,"Oct 6, 2024",1049,0:00:00
2024-09-15,9ITLicQfKaU,HBCU Teambuilder Teams To Download In EA College Football Pt.1,"Oct 6, 2024",1049,0:00:00
2024-09-16,9ITLicQfKaU,HBCU Teambuilder Teams To Download In EA College Football Pt.1,"Oct 6, 2024",1049,0:00:00
2024-09-17,9ITLicQfKaU,HBCU Teambuilder Teams To Download In EA College Football Pt.1,"Oct 6, 2024",1049,0:00:00
2024-09-18,9ITLicQfKaU,HBCU Teambuilder Teams To Download In EA College Football Pt.1,"Oct 6, 2024",1049,0:00:00
2024-09-19,9ITLicQfKaU,HBCU Teambuilder Teams To Download In EA College Football Pt.1,"Oct 6, 2024",1049,0:00:00
2024-09-20,9ITLicQfKaU,HBCU Teambuilder Teams To Download In EA College Football Pt.1,"Oct 6, 2024",1049,0:00:00
2024-09-21,9ITLicQfKaU,HBCU Teambuilder Teams To Download In EA College Football Pt.1,"Oct 6, 2024",1049,0:00:00
2024-09-22,9ITLicQfKaU,HBCU Teambuilder Teams To Download In EA College Football Pt.1,"Oct 6, 2024",1049,0:00:00
2024-09-23,9ITLicQfKaU,HBCU Teambuilder Teams To Download In EA College Football Pt.1,"Oct 6, 2024",1049,0:00:00
2024-09-24,9ITLicQfKaU,HBCU Teambuilder Teams To Download In EA College Football Pt.1,"Oct 6, 2024",1049,0:00:00
2024-09-25,9ITLicQfKaU,HBCU Teambuilder Teams To Download In EA College Football Pt.1,"Oct 6, 2024",1049,0:00:00
2024-09-26,9ITLicQfKaU,HBCU Teambuilder Teams To Download In EA College Football Pt.1,"Oct 6, 2024",1049,0:00:00
2024-09-27,9ITLicQfKaU,HBCU Teambuilder Teams To Download In EA College Football Pt.1,"Oct 6, 2024",1049,0:00:00
2024-09-28,9ITLicQfKaU,HBCU Teambuilder Teams To Download In EA College Football Pt.1,"Oct 6, 2024",1049,0:00:00
2024-09-29,9ITLicQfKaU,HBCU Teambuilder Teams To Download In EA College Football Pt.1,"Oct 6, 2024",1049,0:00:00
2024-09-30,9ITLicQfKaU,HBCU Teambuilder Teams To Download In EA College Football Pt.1,"Oct 6, 2024",1049,0:00:00
2024-10-01,9ITLicQfKaU,HBCU Teambuilder Teams To Download In EA College Football Pt.1,"Oct 6, 2024",1049,0:00:00
2024-10-02,9ITLicQfKaU,HBCU Teambuilder Teams To Download In EA College Football Pt.1,"Oct 6, 2024",1049,0:00:00
2024-10-03,9ITLicQfKaU,HBCU Teambuilder Teams To Download In EA College Football Pt.1,"Oct 6, 2024",1049,0:00:00
2024-10-04,9ITLicQfKaU,HBCU Teambuilder Teams To Download In EA College Football Pt.1,"Oct 6, 2024",1049,0:00:00
2024-10-05,9ITLicQfKaU,HBCU Teambuilder Teams To Download In EA College Football Pt.1,"Oct 6, 2024",1049,0:09:59
2024-10-06,9ITLicQfKaU,HBCU Teambuilder Teams To Download In EA College Football Pt.1,"Oct 6, 2024",1049,0:04:18
2024-10-07,9ITLicQfKaU,HBCU Teambuilder Teams To Download In EA College Football Pt.1,"Oct 6, 2024",1049,0:03:49
2024-10-08,9ITLicQfKaU,HBCU Teambuilder Teams To Download In EA College Football Pt.1,"Oct 6, 2024",1049,0:04:43
2024-10-09,9ITLicQfKaU,HBCU Teambuilder Teams To Download In EA College Football Pt.1,"Oct 6, 2024",1049,0:04:46
2024-10-10,9ITLicQfKaU,HBCU Teambuilder Teams To Download In EA College Football Pt.1,"Oct 6, 2024",1049,0:04:20
2024-10-11,9ITLicQfKaU,HBCU Teambuilder Teams To Download In EA College Football Pt.1,"Oct 6, 2024",1049,0:04:34
2024-10-12,9ITLicQfKaU,HBCU Teambuilder Teams To Download In EA College Football Pt.1,"Oct 6, 2024",1049,0:04:21
2024-10-13,9ITLicQfKaU,HBCU Teambuilder Teams To Download In EA College Football Pt.1,"Oct 6, 2024",1049,0:04:09
2024-10-14,9ITLicQfKaU,HBCU Teambuilder Teams To Download In EA College Football Pt.1,"Oct 6, 2024",1049,0:04:26
2024-10-15,9ITLicQfKaU,HBCU Teambuilder Teams To Download In EA College Football Pt.1,"Oct 6, 2024",1049,0:05:25
2024-10-16,9ITLicQfKaU,HBCU Teambuilder Teams To Download In EA College Football Pt.1,"Oct 6, 2024",1049,0:05:04
2024-10-17,9ITLicQfKaU,HBCU Teambuilder Teams To Download In EA College Football Pt.1,"Oct 6, 2024",1049,0:03:16
2024-10-18,9ITLicQfKaU,HBCU Teambuilder Teams To Download In EA College Football Pt.1,"Oct 6, 2024",1049,0:04:37
2024-10-19,9ITLicQfKaU,HBCU Teambuilder Teams To Download In EA College Football Pt.1,"Oct 6, 2024",1049,0:04:33
2024-10-20,9ITLicQfKaU,HBCU Teambuilder Teams To Download In EA College Football Pt.1,"Oct 6, 2024",1049,0:04:33
2024-10-21,9ITLicQfKaU,HBCU Teambuilder Teams To Download In EA College Football Pt.1,"Oct 6, 2024",1049,0:03:41
2024-10-22,9ITLicQfKaU,HBCU Teambuilder Teams To Download In EA College Football Pt.1,"Oct 6, 2024",1049,0:03:05
2024-10-23,9ITLicQfKaU,HBCU Teambuilder Teams To Download In EA College Football Pt.1,"Oct 6, 2024",1049,0:03:41
2024-10-24,9ITLicQfKaU,HBCU Teambuilder Teams To Download In EA College Football Pt.1,"Oct 6, 2024",1049,0:04:34
2024-10-25,9ITLicQfKaU,HBCU Teambuilder Teams To Download In EA College Football Pt.1,"Oct 6, 2024",1049,0:04:17
2024-10-26,9ITLicQfKaU,HBCU Teambuilder Teams To Download In EA College Football Pt.1,"Oct 6, 2024",1049,0:03:18
2024-10-27,9ITLicQfKaU,HBCU Teambuilder Teams To Download In EA College Football Pt.1,"Oct 6, 2024",1049,0:03:55
2024-10-28,9ITLicQfKaU,HBCU Teambuilder Teams To Download In EA College Football Pt.1,"Oct 6, 2024",1049,0:05:53
2024-10-29,9ITLicQfKaU,HBCU Teambuilder Teams To Download In EA College Football Pt.1,"Oct 6, 2024",1049,0:04:05
2024-10-30,9ITLicQfKaU,HBCU Teambuilder Teams To Download In EA College Football Pt.1,"Oct 6, 2024",1049,0:03:48
2024-10-31,9ITLicQfKaU,HBCU Teambuilder Teams To Download In EA College Football Pt.1,"Oct 6, 2024",1049,0:04:30
2024-11-01,9ITLicQfKaU,HBCU Teambuilder Teams To Download In EA College Football Pt.1,"Oct 6, 2024",1049,0:04:46
2024-11-02,9ITLicQfKaU,HBCU Teambuilder Teams To Download In EA College Football Pt.1,"Oct 6, 2024",1049,0:04:14
2024-11-03,9ITLicQfKaU,HBCU Teambuilder Teams To Download In EA College Football Pt.1,"Oct 6, 2024",1049,0:03:53
2024-11-04,9ITLicQfKaU,HBCU Teambuilder Teams To Download In EA College Football Pt.1,"Oct 6, 2024",1049,0:04:02
2024-11-05,9ITLicQfKaU,HBCU Teambuilder Teams To Download In EA College Football Pt.1,"Oct 6, 2024",1049,0:04:06
2024-11-06,9ITLicQfKaU,HBCU Teambuilder Teams To Download In EA College Football Pt.1,"Oct 6, 2024",1049,0:04:12
2024-11-07,9ITLicQfKaU,HBCU Teambuilder Teams To Download In EA College Football Pt.1,"Oct 6, 2024",1049,0:03:51
2024-11-08,9ITLicQfKaU,HBCU Teambuilder Teams To Download In EA College Football Pt.1,"Oct 6, 2024",1049,0:02:21
2024-11-09,9ITLicQfKaU,HBCU Teambuilder Teams To Download In EA College Football Pt.1,"Oct 6, 2024",1049,0:03:04
2024-11-10,9ITLicQfKaU,HBCU Teambuilder Teams To Download In EA College Football Pt.1,"Oct 6, 2024",1049,0:03:54
2024-11-11,9ITLicQfKaU,HBCU Teambuilder Teams To Download In EA College Football Pt.1,"Oct 6, 2024",1049,0:03:01
2024-11-12,9ITLicQfKaU,HBCU Teambuilder Teams To Download In EA College Football Pt.1,"Oct 6, 2024",1049,0:03:35
2024-11-13,9ITLicQfKaU,HBCU Teambuilder Teams To Download In EA College Football Pt.1,"Oct 6, 2024",1049,0:03:52
2024-11-14,9ITLicQfKaU,HBCU Teambuilder Teams To Download In EA College Football Pt.1,"Oct 6, 2024",1049,0:03:34
2024-11-15,9ITLicQfKaU,HBCU Teambuilder Teams To Download In EA College Football Pt.1,"Oct 6, 2024",1049,0:03:02
2024-11-16,9ITLicQfKaU,HBCU Teambuilder Teams To Download In EA College Football Pt.1,"Oct 6, 2024",1049,0:03:31
2024-11-17,9ITLicQfKaU,HBCU Teambuilder Teams To Download In EA College Football Pt.1,"Oct 6, 2024",1049,0:03:32
2024-11-18,9ITLicQfKaU,HBCU Teambuilder Teams To Download In EA College Football Pt.1,"Oct 6, 2024",1049,0:03:41
2024-11-19,9ITLicQfKaU,HBCU Teambuilder Teams To Download In EA College Football Pt.1,"Oct 6, 2024",1049,0:03:08
2024-11-20,9ITLicQfKaU,HBCU Teambuilder Teams To Download In EA College Football Pt.1,"Oct 6, 2024",1049,0:04:36
2024-11-21,9ITLicQfKaU,HBCU Teambuilder Teams To Download In EA College Football Pt.1,"Oct 6, 2024",1049,0:03:50
2024-11-22,9ITLicQfKaU,HBCU Teambuilder Teams To Download In EA College Football Pt.1,"Oct 6, 2024",1049,0:04:08
2024-11-23,9ITLicQfKaU,HBCU Teambuilder Teams To Download In EA College Football Pt.1,"Oct 6, 2024",1049,0:03:38
2024-11-24,9ITLicQfKaU,HBCU Teambuilder Teams To Download In EA College Football Pt.1,"Oct 6, 2024",1049,0:03:39
2024-11-25,9ITLicQfKaU,HBCU Teambuilder Teams To Download In EA College Football Pt.1,"Oct 6, 2024",1049,0:03:39
2024-11-26,9ITLicQfKaU,HBCU Teambuilder Teams To Download In EA College Football Pt.1,"Oct 6, 2024",1049,0:04:27
2024-11-27,9ITLicQfKaU,HBCU Teambuilder Teams To Download In EA College Football Pt.1,"Oct 6, 2024",1049,0:04:14
2024-11-28,9ITLicQfKaU,HBCU Teambuilder Teams To Download In EA College Football Pt.1,"Oct 6, 2024",1049,0:03:38
2024-11-29,9ITLicQfKaU,HBCU Teambuilder Teams To Download In EA College Football Pt.1,"Oct 6, 2024",1049,0:03:34
2024-11-30,9ITLicQfKaU,HBCU Teambuilder Teams To Download In EA College Football Pt.1,"Oct 6, 2024",1049,0:03:59
2024-12-01,9ITLicQfKaU,HBCU Teambuilder Teams To Download In EA College Football Pt.1,"Oct 6, 2024",1049,0:03:58
2024-12-02,9ITLicQfKaU,HBCU Teambuilder Teams To Download In EA College Football Pt.1,"Oct 6, 2024",1049,0:04:42
2024-12-03,9ITLicQfKaU,HBCU Teambuilder Teams To Download In EA College Football Pt.1,"Oct 6, 2024",1049,0:04:21
2024-12-04,9ITLicQfKaU,HBCU Teambuilder Teams To Download In EA College Football Pt.1,"Oct 6, 2024",1049,0:04:15
2024-12-05,9ITLicQfKaU,HBCU Teambuilder Teams To Download In EA College Football Pt.1,"Oct 6, 2024",1049,0:02:57
2024-12-06,9ITLicQfKaU,HBCU Teambuilder Teams To Download In EA College Football Pt.1,"Oct 6, 2024",1049,0:03:33
2024-12-07,9ITLicQfKaU,HBCU Teambuilder Teams To Download In EA College Football Pt.1,"Oct 6, 2024",1049,0:03:33
2024-12-08,9ITLicQfKaU,HBCU Teambuilder Teams To Download In EA College Football Pt.1,"Oct 6, 2024",1049,0:03:37
2024-12-09,9ITLicQfKaU,HBCU Teambuilder Teams To Download In EA College Football Pt.1,"Oct 6, 2024",1049,0:03:56
2024-12-10,9ITLicQfKaU,HBCU Teambuilder Teams To Download In EA College Football Pt.1,"Oct 6, 2024",1049,0:03:57
2024-12-11,9ITLicQfKaU,HBCU Teambuilder Teams To Download In EA College Football Pt.1,"Oct 6, 2024",1049,0:03:23
2024-12-12,9ITLicQfKaU,HBCU Teambuilder Teams To Download In EA College Football Pt.1,"Oct 6, 2024",1049,0:03:45
2024-12-13,9ITLicQfKaU,HBCU Teambuilder Teams To Download In EA College Football Pt.1,"Oct 6, 2024",1049,0:03:36
2024-12-14,9ITLicQfKaU,HBCU Teambuilder Teams To Download In EA College Football Pt.1,"Oct 6, 2024",1049,0:03:11
2024-12-15,9ITLicQfKaU,HBCU Teambuilder Teams To Download In EA College Football Pt.1,"Oct 6, 2024",1049,0:02:54
2024-12-16,9ITLicQfKaU,HBCU Teambuilder Teams To Download In EA College Football Pt.1,"Oct 6, 2024",1049,0:03:27
2024-12-17,9ITLicQfKaU,HBCU Teambuilder Teams To Download In EA College Football Pt.1,"Oct 6, 2024",1049,0:03:31
2024-12-18,9ITLicQfKaU,HBCU Teambuilder Teams To Download In EA College Football Pt.1,"Oct 6, 2024",1049,0:02:37
2024-12-19,9ITLicQfKaU,HBCU Teambuilder Teams To Download In EA College Football Pt.1,"Oct 6, 2024",1049,0:03:47
2024-12-20,9ITLicQfKaU,HBCU Teambuilder Teams To Download In EA College Football Pt.1,"Oct 6, 2024",1049,0:03:29
2024-12-21,9ITLicQfKaU,HBCU Teambuilder Teams To Download In EA College Football Pt.1,"Oct 6, 2024",1049,0:02:57
2024-12-22,9ITLicQfKaU,HBCU Teambuilder Teams To Download In EA College Football Pt.1,"Oct 6, 2024",1049,0:03:14
2024-12-23,9ITLicQfKaU,HBCU Teambuilder Teams To Download In EA College Football Pt.1,"Oct 6, 2024",1049,0:03:32
2024-12-24,9ITLicQfKaU,HBCU Teambuilder Teams To Download In EA College Football Pt.1,"Oct 6, 2024",1049,0:02:55
2024-12-25,9ITLicQfKaU,HBCU Teambuilder Teams To Download In EA College Football Pt.1,"Oct 6, 2024",1049,0:03:40
2024-12-26,9ITLicQfKaU,HBCU Teambuilder Teams To Download In EA College Football Pt.1,"Oct 6, 2024",1049,0:03:18
2024-12-27,9ITLicQfKaU,HBCU Teambuilder Teams To Download In EA College Football Pt.1,"Oct 6, 2024",1049,0:02:58
2024-12-28,9ITLicQfKaU,HBCU Teambuilder Teams To Download In EA College Football Pt.1,"Oct 6, 2024",1049,0:04:06
2024-12-29,9ITLicQfKaU,HBCU Teambuilder Teams To Download In EA College Football Pt.1,"Oct 6, 2024",1049,0:02:43
2024-12-30,9ITLicQfKaU,HBCU Teambuilder Teams To Download In EA College Football Pt.1,"Oct 6, 2024",1049,0:03:33
2024-12-31,9ITLicQfKaU,HBCU Teambuilder Teams To Download In EA College Football Pt.1,"Oct 6, 2024",1049,0:03:23
2025-01-01,9ITLicQfKaU,HBCU Teambuilder Teams To Download In EA College Football Pt.1,"Oct 6, 2024",1049,0:03:11
2025-01-02,9ITLicQfKaU,HBCU Teambuilder Teams To Download In EA College Football Pt.1,"Oct 6, 2024",1049,0:03:07
2025-01-03,9ITLicQfKaU,HBCU Teambuilder Teams To Download In EA College Football Pt.1,"Oct 6, 2024",1049,0:03:21
2025-01-04,9ITLicQfKaU,HBCU Teambuilder Teams To Download In EA College Football Pt.1,"Oct 6, 2024",1049,0:03:48
2025-01-05,9ITLicQfKaU,HBCU Teambuilder Teams To Download In EA College Football Pt.1,"Oct 6, 2024",1049,0:03:50
2025-01-06,9ITLicQfKaU,HBCU Teambuilder Teams To Download In EA College Football Pt.1,"Oct 6, 2024",1049,0:02:38
2025-01-07,9ITLicQfKaU,HBCU Teambuilder Teams To Download In EA College Football Pt.1,"Oct 6, 2024",1049,0:03:47
2025-01-08,9ITLicQfKaU,HBCU Teambuilder Teams To Download In EA College Football Pt.1,"Oct 6, 2024",1049,0:03:43
2025-01-09,9ITLicQfKaU,HBCU Teambuilder Teams To Download In EA College Football Pt.1,"Oct 6, 2024",1049,0:02:53
2025-01-10,9ITLicQfKaU,HBCU Teambuilder Teams To Download In EA College Football Pt.1,"Oct 6, 2024",1049,0:03:26
2025-01-11,9ITLicQfKaU,HBCU Teambuilder Teams To Download In EA College Football Pt.1,"Oct 6, 2024",1049,0:02:59
2025-01-12,9ITLicQfKaU,HBCU Teambuilder Teams To Download In EA College Football Pt.1,"Oct 6, 2024",1049,0:02:50
2025-01-13,9ITLicQfKaU,HBCU Teambuilder Teams To Download In EA College Football Pt.1,"Oct 6, 2024",1049,0:03:22
2025-01-14,9ITLicQfKaU,HBCU Teambuilder Teams To Download In EA College Football Pt.1,"Oct 6, 2024",1049,0:03:14
2025-01-15,9ITLicQfKaU,HBCU Teambuilder Teams To Download In EA College Football Pt.1,"Oct 6, 2024",1049,0:03:41
2025-01-16,9ITLicQfKaU,HBCU Teambuilder Teams To Download In EA College Football Pt.1,"Oct 6, 2024",1049,0:05:22
2025-01-17,9ITLicQfKaU,HBCU Teambuilder Teams To Download In EA College Football Pt.1,"Oct 6, 2024",1049,0:03:12
2025-01-18,9ITLicQfKaU,HBCU Teambuilder Teams To Download In EA College Football Pt.1,"Oct 6, 2024",1049,0:04:21
2025-01-19,9ITLicQfKaU,HBCU Teambuilder Teams To Download In EA College Football Pt.1,"Oct 6, 2024",1049,0:02:40
2025-01-20,9ITLicQfKaU,HBCU Teambuilder Teams To Download In EA College Football Pt.1,"Oct 6, 2024",1049,0:03:41
2025-01-21,9ITLicQfKaU,HBCU Teambuilder Teams To Download In EA College Football Pt.1,"Oct 6, 2024",1049,0:03:11
2025-01-22,9ITLicQfKaU,HBCU Teambuilder Teams To Download In EA College Football Pt.1,"Oct 6, 2024",1049,0:03:15
2025-01-23,9ITLicQfKaU,HBCU Teambuilder Teams To Download In EA College Football Pt.1,"Oct 6, 2024",1049,0:03:34
2025-01-24,9ITLicQfKaU,HBCU Teambuilder Teams To Download In EA College Football Pt.1,"Oct 6, 2024",1049,0:04:05
2025-01-25,9ITLicQfKaU,HBCU Teambuilder Teams To Download In EA College Football Pt.1,"Oct 6, 2024",1049,0:04:05
2025-01-26,9ITLicQfKaU,HBCU Teambuilder Teams To Download In EA College Football Pt.1,"Oct 6, 2024",1049,0:02:24
2025-01-27,9ITLicQfKaU,HBCU Teambuilder Teams To Download In EA College Football Pt.1,"Oct 6, 2024",1049,0:03:28
2025-01-28,9ITLicQfKaU,HBCU Teambuilder Teams To Download In EA College Football Pt.1,"Oct 6, 2024",1049,0:03:55
2025-01-29,9ITLicQfKaU,HBCU Teambuilder Teams To Download In EA College Football Pt.1,"Oct 6, 2024",1049,0:03:09
2025-01-30,9ITLicQfKaU,HBCU Teambuilder Teams To Download In EA College Football Pt.1,"Oct 6, 2024",1049,0:04:06
2025-01-31,9ITLicQfKaU,HBCU Teambuilder Teams To Download In EA College Football Pt.1,"Oct 6, 2024",1049,0:02:34
2025-02-01,9ITLicQfKaU,HBCU Teambuilder Teams To Download In EA College Football Pt.1,"Oct 6, 2024",1049,0:03:24
2025-02-02,9ITLicQfKaU,HBCU Teambuilder Teams To Download In EA College Football Pt.1,"Oct 6, 2024",1049,0:02:06
2025-02-03,9ITLicQfKaU,HBCU Teambuilder Teams To Download In EA College Football Pt.1,"Oct 6, 2024",1049,0:03:16
2025-02-04,9ITLicQfKaU,HBCU Teambuilder Teams To Download In EA College Football Pt.1,"Oct 6, 2024",1049,0:04:47
2025-02-05,9ITLicQfKaU,HBCU Teambuilder Teams To Download In EA College Football Pt.1,"Oct 6, 2024",1049,0:03:14
2025-02-06,9ITLicQfKaU,HBCU Teambuilder Teams To Download In EA College Football Pt.1,"Oct 6, 2024",1049,0:03:44
2025-02-07,9ITLicQfKaU,HBCU Teambuilder Teams To Download In EA College Football Pt.1,"Oct 6, 2024",1049,0:03:50
2025-02-08,9ITLicQfKaU,HBCU Teambuilder Teams To Download In EA College Football Pt.1,"Oct 6, 2024",1049,0:03:21
2025-02-09,9ITLicQfKaU,HBCU Teambuilder Teams To Download In EA College Football Pt.1,"Oct 6, 2024",1049,0:03:14
2025-02-10,9ITLicQfKaU,HBCU Teambuilder Teams To Download In EA College Football Pt.1,"Oct 6, 2024",1049,0:03:54
2025-02-11,9ITLicQfKaU,HBCU Teambuilder Teams To Download In EA College Football Pt.1,"Oct 6, 2024",1049,0:02:53
2025-02-12,9ITLicQfKaU,HBCU Teambuilder Teams To Download In EA College Football Pt.1,"Oct 6, 2024",1049,0:03:16
2025-02-13,9ITLicQfKaU,HBCU Teambuilder Teams To Download In EA College Football Pt.1,"Oct 6, 2024",1049,0:03:46
2025-02-14,9ITLicQfKaU,HBCU Teambuilder Teams To Download In EA College Football Pt.1,"Oct 6, 2024",1049,0:02:56
2025-02-15,9ITLicQfKaU,HBCU Teambuilder Teams To Download In EA College Football Pt.1,"Oct 6, 2024",1049,0:03:38
2025-02-16,9ITLicQfKaU,HBCU Teambuilder Teams To Download In EA College Football Pt.1,"Oct 6, 2024",1049,0:03:49
2025-02-17,9ITLicQfKaU,HBCU Teambuilder Teams To Download In EA College Football Pt.1,"Oct 6, 2024",1049,0:02:52
2025-02-18,9ITLicQfKaU,HBCU Teambuilder Teams To Download In EA College Football Pt.1,"Oct 6, 2024",1049,0:03:44
2025-02-19,9ITLicQfKaU,HBCU Teambuilder Teams To Download In EA College Football Pt.1,"Oct 6, 2024",1049,0:03:45
2025-02-20,9ITLicQfKaU,HBCU Teambuilder Teams To Download In EA College Football Pt.1,"Oct 6, 2024",1049,0:03:04
2025-02-21,9ITLicQfKaU,HBCU Teambuilder Teams To Download In EA College Football Pt.1,"Oct 6, 2024",1049,0:03:02
2025-02-22,9ITLicQfKaU,HBCU Teambuilder Teams To Download In EA College Football Pt.1,"Oct 6, 2024",1049,0:04:43
2025-02-23,9ITLicQfKaU,HBCU Teambuilder Teams To Download In EA College Football Pt.1,"Oct 6, 2024",1049,0:01:35
2025-02-24,9ITLicQfKaU,HBCU Teambuilder Teams To Download In EA College Football Pt.1,"Oct 6, 2024",1049,0:03:44
2025-02-25,9ITLicQfKaU,HBCU Teambuilder Teams To Download In EA College Football Pt.1,"Oct 6, 2024",1049,0:02:33
2025-02-26,9ITLicQfKaU,HBCU Teambuilder Teams To Download In EA College Football Pt.1,"Oct 6, 2024",1049,0:03:22
2025-02-27,9ITLicQfKaU,HBCU Teambuilder Teams To Download In EA College Football Pt.1,"Oct 6, 2024",1049,0:03:30
2025-02-28,9ITLicQfKaU,HBCU Teambuilder Teams To Download In EA College Football Pt.1,"Oct 6, 2024",1049,0:04:00
2025-03-01,9ITLicQfKaU,HBCU Teambuilder Teams To Download In EA College Football Pt.1,"Oct 6, 2024",1049,0:02:19
2025-03-02,9ITLicQfKaU,HBCU Teambuilder Teams To Download In EA College Football Pt.1,"Oct 6, 2024",1049,0:02:34
2025-03-03,9ITLicQfKaU,HBCU Teambuilder Teams To Download In EA College Football Pt.1,"Oct 6, 2024",1049,0:02:31
2025-03-04,9ITLicQfKaU,HBCU Teambuilder Teams To Download In EA College Football Pt.1,"Oct 6, 2024",1049,0:03:07
2025-03-05,9ITLicQfKaU,HBCU Teambuilder Teams To Download In EA College Football Pt.1,"Oct 6, 2024",1049,0:04:27
2025-03-06,9ITLicQfKaU,HBCU Teambuilder Teams To Download In EA College Football Pt.1,"Oct 6, 2024",1049,0:03:18
2025-03-07,9ITLicQfKaU,HBCU Teambuilder Teams To Download In EA College Football Pt.1,"Oct 6, 2024",1049,0:03:27
2025-03-08,9ITLicQfKaU,HBCU Teambuilder Teams To Download In EA College Football Pt.1,"Oct 6, 2024",1049,0:04:00
2025-03-09,9ITLicQfKaU,HBCU Teambuilder Teams To Download In EA College Football Pt.1,"Oct 6, 2024",1049,0:03:26
2025-03-10,9ITLicQfKaU,HBCU Teambuilder Teams To Download In EA College Football Pt.1,"Oct 6, 2024",1049,0:03:09
2025-03-11,9ITLicQfKaU,HBCU Teambuilder Teams To Download In EA College Football Pt.1,"Oct 6, 2024",1049,0:03:37
2025-03-12,9ITLicQfKaU,HBCU Teambuilder Teams To Download In EA College Football Pt.1,"Oct 6, 2024",1049,0:03:48
2025-03-13,9ITLicQfKaU,HBCU Teambuilder Teams To Download In EA College Football Pt.1,"Oct 6, 2024",1049,0:03:58
2025-03-14,9ITLicQfKaU,HBCU Teambuilder Teams To Download In EA College Football Pt.1,"Oct 6, 2024",1049,0:04:01
2025-03-15,9ITLicQfKaU,HBCU Teambuilder Teams To Download In EA College Football Pt.1,"Oct 6, 2024",1049,0:03:43
2025-03-16,9ITLicQfKaU,HBCU Teambuilder Teams To Download In EA College Football Pt.1,"Oct 6, 2024",1049,0:03:44
2025-03-17,9ITLicQfKaU,HBCU Teambuilder Teams To Download In EA College Football Pt.1,"Oct 6, 2024",1049,0:02:04
2025-03-18,9ITLicQfKaU,HBCU Teambuilder Teams To Download In EA College Football Pt.1,"Oct 6, 2024",1049,0:03:24
2025-03-19,9ITLicQfKaU,HBCU Teambuilder Teams To Download In EA College Football Pt.1,"Oct 6, 2024",1049,0:03:59
2025-03-20,9ITLicQfKaU,HBCU Teambuilder Teams To Download In EA College Football Pt.1,"Oct 6, 2024",1049,0:03:07
2025-03-21,9ITLicQfKaU,HBCU Teambuilder Teams To Download In EA College Football Pt.1,"Oct 6, 2024",1049,0:04:12
2025-03-22,9ITLicQfKaU,HBCU Teambuilder Teams To Download In EA College Football Pt.1,"Oct 6, 2024",1049,0:03:17
2025-03-23,9ITLicQfKaU,HBCU Teambuilder Teams To Download In EA College Football Pt.1,"Oct 6, 2024",1049,0:04:23
2025-03-24,9ITLicQfKaU,HBCU Teambuilder Teams To Download In EA College Football Pt.1,"Oct 6, 2024",1049,0:02:26
2025-03-25,9ITLicQfKaU,HBCU Teambuilder Teams To Download In EA College Football Pt.1,"Oct 6, 2024",1049,0:02:49
2025-03-26,9ITLicQfKaU,HBCU Teambuilder Teams To Download In EA College Football Pt.1,"Oct 6, 2024",1049,0:03:47
2025-03-27,9ITLicQfKaU,HBCU Teambuilder Teams To Download In EA College Football Pt.1,"Oct 6, 2024",1049,0:03:37
2025-03-28,9ITLicQfKaU,HBCU Teambuilder Teams To Download In EA College Football Pt.1,"Oct 6, 2024",1049,0:04:08
2025-03-29,9ITLicQfKaU,HBCU Teambuilder Teams To Download In EA College Football Pt.1,"Oct 6, 2024",1049,0:02:24
2025-03-30,9ITLicQfKaU,HBCU Teambuilder Teams To Download In EA College Football Pt.1,"Oct 6, 2024",1049,0:02:17
2025-03-31,9ITLicQfKaU,HBCU Teambuilder Teams To Download In EA College Football Pt.1,"Oct 6, 2024",1049,0:03:02
2025-04-01,9ITLicQfKaU,HBCU Teambuilder Teams To Download In EA College Football Pt.1,"Oct 6, 2024",1049,0:02:42
2025-04-02,9ITLicQfKaU,HBCU Teambuilder Teams To Download In EA College Football Pt.1,"Oct 6, 2024",1049,0:04:21
2025-04-03,9ITLicQfKaU,HBCU Teambuilder Teams To Download In EA College Football Pt.1,"Oct 6, 2024",1049,0:03:27
2025-04-04,9ITLicQfKaU,HBCU Teambuilder Teams To Download In EA College Football Pt.1,"Oct 6, 2024",1049,0:04:06
2025-04-05,9ITLicQfKaU,HBCU Teambuilder Teams To Download In EA College Football Pt.1,"Oct 6, 2024",1049,0:04:05
2025-04-06,9ITLicQfKaU,HBCU Teambuilder Teams To Download In EA College Football Pt.1,"Oct 6, 2024",1049,0:04:06
2025-04-07,9ITLicQfKaU,HBCU Teambuilder Teams To Download In EA College Football Pt.1,"Oct 6, 2024",1049,0:02:08
2025-04-08,9ITLicQfKaU,HBCU Teambuilder Teams To Download In EA College Football Pt.1,"Oct 6, 2024",1049,0:04:47
2025-04-09,9ITLicQfKaU,HBCU Teambuilder Teams To Download In EA College Football Pt.1,"Oct 6, 2024",1049,0:03:28
2025-04-10,9ITLicQfKaU,HBCU Teambuilder Teams To Download In EA College Football Pt.1,"Oct 6, 2024",1049,0:04:24
2025-04-11,9ITLicQfKaU,HBCU Teambuilder Teams To Download In EA College Football Pt.1,"Oct 6, 2024",1049,0:04:50
2025-04-12,9ITLicQfKaU,HBCU Teambuilder Teams To Download In EA College Football Pt.1,"Oct 6, 2024",1049,0:02:26
2025-04-13,9ITLicQfKaU,HBCU Teambuilder Teams To Download In EA College Football Pt.1,"Oct 6, 2024",1049,0:03:29
2025-04-14,9ITLicQfKaU,HBCU Teambuilder Teams To Download In EA College Football Pt.1,"Oct 6, 2024",1049,0:03:26
2025-04-15,9ITLicQfKaU,HBCU Teambuilder Teams To Download In EA College Football Pt.1,"Oct 6, 2024",1049,0:03:35
2025-04-16,9ITLicQfKaU,HBCU Teambuilder Teams To Download In EA College Football Pt.1,"Oct 6, 2024",1049,0:03:51
2025-04-17,9ITLicQfKaU,HBCU Teambuilder Teams To Download In EA College Football Pt.1,"Oct 6, 2024",1049,0:02:59
2025-04-18,9ITLicQfKaU,HBCU Teambuilder Teams To Download In EA College Football Pt.1,"Oct 6, 2024",1049,0:02:15
2025-04-19,9ITLicQfKaU,HBCU Teambuilder Teams To Download In EA College Football Pt.1,"Oct 6, 2024",1049,0:03:30
2025-04-20,9ITLicQfKaU,HBCU Teambuilder Teams To Download In EA College Football Pt.1,"Oct 6, 2024",1049,0:02:26
2025-04-21,9ITLicQfKaU,HBCU Teambuilder Teams To Download In EA College Football Pt.1,"Oct 6, 2024",1049,0:03:26
2025-04-22,9ITLicQfKaU,HBCU Teambuilder Teams To Download In EA College Football Pt.1,"Oct 6, 2024",1049,0:04:03
2025-04-23,9ITLicQfKaU,HBCU Teambuilder Teams To Download In EA College Football Pt.1,"Oct 6, 2024",1049,0:02:11
2025-04-24,9ITLicQfKaU,HBCU Teambuilder Teams To Download In EA College Football Pt.1,"Oct 6, 2024",1049,0:02:20
2025-04-25,9ITLicQfKaU,HBCU Teambuilder Teams To Download In EA College Football Pt.1,"Oct 6, 2024",1049,0:02:57
2025-04-26,9ITLicQfKaU,HBCU Teambuilder Teams To Download In EA College Football Pt.1,"Oct 6, 2024",1049,0:02:36
2025-04-27,9ITLicQfKaU,HBCU Teambuilder Teams To Download In EA College Football Pt.1,"Oct 6, 2024",1049,0:03:16
2025-04-28,9ITLicQfKaU,HBCU Teambuilder Teams To Download In EA College Football Pt.1,"Oct 6, 2024",1049,0:02:45
2025-04-29,9ITLicQfKaU,HBCU Teambuilder Teams To Download In EA College Football Pt.1,"Oct 6, 2024",1049,0:02:54
2025-04-30,9ITLicQfKaU,HBCU Teambuilder Teams To Download In EA College Football Pt.1,"Oct 6, 2024",1049,0:02:18
2025-05-01,9ITLicQfKaU,HBCU Teambuilder Teams To Download In EA College Football Pt.1,"Oct 6, 2024",1049,0:04:06
2025-05-02,9ITLicQfKaU,HBCU Teambuilder Teams To Download In EA College Football Pt.1,"Oct 6, 2024",1049,0:02:40
2025-05-03,9ITLicQfKaU,HBCU Teambuilder Teams To Download In EA College Football Pt.1,"Oct 6, 2024",1049,0:01:29
2025-05-04,9ITLicQfKaU,HBCU Teambuilder Teams To Download In EA College Football Pt.1,"Oct 6, 2024",1049,0:01:47
2025-05-05,9ITLicQfKaU,HBCU Teambuilder Teams To Download In EA College Football Pt.1,"Oct 6, 2024",1049,0:03:41
2025-05-06,9ITLicQfKaU,HBCU Teambuilder Teams To Download In EA College Football Pt.1,"Oct 6, 2024",1049,0:02:08
2025-05-07,9ITLicQfKaU,HBCU Teambuilder Teams To Download In EA College Football Pt.1,"Oct 6, 2024",1049,0:03:06
2025-05-08,9ITLicQfKaU,HBCU Teambuilder Teams To Download In EA College Football Pt.1,"Oct 6, 2024",1049,0:02:06
2025-05-09,9ITLicQfKaU,HBCU Teambuilder Teams To Download In EA College Football Pt.1,"Oct 6, 2024",1049,0:01:41
2025-05-10,9ITLicQfKaU,HBCU Teambuilder Teams To Download In EA College Football Pt.1,"Oct 6, 2024",1049,0:02:22
2025-05-11,9ITLicQfKaU,HBCU Teambuilder Teams To Download In EA College Football Pt.1,"Oct 6, 2024",1049,0:02:59
2025-05-12,9ITLicQfKaU,HBCU Teambuilder Teams To Download In EA College Football Pt.1,"Oct 6, 2024",1049,0:03:30
2025-05-13,9ITLicQfKaU,HBCU Teambuilder Teams To Download In EA College Football Pt.1,"Oct 6, 2024",1049,0:03:23
2025-05-14,9ITLicQfKaU,HBCU Teambuilder Teams To Download In EA College Football Pt.1,"Oct 6, 2024",1049,0:02:57
2025-05-15,9ITLicQfKaU,HBCU Teambuilder Teams To Download In EA College Football Pt.1,"Oct 6, 2024",1049,0:04:31
2025-05-16,9ITLicQfKaU,HBCU Teambuilder Teams To Download In EA College Football Pt.1,"Oct 6, 2024",1049,0:03:02
2025-05-17,9ITLicQfKaU,HBCU Teambuilder Teams To Download In EA College Football Pt.1,"Oct 6, 2024",1049,0:01:40
2025-05-18,9ITLicQfKaU,HBCU Teambuilder Teams To Download In EA College Football Pt.1,"Oct 6, 2024",1049,0:04:40
2025-05-19,9ITLicQfKaU,HBCU Teambuilder Teams To Download In EA College Football Pt.1,"Oct 6, 2024",1049,0:03:04
2025-05-20,9ITLicQfKaU,HBCU Teambuilder Teams To Download In EA College Football Pt.1,"Oct 6, 2024",1049,0:02:31
2025-05-21,9ITLicQfKaU,HBCU Teambuilder Teams To Download In EA College Football Pt.1,"Oct 6, 2024",1049,0:02:35
2025-05-22,9ITLicQfKaU,HBCU Teambuilder Teams To Download In EA College Football Pt.1,"Oct 6, 2024",1049,0:02:13
2025-05-23,9ITLicQfKaU,HBCU Teambuilder Teams To Download In EA College Football Pt.1,"Oct 6, 2024",1049,0:02:47
2025-05-24,9ITLicQfKaU,HBCU Teambuilder Teams To Download In EA College Football Pt.1,"Oct 6, 2024",1049,0:06:12
2025-05-25,9ITLicQfKaU,HBCU Teambuilder Teams To Download In EA College Football Pt.1,"Oct 6, 2024",1049,0:05:24
2025-05-26,9ITLicQfKaU,HBCU Teambuilder Teams To Download In EA College Football Pt.1,"Oct 6, 2024",1049,0:03:36
2025-05-27,9ITLicQfKaU,HBCU Teambuilder Teams To Download In EA College Football Pt.1,"Oct 6, 2024",1049,0:03:20
2025-05-28,9ITLicQfKaU,HBCU Teambuilder Teams To Download In EA College Football Pt.1,"Oct 6, 2024",1049,0:05:49
2025-05-29,9ITLicQfKaU,HBCU Teambuilder Teams To Download In EA College Football Pt.1,"Oct 6, 2024",1049,0:03:14
2025-05-30,9ITLicQfKaU,HBCU Teambuilder Teams To Download In EA College Football Pt.1,"Oct 6, 2024",1049,0:03:55
2025-05-31,9ITLicQfKaU,HBCU Teambuilder Teams To Download In EA College Football Pt.1,"Oct 6, 2024",1049,0:03:34
2025-06-01,9ITLicQfKaU,HBCU Teambuilder Teams To Download In EA College Football Pt.1,"Oct 6, 2024",1049,0:03:21
2025-06-02,9ITLicQfKaU,HBCU Teambuilder Teams To Download In EA College Football Pt.1,"Oct 6, 2024",1049,0:04:19
2025-06-03,9ITLicQfKaU,HBCU Teambuilder Teams To Download In EA College Football Pt.1,"Oct 6, 2024",1049,0:05:01
2025-06-04,9ITLicQfKaU,HBCU Teambuilder Teams To Download In EA College Football Pt.1,"Oct 6, 2024",1049,0:05:10
2025-06-05,9ITLicQfKaU,HBCU Teambuilder Teams To Download In EA College Football Pt.1,"Oct 6, 2024",1049,0:03:22
2025-06-06,9ITLicQfKaU,HBCU Teambuilder Teams To Download In EA College Football Pt.1,"Oct 6, 2024",1049,0:02:26
2025-06-07,9ITLicQfKaU,HBCU Teambuilder Teams To Download In EA College Football Pt.1,"Oct 6, 2024",1049,0:04:04
2025-06-08,9ITLicQfKaU,HBCU Teambuilder Teams To Download In EA College Football Pt.1,"Oct 6, 2024",1049,0:03:32
2025-06-09,9ITLicQfKaU,HBCU Teambuilder Teams To Download In EA College Football Pt.1,"Oct 6, 2024",1049,0:03:12
2025-06-10,9ITLicQfKaU,HBCU Teambuilder Teams To Download In EA College Football Pt.1,"Oct 6, 2024",1049,0:02:10
2025-06-11,9ITLicQfKaU,HBCU Teambuilder Teams To Download In EA College Football Pt.1,"Oct 6, 2024",1049,0:04:11
2025-06-12,9ITLicQfKaU,HBCU Teambuilder Teams To Download In EA College Football Pt.1,"Oct 6, 2024",1049,0:07:48
2025-06-13,9ITLicQfKaU,HBCU Teambuilder Teams To Download In EA College Football Pt.1,"Oct 6, 2024",1049,0:04:31
2025-06-14,9ITLicQfKaU,HBCU Teambuilder Teams To Download In EA College Football Pt.1,"Oct 6, 2024",1049,0:04:03
2025-06-15,9ITLicQfKaU,HBCU Teambuilder Teams To Download In EA College Football Pt.1,"Oct 6, 2024",1049,0:02:37
2025-06-16,9ITLicQfKaU,HBCU Teambuilder Teams To Download In EA College Football Pt.1,"Oct 6, 2024",1049,0:03:10
2025-06-17,9ITLicQfKaU,HBCU Teambuilder Teams To Download In EA College Football Pt.1,"Oct 6, 2024",1049,0:03:29
2025-06-18,9ITLicQfKaU,HBCU Teambuilder Teams To Download In EA College Football Pt.1,"Oct 6, 2024",1049,0:03:46
2025-06-19,9ITLicQfKaU,HBCU Teambuilder Teams To Download In EA College Football Pt.1,"Oct 6, 2024",1049,0:03:33
2025-06-20,9ITLicQfKaU,HBCU Teambuilder Teams To Download In EA College Football Pt.1,"Oct 6, 2024",1049,0:05:12
2025-06-21,9ITLicQfKaU,HBCU Teambuilder Teams To Download In EA College Football Pt.1,"Oct 6, 2024",1049,0:03:22
2025-06-22,9ITLicQfKaU,HBCU Teambuilder Teams To Download In EA College Football Pt.1,"Oct 6, 2024",1049,0:04:36
2025-06-23,9ITLicQfKaU,HBCU Teambuilder Teams To Download In EA College Football Pt.1,"Oct 6, 2024",1049,0:01:56
2025-06-24,9ITLicQfKaU,HBCU Teambuilder Teams To Download In EA College Football Pt.1,"Oct 6, 2024",1049,0:03:51
2025-06-25,9ITLicQfKaU,HBCU Teambuilder Teams To Download In EA College Football Pt.1,"Oct 6, 2024",1049,0:03:32
2025-06-26,9ITLicQfKaU,HBCU Teambuilder Teams To Download In EA College Football Pt.1,"Oct 6, 2024",1049,0:06:45
2025-06-27,9ITLicQfKaU,HBCU Teambuilder Teams To Download In EA College Football Pt.1,"Oct 6, 2024",1049,0:04:10
2025-06-28,9ITLicQfKaU,HBCU Teambuilder Teams To Download In EA College Football Pt.1,"Oct 6, 2024",1049,0:04:04
2025-06-29,9ITLicQfKaU,HBCU Teambuilder Teams To Download In EA College Football Pt.1,"Oct 6, 2024",1049,0:04:50
2025-06-30,9ITLicQfKaU,HBCU Teambuilder Teams To Download In EA College Football Pt.1,"Oct 6, 2024",1049,0:03:54
2025-07-01,9ITLicQfKaU,HBCU Teambuilder Teams To Download In EA College Football Pt.1,"Oct 6, 2024",1049,0:01:41
2025-07-02,9ITLicQfKaU,HBCU Teambuilder Teams To Download In EA College Football Pt.1,"Oct 6, 2024",1049,0:02:05
2025-07-03,9ITLicQfKaU,HBCU Teambuilder Teams To Download In EA College Football Pt.1,"Oct 6, 2024",1049,0:02:25
2025-07-04,9ITLicQfKaU,HBCU Teambuilder Teams To Download In EA College Football Pt.1,"Oct 6, 2024",1049,0:04:30
2025-07-05,9ITLicQfKaU,HBCU Teambuilder Teams To Download In EA College Football Pt.1,"Oct 6, 2024",1049,0:02:55
2025-07-06,9ITLicQfKaU,HBCU Teambuilder Teams To Download In EA College Football Pt.1,"Oct 6, 2024",1049,0:02:56
2025-07-07,9ITLicQfKaU,HBCU Teambuilder Teams To Download In EA College Football Pt.1,"Oct 6, 2024",1049,0:02:03
2025-07-08,9ITLicQfKaU,HBCU Teambuilder Teams To Download In EA College Football Pt.1,"Oct 6, 2024",1049,0:04:11
2025-07-09,9ITLicQfKaU,HBCU Teambuilder Teams To Download In EA College Football Pt.1,"Oct 6, 2024",1049,0:04:03
2025-07-10,9ITLicQfKaU,HBCU Teambuilder Teams To Download In EA College Football Pt.1,"Oct 6, 2024",1049,0:03:59
2025-07-11,9ITLicQfKaU,HBCU Teambuilder Teams To Download In EA College Football Pt.1,"Oct 6, 2024",1049,0:02:59
2025-07-12,9ITLicQfKaU,HBCU Teambuilder Teams To Download In EA College Football Pt.1,"Oct 6, 2024",1049,0:04:23
2025-07-13,9ITLicQfKaU,HBCU Teambuilder Teams To Download In EA College Football Pt.1,"Oct 6, 2024",1049,0:03:59
2025-07-14,9ITLicQfKaU,HBCU Teambuilder Teams To Download In EA College Football Pt.1,"Oct 6, 2024",1049,0:03:39
2025-07-15,9ITLicQfKaU,HBCU Teambuilder Teams To Download In EA College Football Pt.1,"Oct 6, 2024",1049,0:02:53
2025-07-16,9ITLicQfKaU,HBCU Teambuilder Teams To Download In EA College Football Pt.1,"Oct 6, 2024",1049,0:03:54
2025-07-17,9ITLicQfKaU,HBCU Teambuilder Teams To Download In EA College Football Pt.1,"Oct 6, 2024",1049,0:02:06
2025-07-18,9ITLicQfKaU,HBCU Teambuilder Teams To Download In EA College Football Pt.1,"Oct 6, 2024",1049,0:02:30
2025-07-19,9ITLicQfKaU,HBCU Teambuilder Teams To Download In EA College Football Pt.1,"Oct 6, 2024",1049,0:02:51
2025-07-20,9ITLicQfKaU,HBCU Teambuilder Teams To Download In EA College Football Pt.1,"Oct 6, 2024",1049,0:04:28
2025-07-21,9ITLicQfKaU,HBCU Teambuilder Teams To Download In EA College Football Pt.1,"Oct 6, 2024",1049,0:02:45
2025-07-22,9ITLicQfKaU,HBCU Teambuilder Teams To Download In EA College Football Pt.1,"Oct 6, 2024",1049,0:03:42
2025-07-23,9ITLicQfKaU,HBCU Teambuilder Teams To Download In EA College Football Pt.1,"Oct 6, 2024",1049,0:02:25
2025-07-24,9ITLicQfKaU,HBCU Teambuilder Teams To Download In EA College Football Pt.1,"Oct 6, 2024",1049,0:02:12
2025-07-25,9ITLicQfKaU,HBCU Teambuilder Teams To Download In EA College Football Pt.1,"Oct 6, 2024",1049,0:03:06
2025-07-26,9ITLicQfKaU,HBCU Teambuilder Teams To Download In EA College Football Pt.1,"Oct 6, 2024",1049,0:03:54
2025-07-27,9ITLicQfKaU,HBCU Teambuilder Teams To Download In EA College Football Pt.1,"Oct 6, 2024",1049,0:02:54
2025-07-28,9ITLicQfKaU,HBCU Teambuilder Teams To Download In EA College Football Pt.1,"Oct 6, 2024",1049,0:02:35
2025-07-29,9ITLicQfKaU,HBCU Teambuilder Teams To Download In EA College Football Pt.1,"Oct 6, 2024",1049,0:02:17
2025-07-30,9ITLicQfKaU,HBCU Teambuilder Teams To Download In EA College Football Pt.1,"Oct 6, 2024",1049,0:06:12
2025-07-31,9ITLicQfKaU,HBCU Teambuilder Teams To Download In EA College Football Pt.1,"Oct 6, 2024",1049,0:01:04
2025-08-01,9ITLicQfKaU,HBCU Teambuilder Teams To Download In EA College Football Pt.1,"Oct 6, 2024",1049,0:04:21
2025-08-02,9ITLicQfKaU,HBCU Teambuilder Teams To Download In EA College Football Pt.1,"Oct 6, 2024",1049,0:04:04
2025-08-03,9ITLicQfKaU,HBCU Teambuilder Teams To Download In EA College Football Pt.1,"Oct 6, 2024",1049,0:01:38
2025-08-04,9ITLicQfKaU,HBCU Teambuilder Teams To Download In EA College Football Pt.1,"Oct 6, 2024",1049,0:05:08
2025-08-05,9ITLicQfKaU,HBCU Teambuilder Teams To Download In EA College Football Pt.1,"Oct 6, 2024",1049,0:00:46
2025-08-06,9ITLicQfKaU,HBCU Teambuilder Teams To Download In EA College Football Pt.1,"Oct 6, 2024",1049,0:06:42
2025-08-07,9ITLicQfKaU,HBCU Teambuilder Teams To Download In EA College Football Pt.1,"Oct 6, 2024",1049,0:02:22
2025-08-08,9ITLicQfKaU,HBCU Teambuilder Teams To Download In EA College Football Pt.1,"Oct 6, 2024",1049,0:02:56
2025-08-09,9ITLicQfKaU,HBCU Teambuilder Teams To Download In EA College Football Pt.1,"Oct 6, 2024",1049,0:03:44
2025-08-10,9ITLicQfKaU,HBCU Teambuilder Teams To Download In EA College Football Pt.1,"Oct 6, 2024",1049,0:02:42
2025-08-11,9ITLicQfKaU,HBCU Teambuilder Teams To Download In EA College Football Pt.1,"Oct 6, 2024",1049,0:04:15
2025-08-12,9ITLicQfKaU,HBCU Teambuilder Teams To Download In EA College Football Pt.1,"Oct 6, 2024",1049,0:03:14
2025-08-13,9ITLicQfKaU,HBCU Teambuilder Teams To Download In EA College Football Pt.1,"Oct 6, 2024",1049,0:05:39
2025-08-14,9ITLicQfKaU,HBCU Teambuilder Teams To Download In EA College Football Pt.1,"Oct 6, 2024",1049,0:04:27
2025-08-15,9ITLicQfKaU,HBCU Teambuilder Teams To Download In EA College Football Pt.1,"Oct 6, 2024",1049,0:02:39
2025-08-16,9ITLicQfKaU,HBCU Teambuilder Teams To Download In EA College Football Pt.1,"Oct 6, 2024",1049,0:03:35
2025-08-17,9ITLicQfKaU,HBCU Teambuilder Teams To Download In EA College Football Pt.1,"Oct 6, 2024",1049,0:04:44
2025-08-18,9ITLicQfKaU,HBCU Teambuilder Teams To Download In EA College Football Pt.1,"Oct 6, 2024",1049,0:09:03
2025-08-19,9ITLicQfKaU,HBCU Teambuilder Teams To Download In EA College Football Pt.1,"Oct 6, 2024",1049,0:05:35
2025-08-20,9ITLicQfKaU,HBCU Teambuilder Teams To Download In EA College Football Pt.1,"Oct 6, 2024",1049,0:04:28
2025-08-21,9ITLicQfKaU,HBCU Teambuilder Teams To Download In EA College Football Pt.1,"Oct 6, 2024",1049,0:03:46
2025-08-22,9ITLicQfKaU,HBCU Teambuilder Teams To Download In EA College Football Pt.1,"Oct 6, 2024",1049,0:07:36
2025-08-23,9ITLicQfKaU,HBCU Teambuilder Teams To Download In EA College Football Pt.1,"Oct 6, 2024",1049,0:03:07
2025-08-24,9ITLicQfKaU,HBCU Teambuilder Teams To Download In EA College Football Pt.1,"Oct 6, 2024",1049,0:07:47
2025-08-25,9ITLicQfKaU,HBCU Teambuilder Teams To Download In EA College Football Pt.1,"Oct 6, 2024",1049,0:03:41
2025-08-26,9ITLicQfKaU,HBCU Teambuilder Teams To Download In EA College Football Pt.1,"Oct 6, 2024",1049,0:04:46
2025-08-27,9ITLicQfKaU,HBCU Teambuilder Teams To Download In EA College Football Pt.1,"Oct 6, 2024",1049,0:04:13
2025-08-28,9ITLicQfKaU,HBCU Teambuilder Teams To Download In EA College Football Pt.1,"Oct 6, 2024",1049,0:04:06
2025-08-29,9ITLicQfKaU,HBCU Teambuilder Teams To Download In EA College Football Pt.1,"Oct 6, 2024",1049,0:03:45
2025-08-30,9ITLicQfKaU,HBCU Teambuilder Teams To Download In EA College Football Pt.1,"Oct 6, 2024",1049,0:03:51
2025-08-31,9ITLicQfKaU,HBCU Teambuilder Teams To Download In EA College Football Pt.1,"Oct 6, 2024",1049,0:04:01
2025-09-01,9ITLicQfKaU,HBCU Teambuilder Teams To Download In EA College Football Pt.1,"Oct 6, 2024",1049,0:02:20
2025-09-02,9ITLicQfKaU,HBCU Teambuilder Teams To Download In EA College Football Pt.1,"Oct 6, 2024",1049,0:03:17
2025-09-03,9ITLicQfKaU,HBCU Teambuilder Teams To Download In EA College Football Pt.1,"Oct 6, 2024",1049,0:02:04
2025-09-04,9ITLicQfKaU,HBCU Teambuilder Teams To Download In EA College Football Pt.1,"Oct 6, 2024",1049,0:06:52
2025-09-05,9ITLicQfKaU,HBCU Teambuilder Teams To Download In EA College Football Pt.1,"Oct 6, 2024",1049,0:04:23
2025-09-06,9ITLicQfKaU,HBCU Teambuilder Teams To Download In EA College Football Pt.1,"Oct 6, 2024",1049,0:01:50
2025-09-07,9ITLicQfKaU,HBCU Teambuilder Teams To Download In EA College Football Pt.1,"Oct 6, 2024",1049,0:03:44
2025-09-08,9ITLicQfKaU,HBCU Teambuilder Teams To Download In EA College Football Pt.1,"Oct 6, 2024",1049,0:04:35
2025-09-09,9ITLicQfKaU,HBCU Teambuilder Teams To Download In EA College Football Pt.1,"Oct 6, 2024",1049,0:07:16
2025-09-10,9ITLicQfKaU,HBCU Teambuilder Teams To Download In EA College Football Pt.1,"Oct 6, 2024",1049,0:02:03
2025-09-11,9ITLicQfKaU,HBCU Teambuilder Teams To Download In EA College Football Pt.1,"Oct 6, 2024",1049,0:04:19
2025-09-12,9ITLicQfKaU,HBCU Teambuilder Teams To Download In EA College Football Pt.1,"Oct 6, 2024",1049,0:00:35
2025-09-13,9ITLicQfKaU,HBCU Teambuilder Teams To Download In EA College Football Pt.1,"Oct 6, 2024",1049,0:01:40
2025-09-14,9ITLicQfKaU,HBCU Teambuilder Teams To Download In EA College Football Pt.1,"Oct 6, 2024",1049,0:02:38
2025-09-15,9ITLicQfKaU,HBCU Teambuilder Teams To Download In EA College Football Pt.1,"Oct 6, 2024",1049,0:02:50
2025-09-16,9ITLicQfKaU,HBCU Teambuilder Teams To Download In EA College Football Pt.1,"Oct 6, 2024",1049,0:06:00
2025-09-17,9ITLicQfKaU,HBCU Teambuilder Teams To Download In EA College Football Pt.1,"Oct 6, 2024",1049,0:03:34
2025-09-18,9ITLicQfKaU,HBCU Teambuilder Teams To Download In EA College Football Pt.1,"Oct 6, 2024",1049,0:05:23
2025-09-19,9ITLicQfKaU,HBCU Teambuilder Teams To Download In EA College Football Pt.1,"Oct 6, 2024",1049,0:02:31
2025-09-20,9ITLicQfKaU,HBCU Teambuilder Teams To Download In EA College Football Pt.1,"Oct 6, 2024",1049,0:02:04
2025-09-21,9ITLicQfKaU,HBCU Teambuilder Teams To Download In EA College Football Pt.1,"Oct 6, 2024",1049,0:03:43
2025-09-22,9ITLicQfKaU,HBCU Teambuilder Teams To Download In EA College Football Pt.1,"Oct 6, 2024",1049,0:06:02
2025-09-23,9ITLicQfKaU,HBCU Teambuilder Teams To Download In EA College Football Pt.1,"Oct 6, 2024",1049,0:02:47
2025-09-24,9ITLicQfKaU,HBCU Teambuilder Teams To Download In EA College Football Pt.1,"Oct 6, 2024",1049,0:05:06
2025-09-25,9ITLicQfKaU,HBCU Teambuilder Teams To Download In EA College Football Pt.1,"Oct 6, 2024",1049,0:01:48
2025-09-26,9ITLicQfKaU,HBCU Teambuilder Teams To Download In EA College Football Pt.1,"Oct 6, 2024",1049,0:02:12
2025-09-27,9ITLicQfKaU,HBCU Teambuilder Teams To Download In EA College Football Pt.1,"Oct 6, 2024",1049,0:01:22
2025-09-28,9ITLicQfKaU,HBCU Teambuilder Teams To Download In EA College Football Pt.1,"Oct 6, 2024",1049,0:01:14
2025-09-29,9ITLicQfKaU,HBCU Teambuilder Teams To Download In EA College Football Pt.1,"Oct 6, 2024",1049,0:03:13
2025-09-30,9ITLicQfKaU,HBCU Teambuilder Teams To Download In EA College Football Pt.1,"Oct 6, 2024",1049,0:03:46
2025-10-01,9ITLicQfKaU,HBCU Teambuilder Teams To Download In EA College Football Pt.1,"Oct 6, 2024",1049,0:02:39
2025-10-02,9ITLicQfKaU,HBCU Teambuilder Teams To Download In EA College Football Pt.1,"Oct 6, 2024",1049,0:00:16
2025-10-03,9ITLicQfKaU,HBCU Teambuilder Teams To Download In EA College Football Pt.1,"Oct 6, 2024",1049,0:02:47
2025-10-04,9ITLicQfKaU,HBCU Teambuilder Teams To Download In EA College Football Pt.1,"Oct 6, 2024",1049,0:06:28
2025-10-05,9ITLicQfKaU,HBCU Teambuilder Teams To Download In EA College Football Pt.1,"Oct 6, 2024",1049,0:03:17
2025-10-06,9ITLicQfKaU,HBCU Teambuilder Teams To Download In EA College Football Pt.1,"Oct 6, 2024",1049,0:04:33
2025-10-07,9ITLicQfKaU,HBCU Teambuilder Teams To Download In EA College Football Pt.1,"Oct 6, 2024",1049,0:05:32
2025-10-08,9ITLicQfKaU,HBCU Teambuilder Teams To Download In EA College Football Pt.1,"Oct 6, 2024",1049,0:01:57
2025-10-09,9ITLicQfKaU,HBCU Teambuilder Teams To Download In EA College Football Pt.1,"Oct 6, 2024",1049,0:02:47
2025-10-10,9ITLicQfKaU,HBCU Teambuilder Teams To Download In EA College Football Pt.1,"Oct 6, 2024",1049,0:06:02
2025-10-11,9ITLicQfKaU,HBCU Teambuilder Teams To Download In EA College Football Pt.1,"Oct 6, 2024",1049,0:01:07
2025-10-12,9ITLicQfKaU,HBCU Teambuilder Teams To Download In EA College Football Pt.1,"Oct 6, 2024",1049,0:04:36
2025-10-13,9ITLicQfKaU,HBCU Teambuilder Teams To Download In EA College Football Pt.1,"Oct 6, 2024",1049,0:02:02
2025-10-14,9ITLicQfKaU,HBCU Teambuilder Teams To Download In EA College Football Pt.1,"Oct 6, 2024",1049,0:04:25
2025-10-15,9ITLicQfKaU,HBCU Teambuilder Teams To Download In EA College Football Pt.1,"Oct 6, 2024",1049,0:01:05
2025-10-16,9ITLicQfKaU,HBCU Teambuilder Teams To Download In EA College Football Pt.1,"Oct 6, 2024",1049,0:05:56
2025-10-17,9ITLicQfKaU,HBCU Teambuilder Teams To Download In EA College Football Pt.1,"Oct 6, 2024",1049,0:01:02
2025-10-18,9ITLicQfKaU,HBCU Teambuilder Teams To Download In EA College Football Pt.1,"Oct 6, 2024",1049,0:00:35
2025-10-19,9ITLicQfKaU,HBCU Teambuilder Teams To Download In EA College Football Pt.1,"Oct 6, 2024",1049,0:05:12
2025-10-20,9ITLicQfKaU,HBCU Teambuilder Teams To Download In EA College Football Pt.1,"Oct 6, 2024",1049,0:02:44
2025-10-21,9ITLicQfKaU,HBCU Teambuilder Teams To Download In EA College Football Pt.1,"Oct 6, 2024",1049,0:03:28
2025-10-22,9ITLicQfKaU,HBCU Teambuilder Teams To Download In EA College Football Pt.1,"Oct 6, 2024",1049,0:02:13
2025-10-23,9ITLicQfKaU,HBCU Teambuilder Teams To Download In EA College Football Pt.1,"Oct 6, 2024",1049,0:01:42
2025-10-24,9ITLicQfKaU,HBCU Teambuilder Teams To Download In EA College Football Pt.1,"Oct 6, 2024",1049,0:06:24
2025-10-25,9ITLicQfKaU,HBCU Teambuilder Teams To Download In EA College Football Pt.1,"Oct 6, 2024",1049,0:01:44
2025-10-26,9ITLicQfKaU,HBCU Teambuilder Teams To Download In EA College Football Pt.1,"Oct 6, 2024",1049,0:01:13
2025-10-27,9ITLicQfKaU,HBCU Teambuilder Teams To Download In EA College Football Pt.1,"Oct 6, 2024",1049,0:00:41
2025-10-28,9ITLicQfKaU,HBCU Teambuilder Teams To Download In EA College Football Pt.1,"Oct 6, 2024",1049,0:04:46
2025-10-29,9ITLicQfKaU,HBCU Teambuilder Teams To Download In EA College Football Pt.1,"Oct 6, 2024",1049,0:01:18
2025-10-30,9ITLicQfKaU,HBCU Teambuilder Teams To Download In EA College Football Pt.1,"Oct 6, 2024",1049,0:00:43
2025-10-31,9ITLicQfKaU,HBCU Teambuilder Teams To Download In EA College Football Pt.1,"Oct 6, 2024",1049,0:01:25
2025-11-01,9ITLicQfKaU,HBCU Teambuilder Teams To Download In EA College Football Pt.1,"Oct 6, 2024",1049,0:01:44
2025-11-02,9ITLicQfKaU,HBCU Teambuilder Teams To Download In EA College Football Pt.1,"Oct 6, 2024",1049,0:02:12
2025-11-03,9ITLicQfKaU,HBCU Teambuilder Teams To Download In EA College Football Pt.1,"Oct 6, 2024",1049,0:00:56
2025-11-04,9ITLicQfKaU,HBCU Teambuilder Teams To Download In EA College Football Pt.1,"Oct 6, 2024",1049,0:02:22
2025-11-05,9ITLicQfKaU,HBCU Teambuilder Teams To Download In EA College Football Pt.1,"Oct 6, 2024",1049,0:01:06
2025-11-06,9ITLicQfKaU,HBCU Teambuilder Teams To Download In EA College Football Pt.1,"Oct 6, 2024",1049,0:03:27
2025-11-07,9ITLicQfKaU,HBCU Teambuilder Teams To Download In EA College Football Pt.1,"Oct 6, 2024",1049,0:02:18
2025-11-08,9ITLicQfKaU,HBCU Teambuilder Teams To Download In EA College Football Pt.1,"Oct 6, 2024",1049,0:02:29
2025-11-09,9ITLicQfKaU,HBCU Teambuilder Teams To Download In EA College Football Pt.1,"Oct 6, 2024",1049,0:06:03
2025-11-10,9ITLicQfKaU,HBCU Teambuilder Teams To Download In EA College Football Pt.1,"Oct 6, 2024",1049,0:04:01
2025-11-11,9ITLicQfKaU,HBCU Teambuilder Teams To Download In EA College Football Pt.1,"Oct 6, 2024",1049,0:00:23
2025-11-12,9ITLicQfKaU,HBCU Teambuilder Teams To Download In EA College Football Pt.1,"Oct 6, 2024",1049,0:01:37
2025-11-13,9ITLicQfKaU,HBCU Teambuilder Teams To Download In EA College Football Pt.1,"Oct 6, 2024",1049,0:01:36
2025-11-14,9ITLicQfKaU,HBCU Teambuilder Teams To Download In EA College Football Pt.1,"Oct 6, 2024",1049,0:02:40
2025-11-15,9ITLicQfKaU,HBCU Teambuilder Teams To Download In EA College Football Pt.1,"Oct 6, 2024",1049,0:01:44
2025-11-16,9ITLicQfKaU,HBCU Teambuilder Teams To Download In EA College Football Pt.1,"Oct 6, 2024",1049,0:00:39
2025-11-17,9ITLicQfKaU,HBCU Teambuilder Teams To Download In EA College Football Pt.1,"Oct 6, 2024",1049,0:01:16
2025-11-18,9ITLicQfKaU,HBCU Teambuilder Teams To Download In EA College Football Pt.1,"Oct 6, 2024",1049,0:01:16
2025-11-19,9ITLicQfKaU,HBCU Teambuilder Teams To Download In EA College Football Pt.1,"Oct 6, 2024",1049,0:00:48
2025-11-20,9ITLicQfKaU,HBCU Teambuilder Teams To Download In EA College Football Pt.1,"Oct 6, 2024",1049,0:02:38
2025-11-21,9ITLicQfKaU,HBCU Teambuilder Teams To Download In EA College Football Pt.1,"Oct 6, 2024",1049,0:00:42
2025-11-22,9ITLicQfKaU,HBCU Teambuilder Teams To Download In EA College Football Pt.1,"Oct 6, 2024",1049,0:00:58
2025-11-23,9ITLicQfKaU,HBCU Teambuilder Teams To Download In EA College Football Pt.1,"Oct 6, 2024",1049,0:01:22
2025-11-24,9ITLicQfKaU,HBCU Teambuilder Teams To Download In EA College Football Pt.1,"Oct 6, 2024",1049,0:01:24
2025-11-25,9ITLicQfKaU,HBCU Teambuilder Teams To Download In EA College Football Pt.1,"Oct 6, 2024",1049,0:01:07
2025-11-26,9ITLicQfKaU,HBCU Teambuilder Teams To Download In EA College Football Pt.1,"Oct 6, 2024",1049,0:01:15
2025-11-27,9ITLicQfKaU,HBCU Teambuilder Teams To Download In EA College Football Pt.1,"Oct 6, 2024",1049,0:08:44
2025-11-28,9ITLicQfKaU,HBCU Teambuilder Teams To Download In EA College Football Pt.1,"Oct 6, 2024",1049,0:00:54
2025-11-29,9ITLicQfKaU,HBCU Teambuilder Teams To Download In EA College Football Pt.1,"Oct 6, 2024",1049,0:03:03
2025-11-30,9ITLicQfKaU,HBCU Teambuilder Teams To Download In EA College Football Pt.1,"Oct 6, 2024",1049,0:00:27
2025-12-01,9ITLicQfKaU,HBCU Teambuilder Teams To Download In EA College Football Pt.1,"Oct 6, 2024",1049,0:04:09
2025-12-02,9ITLicQfKaU,HBCU Teambuilder Teams To Download In EA College Football Pt.1,"Oct 6, 2024",1049,0:02:35
2025-12-03,9ITLicQfKaU,HBCU Teambuilder Teams To Download In EA College Football Pt.1,"Oct 6, 2024",1049,0:04:41
2025-12-04,9ITLicQfKaU,HBCU Teambuilder Teams To Download In EA College Football Pt.1,"Oct 6, 2024",1049,0:04:33
2025-12-05,9ITLicQfKaU,HBCU Teambuilder Teams To Download In EA College Football Pt.1,"Oct 6, 2024",1049,0:01:30
2025-12-06,9ITLicQfKaU,HBCU Teambuilder Teams To Download In EA College Football Pt.1,"Oct 6, 2024",1049,0:01:18
2025-12-07,9ITLicQfKaU,HBCU Teambuilder Teams To Download In EA College Football Pt.1,"Oct 6, 2024",1049,0:02:10
2025-12-08,9ITLicQfKaU,HBCU Teambuilder Teams To Download In EA College Football Pt.1,"Oct 6, 2024",1049,0:05:12
2025-12-09,9ITLicQfKaU,HBCU Teambuilder Teams To Download In EA College Football Pt.1,"Oct 6, 2024",1049,0:04:07
2025-12-10,9ITLicQfKaU,HBCU Teambuilder Teams To Download In EA College Football Pt.1,"Oct 6, 2024",1049,0:03:11
2025-12-11,9ITLicQfKaU,HBCU Teambuilder Teams To Download In EA College Football Pt.1,"Oct 6, 2024",1049,0:05:18
2025-12-12,9ITLicQfKaU,HBCU Teambuilder Teams To Download In EA College Football Pt.1,"Oct 6, 2024",1049,0:03:06
2025-12-13,9ITLicQfKaU,HBCU Teambuilder Teams To Download In EA College Football Pt.1,"Oct 6, 2024",1049,0:01:50
2025-12-14,9ITLicQfKaU,HBCU Teambuilder Teams To Download In EA College Football Pt.1,"Oct 6, 2024",1049,0:01:46
2025-12-15,9ITLicQfKaU,HBCU Teambuilder Teams To Download In EA College Football Pt.1,"Oct 6, 2024",1049,0:01:06
2025-12-16,9ITLicQfKaU,HBCU Teambuilder Teams To Download In EA College Football Pt.1,"Oct 6, 2024",1049,0:03:30
2025-12-17,9ITLicQfKaU,HBCU Teambuilder Teams To Download In EA College Football Pt.1,"Oct 6, 2024",1049,0:03:24
2025-12-18,9ITLicQfKaU,HBCU Teambuilder Teams To Download In EA College Football Pt.1,"Oct 6, 2024",1049,0:00:13
2025-12-19,9ITLicQfKaU,HBCU Teambuilder Teams To Download In EA College Football Pt.1,"Oct 6, 2024",1049,0:00:21
2025-12-20,9ITLicQfKaU,HBCU Teambuilder Teams To Download In EA College Football Pt.1,"Oct 6, 2024",1049,0:04:09
2025-12-21,9ITLicQfKaU,HBCU Teambuilder Teams To Download In EA College Football Pt.1,"Oct 6, 2024",1049,0:02:11
2025-12-22,9ITLicQfKaU,HBCU Teambuilder Teams To Download In EA College Football Pt.1,"Oct 6, 2024",1049,0:00:09
2025-12-23,9ITLicQfKaU,HBCU Teambuilder Teams To Download In EA College Football Pt.1,"Oct 6, 2024",1049,0:03:35
2025-12-24,9ITLicQfKaU,HBCU Teambuilder Teams To Download In EA College Football Pt.1,"Oct 6, 2024",1049,0:00:55
2025-12-25,9ITLicQfKaU,HBCU Teambuilder Teams To Download In EA College Football Pt.1,"Oct 6, 2024",1049,0:01:34
2025-12-26,9ITLicQfKaU,HBCU Teambuilder Teams To Download In EA College Football Pt.1,"Oct 6, 2024",1049,0:04:11
2025-12-27,9ITLicQfKaU,HBCU Teambuilder Teams To Download In EA College Football Pt.1,"Oct 6, 2024",1049,0:04:03
2025-12-28,9ITLicQfKaU,HBCU Teambuilder Teams To Download In EA College Football Pt.1,"Oct 6, 2024",1049,0:05:29
2025-12-29,9ITLicQfKaU,HBCU Teambuilder Teams To Download In EA College Football Pt.1,"Oct 6, 2024",1049,0:01:02
2025-12-30,9ITLicQfKaU,HBCU Teambuilder Teams To Download In EA College Football Pt.1,"Oct 6, 2024",1049,0:03:11
2025-12-31,9ITLicQfKaU,HBCU Teambuilder Teams To Download In EA College Football Pt.1,"Oct 6, 2024",1049,0:01:56
2026-01-01,9ITLicQfKaU,HBCU Teambuilder Teams To Download In EA College Football Pt.1,"Oct 6, 2024",1049,0:02:50
2026-01-02,9ITLicQfKaU,HBCU Teambuilder Teams To Download In EA College Football Pt.1,"Oct 6, 2024",1049,0:01:12
2026-01-03,9ITLicQfKaU,HBCU Teambuilder Teams To Download In EA College Football Pt.1,"Oct 6, 2024",1049,0:00:29
2026-01-04,9ITLicQfKaU,HBCU Teambuilder Teams To Download In EA College Football Pt.1,"Oct 6, 2024",1049,0:02:08
2026-01-05,9ITLicQfKaU,HBCU Teambuilder Teams To Download In EA College Football Pt.1,"Oct 6, 2024",1049,0:01:30
2026-01-06,9ITLicQfKaU,HBCU Teambuilder Teams To Download In EA College Football Pt.1,"Oct 6, 2024",1049,0:03:04
2026-01-07,9ITLicQfKaU,HBCU Teambuilder Teams To Download In EA College Football Pt.1,"Oct 6, 2024",1049,0:00:13
2026-01-08,9ITLicQfKaU,HBCU Teambuilder Teams To Download In EA College Football Pt.1,"Oct 6, 2024",1049,0:01:32
2026-01-09,9ITLicQfKaU,HBCU Teambuilder Teams To Download In EA College Football Pt.1,"Oct 6, 2024",1049,0:02:49
2026-01-10,9ITLicQfKaU,HBCU Teambuilder Teams To Download In EA College Football Pt.1,"Oct 6, 2024",1049,0:01:34
2026-01-11,9ITLicQfKaU,HBCU Teambuilder Teams To Download In EA College Football Pt.1,"Oct 6, 2024",1049,0:05:01
2026-01-12,9ITLicQfKaU,HBCU Teambuilder Teams To Download In EA College Football Pt.1,"Oct 6, 2024",1049,0:00:00
2026-01-13,9ITLicQfKaU,HBCU Teambuilder Teams To Download In EA College Football Pt.1,"Oct 6, 2024",1049,0:01:00
2026-01-14,9ITLicQfKaU,HBCU Teambuilder Teams To Download In EA College Football Pt.1,"Oct 6, 2024",1049,0:01:30
2026-01-15,9ITLicQfKaU,HBCU Teambuilder Teams To Download In EA College Football Pt.1,"Oct 6, 2024",1049,0:02:01
2026-01-16,9ITLicQfKaU,HBCU Teambuilder Teams To Download In EA College Football Pt.1,"Oct 6, 2024",1049,0:02:17
2026-01-17,9ITLicQfKaU,HBCU Teambuilder Teams To Download In EA College Football Pt.1,"Oct 6, 2024",1049,0:00:09
2026-01-18,9ITLicQfKaU,HBCU Teambuilder Teams To Download In EA College Football Pt.1,"Oct 6, 2024",1049,0:04:40
2026-01-19,9ITLicQfKaU,HBCU Teambuilder Teams To Download In EA College Football Pt.1,"Oct 6, 2024",1049,0:01:11
2026-01-20,9ITLicQfKaU,HBCU Teambuilder Teams To Download In EA College Football Pt.1,"Oct 6, 2024",1049,0:05:44
2026-01-21,9ITLicQfKaU,HBCU Teambuilder Teams To Download In EA College Football Pt.1,"Oct 6, 2024",1049,0:00:58
2026-01-22,9ITLicQfKaU,HBCU Teambuilder Teams To Download In EA College Football Pt.1,"Oct 6, 2024",1049,0:00:28
2026-01-23,9ITLicQfKaU,HBCU Teambuilder Teams To Download In EA College Football Pt.1,"Oct 6, 2024",1049,0:00:12
2026-01-24,9ITLicQfKaU,HBCU Teambuilder Teams To Download In EA College Football Pt.1,"Oct 6, 2024",1049,0:01:45
2026-01-25,9ITLicQfKaU,HBCU Teambuilder Teams To Download In EA College Football Pt.1,"Oct 6, 2024",1049,0:01:18
2026-01-26,9ITLicQfKaU,HBCU Teambuilder Teams To Download In EA College Football Pt.1,"Oct 6, 2024",1049,0:01:39
2026-01-27,9ITLicQfKaU,HBCU Teambuilder Teams To Download In EA College Football Pt.1,"Oct 6, 2024",1049,0:00:58
2026-01-28,9ITLicQfKaU,HBCU Teambuilder Teams To Download In EA College Football Pt.1,"Oct 6, 2024",1049,0:04:28
2026-01-29,9ITLicQfKaU,HBCU Teambuilder Teams To Download In EA College Football Pt.1,"Oct 6, 2024",1049,0:02:09
2026-01-30,9ITLicQfKaU,HBCU Teambuilder Teams To Download In EA College Football Pt.1,"Oct 6, 2024",1049,0:03:58
2026-01-31,9ITLicQfKaU,HBCU Teambuilder Teams To Download In EA College Football Pt.1,"Oct 6, 2024",1049,0:00:22
2026-02-01,9ITLicQfKaU,HBCU Teambuilder Teams To Download In EA College Football Pt.1,"Oct 6, 2024",1049,0:02:34
2026-02-02,9ITLicQfKaU,HBCU Teambuilder Teams To Download In EA College Football Pt.1,"Oct 6, 2024",1049,0:04:02
2026-02-03,9ITLicQfKaU,HBCU Teambuilder Teams To Download In EA College Football Pt.1,"Oct 6, 2024",1049,0:00:00
2026-02-04,9ITLicQfKaU,HBCU Teambuilder Teams To Download In EA College Football Pt.1,"Oct 6, 2024",1049,0:04:49
2026-02-05,9ITLicQfKaU,HBCU Teambuilder Teams To Download In EA College Football Pt.1,"Oct 6, 2024",1049,0:07:51
2026-02-06,9ITLicQfKaU,HBCU Teambuilder Teams To Download In EA College Football Pt.1,"Oct 6, 2024",1049,0:00:40
2026-02-07,9ITLicQfKaU,HBCU Teambuilder Teams To Download In EA College Football Pt.1,"Oct 6, 2024",1049,0:04:59
2026-02-08,9ITLicQfKaU,HBCU Teambuilder Teams To Download In EA College Football Pt.1,"Oct 6, 2024",1049,0:01:35
2026-02-09,9ITLicQfKaU,HBCU Teambuilder Teams To Download In EA College Football Pt.1,"Oct 6, 2024",1049,0:00:50
2026-02-10,9ITLicQfKaU,HBCU Teambuilder Teams To Download In EA College Football Pt.1,"Oct 6, 2024",1049,0:05:30
2026-02-11,9ITLicQfKaU,HBCU Teambuilder Teams To Download In EA College Football Pt.1,"Oct 6, 2024",1049,0:03:31
2026-02-12,9ITLicQfKaU,HBCU Teambuilder Teams To Download In EA College Football Pt.1,"Oct 6, 2024",1049,0:09:30
2026-02-13,9ITLicQfKaU,HBCU Teambuilder Teams To Download In EA College Football Pt.1,"Oct 6, 2024",1049,0:00:43
2026-02-14,9ITLicQfKaU,HBCU Teambuilder Teams To Download In EA College Football Pt.1,"Oct 6, 2024",1049,0:03:28
2026-02-15,9ITLicQfKaU,HBCU Teambuilder Teams To Download In EA College Football Pt.1,"Oct 6, 2024",1049,0:02:35
2026-02-16,9ITLicQfKaU,HBCU Teambuilder Teams To Download In EA College Football Pt.1,"Oct 6, 2024",1049,0:06:07
2026-02-17,9ITLicQfKaU,HBCU Teambuilder Teams To Download In EA College Football Pt.1,"Oct 6, 2024",1049,0:04:52
2026-02-18,9ITLicQfKaU,HBCU Teambuilder Teams To Download In EA College Football Pt.1,"Oct 6, 2024",1049,0:04:11
2026-02-19,9ITLicQfKaU,HBCU Teambuilder Teams To Download In EA College Football Pt.1,"Oct 6, 2024",1049,0:01:48
2026-02-20,9ITLicQfKaU,HBCU Teambuilder Teams To Download In EA College Football Pt.1,"Oct 6, 2024",1049,0:00:56
2026-02-21,9ITLicQfKaU,HBCU Teambuilder Teams To Download In EA College Football Pt.1,"Oct 6, 2024",1049,0:00:02
2026-02-22,9ITLicQfKaU,HBCU Teambuilder Teams To Download In EA College Football Pt.1,"Oct 6, 2024",1049,0:02:49
2026-02-23,9ITLicQfKaU,HBCU Teambuilder Teams To Download In EA College Football Pt.1,"Oct 6, 2024",1049,0:06:19
2026-02-24,9ITLicQfKaU,HBCU Teambuilder Teams To Download In EA College Football Pt.1,"Oct 6, 2024",1049,0:00:24
2026-02-25,9ITLicQfKaU,HBCU Teambuilder Teams To Download In EA College Football Pt.1,"Oct 6, 2024",1049,0:00:31
2026-02-26,9ITLicQfKaU,HBCU Teambuilder Teams To Download In EA College Football Pt.1,"Oct 6, 2024",1049,0:06:52
2026-02-27,9ITLicQfKaU,HBCU Teambuilder Teams To Download In EA College Football Pt.1,"Oct 6, 2024",1049,0:10:23
2026-02-28,9ITLicQfKaU,HBCU Teambuilder Teams To Download In EA College Football Pt.1,"Oct 6, 2024",1049,0:00:00
2026-03-01,9ITLicQfKaU,HBCU Teambuilder Teams To Download In EA College Football Pt.1,"Oct 6, 2024",1049,0:04:23
2026-03-02,9ITLicQfKaU,HBCU Teambuilder Teams To Download In EA College Football Pt.1,"Oct 6, 2024",1049,0:00:13
2026-03-03,9ITLicQfKaU,HBCU Teambuilder Teams To Download In EA College Football Pt.1,"Oct 6, 2024",1049,0:04:50
2026-03-04,9ITLicQfKaU,HBCU Teambuilder Teams To Download In EA College Football Pt.1,"Oct 6, 2024",1049,0:00:53
2026-03-05,9ITLicQfKaU,HBCU Teambuilder Teams To Download In EA College Football Pt.1,"Oct 6, 2024",1049,0:00:16
2026-03-06,9ITLicQfKaU,HBCU Teambuilder Teams To Download In EA College Football Pt.1,"Oct 6, 2024",1049,0:00:17
2026-03-07,9ITLicQfKaU,HBCU Teambuilder Teams To Download In EA College Football Pt.1,"Oct 6, 2024",1049,0:03:21
2026-03-08,9ITLicQfKaU,HBCU Teambuilder Teams To Download In EA College Football Pt.1,"Oct 6, 2024",1049,0:03:23
2026-03-09,9ITLicQfKaU,HBCU Teambuilder Teams To Download In EA College Football Pt.1,"Oct 6, 2024",1049,0:00:37
2026-03-10,9ITLicQfKaU,HBCU Teambuilder Teams To Download In EA College Football Pt.1,"Oct 6, 2024",1049,0:02:19
2026-03-11,9ITLicQfKaU,HBCU Teambuilder Teams To Download In EA College Football Pt.1,"Oct 6, 2024",1049,0:01:27
2026-03-12,9ITLicQfKaU,HBCU Teambuilder Teams To Download In EA College Football Pt.1,"Oct 6, 2024",1049,0:00:50
2026-03-13,9ITLicQfKaU,HBCU Teambuilder Teams To Download In EA College Football Pt.1,"Oct 6, 2024",1049,0:02:42
2026-03-14,9ITLicQfKaU,HBCU Teambuilder Teams To Download In EA College Football Pt.1,"Oct 6, 2024",1049,0:01:52
2026-03-15,9ITLicQfKaU,HBCU Teambuilder Teams To Download In EA College Football Pt.1,"Oct 6, 2024",1049,0:00:31
2026-03-16,9ITLicQfKaU,HBCU Teambuilder Teams To Download In EA College Football Pt.1,"Oct 6, 2024",1049,0:01:24
2026-03-17,9ITLicQfKaU,HBCU Teambuilder Teams To Download In EA College Football Pt.1,"Oct 6, 2024",1049,0:01:27
2026-03-18,9ITLicQfKaU,HBCU Teambuilder Teams To Download In EA College Football Pt.1,"Oct 6, 2024",1049,0:00:45
2026-03-19,9ITLicQfKaU,HBCU Teambuilder Teams To Download In EA College Football Pt.1,"Oct 6, 2024",1049,0:03:26
2026-03-20,9ITLicQfKaU,HBCU Teambuilder Teams To Download In EA College Football Pt.1,"Oct 6, 2024",1049,0:00:40
2026-03-21,9ITLicQfKaU,HBCU Teambuilder Teams To Download In EA College Football Pt.1,"Oct 6, 2024",1049,0:03:32
2026-03-22,9ITLicQfKaU,HBCU Teambuilder Teams To Download In EA College Football Pt.1,"Oct 6, 2024",1049,0:05:50
2026-03-23,9ITLicQfKaU,HBCU Teambuilder Teams To Download In EA College Football Pt.1,"Oct 6, 2024",1049,0:00:25
2026-03-24,9ITLicQfKaU,HBCU Teambuilder Teams To Download In EA College Football Pt.1,"Oct 6, 2024",1049,0:00:00
2026-03-25,9ITLicQfKaU,HBCU Teambuilder Teams To Download In EA College Football Pt.1,"Oct 6, 2024",1049,0:03:08
2026-03-26,9ITLicQfKaU,HBCU Teambuilder Teams To Download In EA College Football Pt.1,"Oct 6, 2024",1049,0:07:20
2026-03-27,9ITLicQfKaU,HBCU Teambuilder Teams To Download In EA College Football Pt.1,"Oct 6, 2024",1049,0:04:03
2026-03-28,9ITLicQfKaU,HBCU Teambuilder Teams To Download In EA College Football Pt.1,"Oct 6, 2024",1049,0:01:09
2026-03-29,9ITLicQfKaU,HBCU Teambuilder Teams To Download In EA College Football Pt.1,"Oct 6, 2024",1049,0:00:56
2026-03-30,9ITLicQfKaU,HBCU Teambuilder Teams To Download In EA College Football Pt.1,"Oct 6, 2024",1049,0:00:33
2026-03-31,9ITLicQfKaU,HBCU Teambuilder Teams To Download In EA College Football Pt.1,"Oct 6, 2024",1049,0:02:51
2026-04-01,9ITLicQfKaU,HBCU Teambuilder Teams To Download In EA College Football Pt.1,"Oct 6, 2024",1049,0:01:56
2026-04-02,9ITLicQfKaU,HBCU Teambuilder Teams To Download In EA College Football Pt.1,"Oct 6, 2024",1049,0:00:04
2026-04-03,9ITLicQfKaU,HBCU Teambuilder Teams To Download In EA College Football Pt.1,"Oct 6, 2024",1049,0:00:17
2026-04-04,9ITLicQfKaU,HBCU Teambuilder Teams To Download In EA College Football Pt.1,"Oct 6, 2024",1049,0:03:24
2026-04-05,9ITLicQfKaU,HBCU Teambuilder Teams To Download In EA College Football Pt.1,"Oct 6, 2024",1049,0:01:29
2026-04-06,9ITLicQfKaU,HBCU Teambuilder Teams To Download In EA College Football Pt.1,"Oct 6, 2024",1049,0:05:01
2026-04-07,9ITLicQfKaU,HBCU Teambuilder Teams To Download In EA College Football Pt.1,"Oct 6, 2024",1049,0:01:39
2026-04-08,9ITLicQfKaU,HBCU Teambuilder Teams To Download In EA College Football Pt.1,"Oct 6, 2024",1049,0:00:00
2026-04-09,9ITLicQfKaU,HBCU Teambuilder Teams To Download In EA College Football Pt.1,"Oct 6, 2024",1049,0:02:06
2026-04-10,9ITLicQfKaU,HBCU Teambuilder Teams To Download In EA College Football Pt.1,"Oct 6, 2024",1049,0:01:12
2026-04-11,9ITLicQfKaU,HBCU Teambuilder Teams To Download In EA College Football Pt.1,"Oct 6, 2024",1049,0:00:56
2026-04-12,9ITLicQfKaU,HBCU Teambuilder Teams To Download In EA College Football Pt.1,"Oct 6, 2024",1049,0:04:04
2026-04-13,9ITLicQfKaU,HBCU Teambuilder Teams To Download In EA College Football Pt.1,"Oct 6, 2024",1049,0:02:26
2026-04-14,9ITLicQfKaU,HBCU Teambuilder Teams To Download In EA College Football Pt.1,"Oct 6, 2024",1049,0:00:16
2026-04-15,9ITLicQfKaU,HBCU Teambuilder Teams To Download In EA College Football Pt.1,"Oct 6, 2024",1049,0:00:31
2026-04-16,9ITLicQfKaU,HBCU Teambuilder Teams To Download In EA College Football Pt.1,"Oct 6, 2024",1049,0:05:09
2026-04-17,9ITLicQfKaU,HBCU Teambuilder Teams To Download In EA College Football Pt.1,"Oct 6, 2024",1049,0:05:25
2026-04-18,9ITLicQfKaU,HBCU Teambuilder Teams To Download In EA College Football Pt.1,"Oct 6, 2024",1049,0:02:25
2026-04-19,9ITLicQfKaU,HBCU Teambuilder Teams To Download In EA College Football Pt.1,"Oct 6, 2024",1049,0:04:32
2026-04-20,9ITLicQfKaU,HBCU Teambuilder Teams To Download In EA College Football Pt.1,"Oct 6, 2024",1049,0:03:16
2026-04-21,9ITLicQfKaU,HBCU Teambuilder Teams To Download In EA College Football Pt.1,"Oct 6, 2024",1049,0:00:00
2026-04-22,9ITLicQfKaU,HBCU Teambuilder Teams To Download In EA College Football Pt.1,"Oct 6, 2024",1049,0:02:08
2026-04-23,9ITLicQfKaU,HBCU Teambuilder Teams To Download In EA College Football Pt.1,"Oct 6, 2024",1049,0:03:14
2026-04-24,9ITLicQfKaU,HBCU Teambuilder Teams To Download In EA College Football Pt.1,"Oct 6, 2024",1049,0:01:51
2026-04-25,9ITLicQfKaU,HBCU Teambuilder Teams To Download In EA College Football Pt.1,"Oct 6, 2024",1049,0:09:57
2026-04-26,9ITLicQfKaU,HBCU Teambuilder Teams To Download In EA College Football Pt.1,"Oct 6, 2024",1049,0:01:33
2026-04-27,9ITLicQfKaU,HBCU Teambuilder Teams To Download In EA College Football Pt.1,"Oct 6, 2024",1049,0:03:33
2026-04-28,9ITLicQfKaU,HBCU Teambuilder Teams To Download In EA College Football Pt.1,"Oct 6, 2024",1049,0:02:23
2026-04-29,9ITLicQfKaU,HBCU Teambuilder Teams To Download In EA College Football Pt.1,"Oct 6, 2024",1049,0:00:00
2026-04-30,9ITLicQfKaU,HBCU Teambuilder Teams To Download In EA College Football Pt.1,"Oct 6, 2024",1049,0:05:12
2026-05-01,9ITLicQfKaU,HBCU Teambuilder Teams To Download In EA College Football Pt.1,"Oct 6, 2024",1049,0:01:34
2026-05-02,9ITLicQfKaU,HBCU Teambuilder Teams To Download In EA College Football Pt.1,"Oct 6, 2024",1049,0:02:09
2026-05-03,9ITLicQfKaU,HBCU Teambuilder Teams To Download In EA College Football Pt.1,"Oct 6, 2024",1049,0:07:45
2026-05-04,9ITLicQfKaU,HBCU Teambuilder Teams To Download In EA College Football Pt.1,"Oct 6, 2024",1049,0:07:35
2026-05-05,9ITLicQfKaU,HBCU Teambuilder Teams To Download In EA College Football Pt.1,"Oct 6, 2024",1049,0:02:03
2026-05-06,9ITLicQfKaU,HBCU Teambuilder Teams To Download In EA College Football Pt.1,"Oct 6, 2024",1049,0:03:01
2026-05-07,9ITLicQfKaU,HBCU Teambuilder Teams To Download In EA College Football Pt.1,"Oct 6, 2024",1049,0:00:53
2026-05-08,9ITLicQfKaU,HBCU Teambuilder Teams To Download In EA College Football Pt.1,"Oct 6, 2024",1049,0:00:00
2026-05-09,9ITLicQfKaU,HBCU Teambuilder Teams To Download In EA College Football Pt.1,"Oct 6, 2024",1049,0:06:07
2026-05-10,9ITLicQfKaU,HBCU Teambuilder Teams To Download In EA College Football Pt.1,"Oct 6, 2024",1049,0:08:18
2026-05-11,9ITLicQfKaU,HBCU Teambuilder Teams To Download In EA College Football Pt.1,"Oct 6, 2024",1049,0:00:42
2026-05-12,9ITLicQfKaU,HBCU Teambuilder Teams To Download In EA College Football Pt.1,"Oct 6, 2024",1049,0:03:16
2026-05-13,9ITLicQfKaU,HBCU Teambuilder Teams To Download In EA College Football Pt.1,"Oct 6, 2024",1049,0:00:26
2026-05-14,9ITLicQfKaU,HBCU Teambuilder Teams To Download In EA College Football Pt.1,"Oct 6, 2024",1049,0:02:12
2026-05-15,9ITLicQfKaU,HBCU Teambuilder Teams To Download In EA College Football Pt.1,"Oct 6, 2024",1049,0:05:01
2026-05-16,9ITLicQfKaU,HBCU Teambuilder Teams To Download In EA College Football Pt.1,"Oct 6, 2024",1049,0:00:01
2026-05-17,9ITLicQfKaU,HBCU Teambuilder Teams To Download In EA College Football Pt.1,"Oct 6, 2024",1049,0:00:02
2026-05-18,9ITLicQfKaU,HBCU Teambuilder Teams To Download In EA College Football Pt.1,"Oct 6, 2024",1049,0:01:19
2026-05-19,9ITLicQfKaU,HBCU Teambuilder Teams To Download In EA College Football Pt.1,"Oct 6, 2024",1049,0:05:34
2026-05-20,9ITLicQfKaU,HBCU Teambuilder Teams To Download In EA College Football Pt.1,"Oct 6, 2024",1049,0:10:12
2026-05-21,9ITLicQfKaU,HBCU Teambuilder Teams To Download In EA College Football Pt.1,"Oct 6, 2024",1049,0:06:12
2026-05-22,9ITLicQfKaU,HBCU Teambuilder Teams To Download In EA College Football Pt.1,"Oct 6, 2024",1049,0:01:19
2026-05-23,9ITLicQfKaU,HBCU Teambuilder Teams To Download In EA College Football Pt.1,"Oct 6, 2024",1049,0:01:06
2026-05-24,9ITLicQfKaU,HBCU Teambuilder Teams To Download In EA College Football Pt.1,"Oct 6, 2024",1049,0:03:30
2026-05-25,9ITLicQfKaU,HBCU Teambuilder Teams To Download In EA College Football Pt.1,"Oct 6, 2024",1049,0:04:49
2026-05-26,9ITLicQfKaU,HBCU Teambuilder Teams To Download In EA College Football Pt.1,"Oct 6, 2024",1049,0:00:07
2026-05-27,9ITLicQfKaU,HBCU Teambuilder Teams To Download In EA College Football Pt.1,"Oct 6, 2024",1049,0:02:03
2026-05-28,9ITLicQfKaU,HBCU Teambuilder Teams To Download In EA College Football Pt.1,"Oct 6, 2024",1049,0:00:22
2026-05-29,9ITLicQfKaU,HBCU Teambuilder Teams To Download In EA College Football Pt.1,"Oct 6, 2024",1049,0:02:46
2026-05-30,9ITLicQfKaU,HBCU Teambuilder Teams To Download In EA College Football Pt.1,"Oct 6, 2024",1049,0:01:52
2026-05-31,9ITLicQfKaU,HBCU Teambuilder Teams To Download In EA College Football Pt.1,"Oct 6, 2024",1049,0:01:24
2026-06-01,9ITLicQfKaU,HBCU Teambuilder Teams To Download In EA College Football Pt.1,"Oct 6, 2024",1049,0:03:24
2026-06-02,9ITLicQfKaU,HBCU Teambuilder Teams To Download In EA College Football Pt.1,"Oct 6, 2024",1049,0:05:23
2026-06-03,9ITLicQfKaU,HBCU Teambuilder Teams To Download In EA College Football Pt.1,"Oct 6, 2024",1049,0:01:00
2026-06-04,9ITLicQfKaU,HBCU Teambuilder Teams To Download In EA College Football Pt.1,"Oct 6, 2024",1049,0:00:09
2026-06-05,9ITLicQfKaU,HBCU Teambuilder Teams To Download In EA College Football Pt.1,"Oct 6, 2024",1049,0:01:02
2026-06-06,9ITLicQfKaU,HBCU Teambuilder Teams To Download In EA College Football Pt.1,"Oct 6, 2024",1049,0:07:34
2026-06-07,9ITLicQfKaU,HBCU Teambuilder Teams To Download In EA College Football Pt.1,"Oct 6, 2024",1049,0:02:54
2026-06-08,9ITLicQfKaU,HBCU Teambuilder Teams To Download In EA College Football Pt.1,"Oct 6, 2024",1049,0:06:09
2026-06-09,9ITLicQfKaU,HBCU Teambuilder Teams To Download In EA College Football Pt.1,"Oct 6, 2024",1049,0:08:10
2026-06-10,9ITLicQfKaU,HBCU Teambuilder Teams To Download In EA College Football Pt.1,"Oct 6, 2024",1049,0:01:53
2026-06-11,9ITLicQfKaU,HBCU Teambuilder Teams To Download In EA College Football Pt.1,"Oct 6, 2024",1049,0:00:43
2026-06-12,9ITLicQfKaU,HBCU Teambuilder Teams To Download In EA College Football Pt.1,"Oct 6, 2024",1049,0:00:12
2026-06-13,9ITLicQfKaU,HBCU Teambuilder Teams To Download In EA College Football Pt.1,"Oct 6, 2024",1049,0:01:01
2026-06-14,9ITLicQfKaU,HBCU Teambuilder Teams To Download In EA College Football Pt.1,"Oct 6, 2024",1049,0:00:27
2026-06-15,9ITLicQfKaU,HBCU Teambuilder Teams To Download In EA College Football Pt.1,"Oct 6, 2024",1049,0:00:11
2026-06-16,9ITLicQfKaU,HBCU Teambuilder Teams To Download In EA College Football Pt.1,"Oct 6, 2024",1049,0:00:36
2026-06-17,9ITLicQfKaU,HBCU Teambuilder Teams To Download In EA College Football Pt.1,"Oct 6, 2024",1049,0:00:00
2026-06-18,9ITLicQfKaU,HBCU Teambuilder Teams To Download In EA College Football Pt.1,"Oct 6, 2024",1049,0:05:03
2026-06-19,9ITLicQfKaU,HBCU Teambuilder Teams To Download In EA College Football Pt.1,"Oct 6, 2024",1049,0:02:28
2026-06-20,9ITLicQfKaU,HBCU Teambuilder Teams To Download In EA College Football Pt.1,"Oct 6, 2024",1049,0:01:53
2026-06-21,9ITLicQfKaU,HBCU Teambuilder Teams To Download In EA College Football Pt.1,"Oct 6, 2024",1049,0:00:17
2026-06-22,9ITLicQfKaU,HBCU Teambuilder Teams To Download In EA College Football Pt.1,"Oct 6, 2024",1049,0:00:00
2026-06-23,9ITLicQfKaU,HBCU Teambuilder Teams To Download In EA College Football Pt.1,"Oct 6, 2024",1049,0:00:00
2026-06-24,9ITLicQfKaU,HBCU Teambuilder Teams To Download In EA College Football Pt.1,"Oct 6, 2024",1049,0:02:42
2026-06-25,9ITLicQfKaU,HBCU Teambuilder Teams To Download In EA College Football Pt.1,"Oct 6, 2024",1049,0:03:56
2026-06-26,9ITLicQfKaU,HBCU Teambuilder Teams To Download In EA College Football Pt.1,"Oct 6, 2024",1049,0:02:39
2026-06-27,9ITLicQfKaU,HBCU Teambuilder Teams To Download In EA College Football Pt.1,"Oct 6, 2024",1049,0:00:46
2026-06-28,9ITLicQfKaU,HBCU Teambuilder Teams To Download In EA College Football Pt.1,"Oct 6, 2024",1049,0:06:15
2026-06-29,9ITLicQfKaU,HBCU Teambuilder Teams To Download In EA College Football Pt.1,"Oct 6, 2024",1049,0:00:56
2026-06-30,9ITLicQfKaU,HBCU Teambuilder Teams To Download In EA College Football Pt.1,"Oct 6, 2024",1049,0:00:00
2026-07-01,9ITLicQfKaU,HBCU Teambuilder Teams To Download In EA College Football Pt.1,"Oct 6, 2024",1049,0:03:10
2026-07-02,9ITLicQfKaU,HBCU Teambuilder Teams To Download In EA College Football Pt.1,"Oct 6, 2024",1049,0:02:59
2026-07-03,9ITLicQfKaU,HBCU Teambuilder Teams To Download In EA College Football Pt.1,"Oct 6, 2024",1049,0:05:45
2026-07-04,9ITLicQfKaU,HBCU Teambuilder Teams To Download In EA College Football Pt.1,"Oct 6, 2024",1049,0:02:38
2026-07-05,9ITLicQfKaU,HBCU Teambuilder Teams To Download In EA College Football Pt.1,"Oct 6, 2024",1049,0:00:50
2026-07-06,9ITLicQfKaU,HBCU Teambuilder Teams To Download In EA College Football Pt.1,"Oct 6, 2024",1049,0:04:52
2026-07-07,9ITLicQfKaU,HBCU Teambuilder Teams To Download In EA College Football Pt.1,"Oct 6, 2024",1049,0:00:30
2026-07-08,9ITLicQfKaU,HBCU Teambuilder Teams To Download In EA College Football Pt.1,"Oct 6, 2024",1049,0:04:05
2026-07-09,9ITLicQfKaU,HBCU Teambuilder Teams To Download In EA College Football Pt.1,"Oct 6, 2024",1049,0:02:10
2026-07-10,9ITLicQfKaU,HBCU Teambuilder Teams To Download In EA College Football Pt.1,"Oct 6, 2024",1049,0:00:38
2026-07-11,9ITLicQfKaU,HBCU Teambuilder Teams To Download In EA College Football Pt.1,"Oct 6, 2024",1049,0:05:56
2026-07-12,9ITLicQfKaU,HBCU Teambuilder Teams To Download In EA College Football Pt.1,"Oct 6, 2024",1049,0:02:17
2021-06-09,Gn327EVDzMM,From LSU to Southern! What Happened?,"Sep 7, 2025",290,0:00:00
2021-06-10,Gn327EVDzMM,From LSU to Southern! What Happened?,"Sep 7, 2025",290,0:00:00
2021-06-11,Gn327EVDzMM,From LSU to Southern! What Happened?,"Sep 7, 2025",290,0:00:00
2021-06-12,Gn327EVDzMM,From LSU to Southern! What Happened?,"Sep 7, 2025",290,0:00:00
2021-06-13,Gn327EVDzMM,From LSU to Southern! What Happened?,"Sep 7, 2025",290,0:00:00
2021-06-14,Gn327EVDzMM,From LSU to Southern! What Happened?,"Sep 7, 2025",290,0:00:00
2021-06-15,Gn327EVDzMM,From LSU to Southern! What Happened?,"Sep 7, 2025",290,0:00:00
2021-06-16,Gn327EVDzMM,From LSU to Southern! What Happened?,"Sep 7, 2025",290,0:00:00
2021-06-17,Gn327EVDzMM,From LSU to Southern! What Happened?,"Sep 7, 2025",290,0:00:00
2021-06-18,Gn327EVDzMM,From LSU to Southern! What Happened?,"Sep 7, 2025",290,0:00:00
2021-06-19,Gn327EVDzMM,From LSU to Southern! What Happened?,"Sep 7, 2025",290,0:00:00
2021-06-20,Gn327EVDzMM,From LSU to Southern! What Happened?,"Sep 7, 2025",290,0:00:00
2021-06-21,Gn327EVDzMM,From LSU to Southern! What Happened?,"Sep 7, 2025",290,0:00:00
2021-06-22,Gn327EVDzMM,From LSU to Southern! What Happened?,"Sep 7, 2025",290,0:00:00
2021-06-23,Gn327EVDzMM,From LSU to Southern! What Happened?,"Sep 7, 2025",290,0:00:00
2021-06-24,Gn327EVDzMM,From LSU to Southern! What Happened?,"Sep 7, 2025",290,0:00:00
2021-06-25,Gn327EVDzMM,From LSU to Southern! What Happened?,"Sep 7, 2025",290,0:00:00
2021-06-26,Gn327EVDzMM,From LSU to Southern! What Happened?,"Sep 7, 2025",290,0:00:00
2021-06-27,Gn327EVDzMM,From LSU to Southern! What Happened?,"Sep 7, 2025",290,0:00:00
2021-06-28,Gn327EVDzMM,From LSU to Southern! What Happened?,"Sep 7, 2025",290,0:00:00
2021-06-29,Gn327EVDzMM,From LSU to Southern! What Happened?,"Sep 7, 2025",290,0:00:00
2021-06-30,Gn327EVDzMM,From LSU to Southern! What Happened?,"Sep 7, 2025",290,0:00:00
2021-07-01,Gn327EVDzMM,From LSU to Southern! What Happened?,"Sep 7, 2025",290,0:00:00
2021-07-02,Gn327EVDzMM,From LSU to Southern! What Happened?,"Sep 7, 2025",290,0:00:00
2021-07-03,Gn327EVDzMM,From LSU to Southern! What Happened?,"Sep 7, 2025",290,0:00:00
2021-07-04,Gn327EVDzMM,From LSU to Southern! What Happened?,"Sep 7, 2025",290,0:00:00
2021-07-05,Gn327EVDzMM,From LSU to Southern! What Happened?,"Sep 7, 2025",290,0:00:00
2021-07-06,Gn327EVDzMM,From LSU to Southern! What Happened?,"Sep 7, 2025",290,0:00:00
2021-07-07,Gn327EVDzMM,From LSU to Southern! What Happened?,"Sep 7, 2025",290,0:00:00
2021-07-08,Gn327EVDzMM,From LSU to Southern! What Happened?,"Sep 7, 2025",290,0:00:00
2021-07-09,Gn327EVDzMM,From LSU to Southern! What Happened?,"Sep 7, 2025",290,0:00:00
2021-07-10,Gn327EVDzMM,From LSU to Southern! What Happened?,"Sep 7, 2025",290,0:00:00
2021-07-11,Gn327EVDzMM,From LSU to Southern! What Happened?,"Sep 7, 2025",290,0:00:00
2021-07-12,Gn327EVDzMM,From LSU to Southern! What Happened?,"Sep 7, 2025",290,0:00:00
2021-07-13,Gn327EVDzMM,From LSU to Southern! What Happened?,"Sep 7, 2025",290,0:00:00
2021-07-14,Gn327EVDzMM,From LSU to Southern! What Happened?,"Sep 7, 2025",290,0:00:00
2021-07-15,Gn327EVDzMM,From LSU to Southern! What Happened?,"Sep 7, 2025",290,0:00:00
2021-07-16,Gn327EVDzMM,From LSU to Southern! What Happened?,"Sep 7, 2025",290,0:00:00
2021-07-17,Gn327EVDzMM,From LSU to Southern! What Happened?,"Sep 7, 2025",290,0:00:00
2021-07-18,Gn327EVDzMM,From LSU to Southern! What Happened?,"Sep 7, 2025",290,0:00:00
2021-07-19,Gn327EVDzMM,From LSU to Southern! What Happened?,"Sep 7, 2025",290,0:00:00
2021-07-20,Gn327EVDzMM,From LSU to Southern! What Happened?,"Sep 7, 2025",290,0:00:00
2021-07-21,Gn327EVDzMM,From LSU to Southern! What Happened?,"Sep 7, 2025",290,0:00:00
2021-07-22,Gn327EVDzMM,From LSU to Southern! What Happened?,"Sep 7, 2025",290,0:00:00
2021-07-23,Gn327EVDzMM,From LSU to Southern! What Happened?,"Sep 7, 2025",290,0:00:00
2021-07-24,Gn327EVDzMM,From LSU to Southern! What Happened?,"Sep 7, 2025",290,0:00:00
2021-07-25,Gn327EVDzMM,From LSU to Southern! What Happened?,"Sep 7, 2025",290,0:00:00
2021-07-26,Gn327EVDzMM,From LSU to Southern! What Happened?,"Sep 7, 2025",290,0:00:00
2021-07-27,Gn327EVDzMM,From LSU to Southern! What Happened?,"Sep 7, 2025",290,0:00:00
2021-07-28,Gn327EVDzMM,From LSU to Southern! What Happened?,"Sep 7, 2025",290,0:00:00
2021-07-29,Gn327EVDzMM,From LSU to Southern! What Happened?,"Sep 7, 2025",290,0:00:00
2021-07-30,Gn327EVDzMM,From LSU to Southern! What Happened?,"Sep 7, 2025",290,0:00:00
2021-07-31,Gn327EVDzMM,From LSU to Southern! What Happened?,"Sep 7, 2025",290,0:00:00
2021-08-01,Gn327EVDzMM,From LSU to Southern! What Happened?,"Sep 7, 2025",290,0:00:00
2021-08-02,Gn327EVDzMM,From LSU to Southern! What Happened?,"Sep 7, 2025",290,0:00:00
2021-08-03,Gn327EVDzMM,From LSU to Southern! What Happened?,"Sep 7, 2025",290,0:00:00
2021-08-04,Gn327EVDzMM,From LSU to Southern! What Happened?,"Sep 7, 2025",290,0:00:00
2021-08-05,Gn327EVDzMM,From LSU to Southern! What Happened?,"Sep 7, 2025",290,0:00:00
2021-08-06,Gn327EVDzMM,From LSU to Southern! What Happened?,"Sep 7, 2025",290,0:00:00
2021-08-07,Gn327EVDzMM,From LSU to Southern! What Happened?,"Sep 7, 2025",290,0:00:00
2021-08-08,Gn327EVDzMM,From LSU to Southern! What Happened?,"Sep 7, 2025",290,0:00:00
2021-08-09,Gn327EVDzMM,From LSU to Southern! What Happened?,"Sep 7, 2025",290,0:00:00
2021-08-10,Gn327EVDzMM,From LSU to Southern! What Happened?,"Sep 7, 2025",290,0:00:00
2021-08-11,Gn327EVDzMM,From LSU to Southern! What Happened?,"Sep 7, 2025",290,0:00:00
2021-08-12,Gn327EVDzMM,From LSU to Southern! What Happened?,"Sep 7, 2025",290,0:00:00
2021-08-13,Gn327EVDzMM,From LSU to Southern! What Happened?,"Sep 7, 2025",290,0:00:00
2021-08-14,Gn327EVDzMM,From LSU to Southern! What Happened?,"Sep 7, 2025",290,0:00:00
2021-08-15,Gn327EVDzMM,From LSU to Southern! What Happened?,"Sep 7, 2025",290,0:00:00
2021-08-16,Gn327EVDzMM,From LSU to Southern! What Happened?,"Sep 7, 2025",290,0:00:00
2021-08-17,Gn327EVDzMM,From LSU to Southern! What Happened?,"Sep 7, 2025",290,0:00:00
2021-08-18,Gn327EVDzMM,From LSU to Southern! What Happened?,"Sep 7, 2025",290,0:00:00
2021-08-19,Gn327EVDzMM,From LSU to Southern! What Happened?,"Sep 7, 2025",290,0:00:00
2021-08-20,Gn327EVDzMM,From LSU to Southern! What Happened?,"Sep 7, 2025",290,0:00:00
2021-08-21,Gn327EVDzMM,From LSU to Southern! What Happened?,"Sep 7, 2025",290,0:00:00
2021-08-22,Gn327EVDzMM,From LSU to Southern! What Happened?,"Sep 7, 2025",290,0:00:00
2021-08-23,Gn327EVDzMM,From LSU to Southern! What Happened?,"Sep 7, 2025",290,0:00:00
2021-08-24,Gn327EVDzMM,From LSU to Southern! What Happened?,"Sep 7, 2025",290,0:00:00
2021-08-25,Gn327EVDzMM,From LSU to Southern! What Happened?,"Sep 7, 2025",290,0:00:00
2021-08-26,Gn327EVDzMM,From LSU to Southern! What Happened?,"Sep 7, 2025",290,0:00:00
2021-08-27,Gn327EVDzMM,From LSU to Southern! What Happened?,"Sep 7, 2025",290,0:00:00
2021-08-28,Gn327EVDzMM,From LSU to Southern! What Happened?,"Sep 7, 2025",290,0:00:00
2021-08-29,Gn327EVDzMM,From LSU to Southern! What Happened?,"Sep 7, 2025",290,0:00:00
2021-08-30,Gn327EVDzMM,From LSU to Southern! What Happened?,"Sep 7, 2025",290,0:00:00
2021-08-31,Gn327EVDzMM,From LSU to Southern! What Happened?,"Sep 7, 2025",290,0:00:00
2021-09-01,Gn327EVDzMM,From LSU to Southern! What Happened?,"Sep 7, 2025",290,0:00:00
2021-09-02,Gn327EVDzMM,From LSU to Southern! What Happened?,"Sep 7, 2025",290,0:00:00
2021-09-03,Gn327EVDzMM,From LSU to Southern! What Happened?,"Sep 7, 2025",290,0:00:00
2021-09-04,Gn327EVDzMM,From LSU to Southern! What Happened?,"Sep 7, 2025",290,0:00:00
2021-09-05,Gn327EVDzMM,From LSU to Southern! What Happened?,"Sep 7, 2025",290,0:00:00
2021-09-06,Gn327EVDzMM,From LSU to Southern! What Happened?,"Sep 7, 2025",290,0:00:00
2021-09-07,Gn327EVDzMM,From LSU to Southern! What Happened?,"Sep 7, 2025",290,0:00:00
2021-09-08,Gn327EVDzMM,From LSU to Southern! What Happened?,"Sep 7, 2025",290,0:00:00
2021-09-09,Gn327EVDzMM,From LSU to Southern! What Happened?,"Sep 7, 2025",290,0:00:00
2021-09-10,Gn327EVDzMM,From LSU to Southern! What Happened?,"Sep 7, 2025",290,0:00:00
2021-09-11,Gn327EVDzMM,From LSU to Southern! What Happened?,"Sep 7, 2025",290,0:00:00
2021-09-12,Gn327EVDzMM,From LSU to Southern! What Happened?,"Sep 7, 2025",290,0:00:00
2021-09-13,Gn327EVDzMM,From LSU to Southern! What Happened?,"Sep 7, 2025",290,0:00:00
2021-09-14,Gn327EVDzMM,From LSU to Southern! What Happened?,"Sep 7, 2025",290,0:00:00
2021-09-15,Gn327EVDzMM,From LSU to Southern! What Happened?,"Sep 7, 2025",290,0:00:00
2021-09-16,Gn327EVDzMM,From LSU to Southern! What Happened?,"Sep 7, 2025",290,0:00:00
2021-09-17,Gn327EVDzMM,From LSU to Southern! What Happened?,"Sep 7, 2025",290,0:00:00
2021-09-18,Gn327EVDzMM,From LSU to Southern! What Happened?,"Sep 7, 2025",290,0:00:00
2021-09-19,Gn327EVDzMM,From LSU to Southern! What Happened?,"Sep 7, 2025",290,0:00:00
2021-09-20,Gn327EVDzMM,From LSU to Southern! What Happened?,"Sep 7, 2025",290,0:00:00
2021-09-21,Gn327EVDzMM,From LSU to Southern! What Happened?,"Sep 7, 2025",290,0:00:00
2021-09-22,Gn327EVDzMM,From LSU to Southern! What Happened?,"Sep 7, 2025",290,0:00:00
2021-09-23,Gn327EVDzMM,From LSU to Southern! What Happened?,"Sep 7, 2025",290,0:00:00
2021-09-24,Gn327EVDzMM,From LSU to Southern! What Happened?,"Sep 7, 2025",290,0:00:00
2021-09-25,Gn327EVDzMM,From LSU to Southern! What Happened?,"Sep 7, 2025",290,0:00:00
2021-09-26,Gn327EVDzMM,From LSU to Southern! What Happened?,"Sep 7, 2025",290,0:00:00
2021-09-27,Gn327EVDzMM,From LSU to Southern! What Happened?,"Sep 7, 2025",290,0:00:00
2021-09-28,Gn327EVDzMM,From LSU to Southern! What Happened?,"Sep 7, 2025",290,0:00:00
2021-09-29,Gn327EVDzMM,From LSU to Southern! What Happened?,"Sep 7, 2025",290,0:00:00
2021-09-30,Gn327EVDzMM,From LSU to Southern! What Happened?,"Sep 7, 2025",290,0:00:00
2021-10-01,Gn327EVDzMM,From LSU to Southern! What Happened?,"Sep 7, 2025",290,0:00:00
2021-10-02,Gn327EVDzMM,From LSU to Southern! What Happened?,"Sep 7, 2025",290,0:00:00
2021-10-03,Gn327EVDzMM,From LSU to Southern! What Happened?,"Sep 7, 2025",290,0:00:00
2021-10-04,Gn327EVDzMM,From LSU to Southern! What Happened?,"Sep 7, 2025",290,0:00:00
2021-10-05,Gn327EVDzMM,From LSU to Southern! What Happened?,"Sep 7, 2025",290,0:00:00
2021-10-06,Gn327EVDzMM,From LSU to Southern! What Happened?,"Sep 7, 2025",290,0:00:00
2021-10-07,Gn327EVDzMM,From LSU to Southern! What Happened?,"Sep 7, 2025",290,0:00:00
2021-10-08,Gn327EVDzMM,From LSU to Southern! What Happened?,"Sep 7, 2025",290,0:00:00
2021-10-09,Gn327EVDzMM,From LSU to Southern! What Happened?,"Sep 7, 2025",290,0:00:00
2021-10-10,Gn327EVDzMM,From LSU to Southern! What Happened?,"Sep 7, 2025",290,0:00:00
2021-10-11,Gn327EVDzMM,From LSU to Southern! What Happened?,"Sep 7, 2025",290,0:00:00
2021-10-12,Gn327EVDzMM,From LSU to Southern! What Happened?,"Sep 7, 2025",290,0:00:00
2021-10-13,Gn327EVDzMM,From LSU to Southern! What Happened?,"Sep 7, 2025",290,0:00:00
2021-10-14,Gn327EVDzMM,From LSU to Southern! What Happened?,"Sep 7, 2025",290,0:00:00
2021-10-15,Gn327EVDzMM,From LSU to Southern! What Happened?,"Sep 7, 2025",290,0:00:00
2021-10-16,Gn327EVDzMM,From LSU to Southern! What Happened?,"Sep 7, 2025",290,0:00:00
2021-10-17,Gn327EVDzMM,From LSU to Southern! What Happened?,"Sep 7, 2025",290,0:00:00
2021-10-18,Gn327EVDzMM,From LSU to Southern! What Happened?,"Sep 7, 2025",290,0:00:00
2021-10-19,Gn327EVDzMM,From LSU to Southern! What Happened?,"Sep 7, 2025",290,0:00:00
2021-10-20,Gn327EVDzMM,From LSU to Southern! What Happened?,"Sep 7, 2025",290,0:00:00
2021-10-21,Gn327EVDzMM,From LSU to Southern! What Happened?,"Sep 7, 2025",290,0:00:00
2021-10-22,Gn327EVDzMM,From LSU to Southern! What Happened?,"Sep 7, 2025",290,0:00:00
2021-10-23,Gn327EVDzMM,From LSU to Southern! What Happened?,"Sep 7, 2025",290,0:00:00
2021-10-24,Gn327EVDzMM,From LSU to Southern! What Happened?,"Sep 7, 2025",290,0:00:00
2021-10-25,Gn327EVDzMM,From LSU to Southern! What Happened?,"Sep 7, 2025",290,0:00:00
2021-10-26,Gn327EVDzMM,From LSU to Southern! What Happened?,"Sep 7, 2025",290,0:00:00
2021-10-27,Gn327EVDzMM,From LSU to Southern! What Happened?,"Sep 7, 2025",290,0:00:00
2021-10-28,Gn327EVDzMM,From LSU to Southern! What Happened?,"Sep 7, 2025",290,0:00:00
2021-10-29,Gn327EVDzMM,From LSU to Southern! What Happened?,"Sep 7, 2025",290,0:00:00
2021-10-30,Gn327EVDzMM,From LSU to Southern! What Happened?,"Sep 7, 2025",290,0:00:00
2021-10-31,Gn327EVDzMM,From LSU to Southern! What Happened?,"Sep 7, 2025",290,0:00:00
2021-11-01,Gn327EVDzMM,From LSU to Southern! What Happened?,"Sep 7, 2025",290,0:00:00
2021-11-02,Gn327EVDzMM,From LSU to Southern! What Happened?,"Sep 7, 2025",290,0:00:00
2021-11-03,Gn327EVDzMM,From LSU to Southern! What Happened?,"Sep 7, 2025",290,0:00:00
2021-11-04,Gn327EVDzMM,From LSU to Southern! What Happened?,"Sep 7, 2025",290,0:00:00
2021-11-05,Gn327EVDzMM,From LSU to Southern! What Happened?,"Sep 7, 2025",290,0:00:00
2021-11-06,Gn327EVDzMM,From LSU to Southern! What Happened?,"Sep 7, 2025",290,0:00:00
2021-11-07,Gn327EVDzMM,From LSU to Southern! What Happened?,"Sep 7, 2025",290,0:00:00
2021-11-08,Gn327EVDzMM,From LSU to Southern! What Happened?,"Sep 7, 2025",290,0:00:00
2021-11-09,Gn327EVDzMM,From LSU to Southern! What Happened?,"Sep 7, 2025",290,0:00:00
2021-11-10,Gn327EVDzMM,From LSU to Southern! What Happened?,"Sep 7, 2025",290,0:00:00
2021-11-11,Gn327EVDzMM,From LSU to Southern! What Happened?,"Sep 7, 2025",290,0:00:00
2021-11-12,Gn327EVDzMM,From LSU to Southern! What Happened?,"Sep 7, 2025",290,0:00:00
2021-11-13,Gn327EVDzMM,From LSU to Southern! What Happened?,"Sep 7, 2025",290,0:00:00
2021-11-14,Gn327EVDzMM,From LSU to Southern! What Happened?,"Sep 7, 2025",290,0:00:00
2021-11-15,Gn327EVDzMM,From LSU to Southern! What Happened?,"Sep 7, 2025",290,0:00:00
2021-11-16,Gn327EVDzMM,From LSU to Southern! What Happened?,"Sep 7, 2025",290,0:00:00
2021-11-17,Gn327EVDzMM,From LSU to Southern! What Happened?,"Sep 7, 2025",290,0:00:00
2021-11-18,Gn327EVDzMM,From LSU to Southern! What Happened?,"Sep 7, 2025",290,0:00:00
2021-11-19,Gn327EVDzMM,From LSU to Southern! What Happened?,"Sep 7, 2025",290,0:00:00
2021-11-20,Gn327EVDzMM,From LSU to Southern! What Happened?,"Sep 7, 2025",290,0:00:00
2021-11-21,Gn327EVDzMM,From LSU to Southern! What Happened?,"Sep 7, 2025",290,0:00:00
2021-11-22,Gn327EVDzMM,From LSU to Southern! What Happened?,"Sep 7, 2025",290,0:00:00
2021-11-23,Gn327EVDzMM,From LSU to Southern! What Happened?,"Sep 7, 2025",290,0:00:00
2021-11-24,Gn327EVDzMM,From LSU to Southern! What Happened?,"Sep 7, 2025",290,0:00:00
2021-11-25,Gn327EVDzMM,From LSU to Southern! What Happened?,"Sep 7, 2025",290,0:00:00
2021-11-26,Gn327EVDzMM,From LSU to Southern! What Happened?,"Sep 7, 2025",290,0:00:00
2021-11-27,Gn327EVDzMM,From LSU to Southern! What Happened?,"Sep 7, 2025",290,0:00:00
2021-11-28,Gn327EVDzMM,From LSU to Southern! What Happened?,"Sep 7, 2025",290,0:00:00
2021-11-29,Gn327EVDzMM,From LSU to Southern! What Happened?,"Sep 7, 2025",290,0:00:00
2021-11-30,Gn327EVDzMM,From LSU to Southern! What Happened?,"Sep 7, 2025",290,0:00:00
2021-12-01,Gn327EVDzMM,From LSU to Southern! What Happened?,"Sep 7, 2025",290,0:00:00
2021-12-02,Gn327EVDzMM,From LSU to Southern! What Happened?,"Sep 7, 2025",290,0:00:00
2021-12-03,Gn327EVDzMM,From LSU to Southern! What Happened?,"Sep 7, 2025",290,0:00:00
2021-12-04,Gn327EVDzMM,From LSU to Southern! What Happened?,"Sep 7, 2025",290,0:00:00
2021-12-05,Gn327EVDzMM,From LSU to Southern! What Happened?,"Sep 7, 2025",290,0:00:00
2021-12-06,Gn327EVDzMM,From LSU to Southern! What Happened?,"Sep 7, 2025",290,0:00:00
2021-12-07,Gn327EVDzMM,From LSU to Southern! What Happened?,"Sep 7, 2025",290,0:00:00
2021-12-08,Gn327EVDzMM,From LSU to Southern! What Happened?,"Sep 7, 2025",290,0:00:00
2021-12-09,Gn327EVDzMM,From LSU to Southern! What Happened?,"Sep 7, 2025",290,0:00:00
2021-12-10,Gn327EVDzMM,From LSU to Southern! What Happened?,"Sep 7, 2025",290,0:00:00
2021-12-11,Gn327EVDzMM,From LSU to Southern! What Happened?,"Sep 7, 2025",290,0:00:00
2021-12-12,Gn327EVDzMM,From LSU to Southern! What Happened?,"Sep 7, 2025",290,0:00:00
2021-12-13,Gn327EVDzMM,From LSU to Southern! What Happened?,"Sep 7, 2025",290,0:00:00
2021-12-14,Gn327EVDzMM,From LSU to Southern! What Happened?,"Sep 7, 2025",290,0:00:00
2021-12-15,Gn327EVDzMM,From LSU to Southern! What Happened?,"Sep 7, 2025",290,0:00:00
2021-12-16,Gn327EVDzMM,From LSU to Southern! What Happened?,"Sep 7, 2025",290,0:00:00
2021-12-17,Gn327EVDzMM,From LSU to Southern! What Happened?,"Sep 7, 2025",290,0:00:00
2021-12-18,Gn327EVDzMM,From LSU to Southern! What Happened?,"Sep 7, 2025",290,0:00:00
2021-12-19,Gn327EVDzMM,From LSU to Southern! What Happened?,"Sep 7, 2025",290,0:00:00
2021-12-20,Gn327EVDzMM,From LSU to Southern! What Happened?,"Sep 7, 2025",290,0:00:00
2021-12-21,Gn327EVDzMM,From LSU to Southern! What Happened?,"Sep 7, 2025",290,0:00:00
2021-12-22,Gn327EVDzMM,From LSU to Southern! What Happened?,"Sep 7, 2025",290,0:00:00
2021-12-23,Gn327EVDzMM,From LSU to Southern! What Happened?,"Sep 7, 2025",290,0:00:00
2021-12-24,Gn327EVDzMM,From LSU to Southern! What Happened?,"Sep 7, 2025",290,0:00:00
2021-12-25,Gn327EVDzMM,From LSU to Southern! What Happened?,"Sep 7, 2025",290,0:00:00
2021-12-26,Gn327EVDzMM,From LSU to Southern! What Happened?,"Sep 7, 2025",290,0:00:00
2021-12-27,Gn327EVDzMM,From LSU to Southern! What Happened?,"Sep 7, 2025",290,0:00:00
2021-12-28,Gn327EVDzMM,From LSU to Southern! What Happened?,"Sep 7, 2025",290,0:00:00
2021-12-29,Gn327EVDzMM,From LSU to Southern! What Happened?,"Sep 7, 2025",290,0:00:00
2021-12-30,Gn327EVDzMM,From LSU to Southern! What Happened?,"Sep 7, 2025",290,0:00:00
2021-12-31,Gn327EVDzMM,From LSU to Southern! What Happened?,"Sep 7, 2025",290,0:00:00
2022-01-01,Gn327EVDzMM,From LSU to Southern! What Happened?,"Sep 7, 2025",290,0:00:00
2022-01-02,Gn327EVDzMM,From LSU to Southern! What Happened?,"Sep 7, 2025",290,0:00:00
2022-01-03,Gn327EVDzMM,From LSU to Southern! What Happened?,"Sep 7, 2025",290,0:00:00
2022-01-04,Gn327EVDzMM,From LSU to Southern! What Happened?,"Sep 7, 2025",290,0:00:00
2022-01-05,Gn327EVDzMM,From LSU to Southern! What Happened?,"Sep 7, 2025",290,0:00:00
2022-01-06,Gn327EVDzMM,From LSU to Southern! What Happened?,"Sep 7, 2025",290,0:00:00
2022-01-07,Gn327EVDzMM,From LSU to Southern! What Happened?,"Sep 7, 2025",290,0:00:00
2022-01-08,Gn327EVDzMM,From LSU to Southern! What Happened?,"Sep 7, 2025",290,0:00:00
2022-01-09,Gn327EVDzMM,From LSU to Southern! What Happened?,"Sep 7, 2025",290,0:00:00
2022-01-10,Gn327EVDzMM,From LSU to Southern! What Happened?,"Sep 7, 2025",290,0:00:00
2022-01-11,Gn327EVDzMM,From LSU to Southern! What Happened?,"Sep 7, 2025",290,0:00:00
2022-01-12,Gn327EVDzMM,From LSU to Southern! What Happened?,"Sep 7, 2025",290,0:00:00
2022-01-13,Gn327EVDzMM,From LSU to Southern! What Happened?,"Sep 7, 2025",290,0:00:00
2022-01-14,Gn327EVDzMM,From LSU to Southern! What Happened?,"Sep 7, 2025",290,0:00:00
2022-01-15,Gn327EVDzMM,From LSU to Southern! What Happened?,"Sep 7, 2025",290,0:00:00
2022-01-16,Gn327EVDzMM,From LSU to Southern! What Happened?,"Sep 7, 2025",290,0:00:00
2022-01-17,Gn327EVDzMM,From LSU to Southern! What Happened?,"Sep 7, 2025",290,0:00:00
2022-01-18,Gn327EVDzMM,From LSU to Southern! What Happened?,"Sep 7, 2025",290,0:00:00
2022-01-19,Gn327EVDzMM,From LSU to Southern! What Happened?,"Sep 7, 2025",290,0:00:00
2022-01-20,Gn327EVDzMM,From LSU to Southern! What Happened?,"Sep 7, 2025",290,0:00:00
2022-01-21,Gn327EVDzMM,From LSU to Southern! What Happened?,"Sep 7, 2025",290,0:00:00
2022-01-22,Gn327EVDzMM,From LSU to Southern! What Happened?,"Sep 7, 2025",290,0:00:00
2022-01-23,Gn327EVDzMM,From LSU to Southern! What Happened?,"Sep 7, 2025",290,0:00:00
2022-01-24,Gn327EVDzMM,From LSU to Southern! What Happened?,"Sep 7, 2025",290,0:00:00
2022-01-25,Gn327EVDzMM,From LSU to Southern! What Happened?,"Sep 7, 2025",290,0:00:00
2022-01-26,Gn327EVDzMM,From LSU to Southern! What Happened?,"Sep 7, 2025",290,0:00:00
2022-01-27,Gn327EVDzMM,From LSU to Southern! What Happened?,"Sep 7, 2025",290,0:00:00
2022-01-28,Gn327EVDzMM,From LSU to Southern! What Happened?,"Sep 7, 2025",290,0:00:00
2022-01-29,Gn327EVDzMM,From LSU to Southern! What Happened?,"Sep 7, 2025",290,0:00:00
2022-01-30,Gn327EVDzMM,From LSU to Southern! What Happened?,"Sep 7, 2025",290,0:00:00
2022-01-31,Gn327EVDzMM,From LSU to Southern! What Happened?,"Sep 7, 2025",290,0:00:00
2022-02-01,Gn327EVDzMM,From LSU to Southern! What Happened?,"Sep 7, 2025",290,0:00:00
2022-02-02,Gn327EVDzMM,From LSU to Southern! What Happened?,"Sep 7, 2025",290,0:00:00
2022-02-03,Gn327EVDzMM,From LSU to Southern! What Happened?,"Sep 7, 2025",290,0:00:00
2022-02-04,Gn327EVDzMM,From LSU to Southern! What Happened?,"Sep 7, 2025",290,0:00:00
2022-02-05,Gn327EVDzMM,From LSU to Southern! What Happened?,"Sep 7, 2025",290,0:00:00
2022-02-06,Gn327EVDzMM,From LSU to Southern! What Happened?,"Sep 7, 2025",290,0:00:00
2022-02-07,Gn327EVDzMM,From LSU to Southern! What Happened?,"Sep 7, 2025",290,0:00:00
2022-02-08,Gn327EVDzMM,From LSU to Southern! What Happened?,"Sep 7, 2025",290,0:00:00
2022-02-09,Gn327EVDzMM,From LSU to Southern! What Happened?,"Sep 7, 2025",290,0:00:00
2022-02-10,Gn327EVDzMM,From LSU to Southern! What Happened?,"Sep 7, 2025",290,0:00:00
2022-02-11,Gn327EVDzMM,From LSU to Southern! What Happened?,"Sep 7, 2025",290,0:00:00
2022-02-12,Gn327EVDzMM,From LSU to Southern! What Happened?,"Sep 7, 2025",290,0:00:00
2022-02-13,Gn327EVDzMM,From LSU to Southern! What Happened?,"Sep 7, 2025",290,0:00:00
2022-02-14,Gn327EVDzMM,From LSU to Southern! What Happened?,"Sep 7, 2025",290,0:00:00
2022-02-15,Gn327EVDzMM,From LSU to Southern! What Happened?,"Sep 7, 2025",290,0:00:00
2022-02-16,Gn327EVDzMM,From LSU to Southern! What Happened?,"Sep 7, 2025",290,0:00:00
2022-02-17,Gn327EVDzMM,From LSU to Southern! What Happened?,"Sep 7, 2025",290,0:00:00
2022-02-18,Gn327EVDzMM,From LSU to Southern! What Happened?,"Sep 7, 2025",290,0:00:00
2022-02-19,Gn327EVDzMM,From LSU to Southern! What Happened?,"Sep 7, 2025",290,0:00:00
2022-02-20,Gn327EVDzMM,From LSU to Southern! What Happened?,"Sep 7, 2025",290,0:00:00
2022-02-21,Gn327EVDzMM,From LSU to Southern! What Happened?,"Sep 7, 2025",290,0:00:00
2022-02-22,Gn327EVDzMM,From LSU to Southern! What Happened?,"Sep 7, 2025",290,0:00:00
2022-02-23,Gn327EVDzMM,From LSU to Southern! What Happened?,"Sep 7, 2025",290,0:00:00
2022-02-24,Gn327EVDzMM,From LSU to Southern! What Happened?,"Sep 7, 2025",290,0:00:00
2022-02-25,Gn327EVDzMM,From LSU to Southern! What Happened?,"Sep 7, 2025",290,0:00:00
2022-02-26,Gn327EVDzMM,From LSU to Southern! What Happened?,"Sep 7, 2025",290,0:00:00
2022-02-27,Gn327EVDzMM,From LSU to Southern! What Happened?,"Sep 7, 2025",290,0:00:00
2022-02-28,Gn327EVDzMM,From LSU to Southern! What Happened?,"Sep 7, 2025",290,0:00:00
2022-03-01,Gn327EVDzMM,From LSU to Southern! What Happened?,"Sep 7, 2025",290,0:00:00
2022-03-02,Gn327EVDzMM,From LSU to Southern! What Happened?,"Sep 7, 2025",290,0:00:00
2022-03-03,Gn327EVDzMM,From LSU to Southern! What Happened?,"Sep 7, 2025",290,0:00:00
2022-03-04,Gn327EVDzMM,From LSU to Southern! What Happened?,"Sep 7, 2025",290,0:00:00
2022-03-05,Gn327EVDzMM,From LSU to Southern! What Happened?,"Sep 7, 2025",290,0:00:00
2022-03-06,Gn327EVDzMM,From LSU to Southern! What Happened?,"Sep 7, 2025",290,0:00:00
2022-03-07,Gn327EVDzMM,From LSU to Southern! What Happened?,"Sep 7, 2025",290,0:00:00
2022-03-08,Gn327EVDzMM,From LSU to Southern! What Happened?,"Sep 7, 2025",290,0:00:00
2022-03-09,Gn327EVDzMM,From LSU to Southern! What Happened?,"Sep 7, 2025",290,0:00:00
2022-03-10,Gn327EVDzMM,From LSU to Southern! What Happened?,"Sep 7, 2025",290,0:00:00
2022-03-11,Gn327EVDzMM,From LSU to Southern! What Happened?,"Sep 7, 2025",290,0:00:00
2022-03-12,Gn327EVDzMM,From LSU to Southern! What Happened?,"Sep 7, 2025",290,0:00:00
2022-03-13,Gn327EVDzMM,From LSU to Southern! What Happened?,"Sep 7, 2025",290,0:00:00
2022-03-14,Gn327EVDzMM,From LSU to Southern! What Happened?,"Sep 7, 2025",290,0:00:00
2022-03-15,Gn327EVDzMM,From LSU to Southern! What Happened?,"Sep 7, 2025",290,0:00:00
2022-03-16,Gn327EVDzMM,From LSU to Southern! What Happened?,"Sep 7, 2025",290,0:00:00
2022-03-17,Gn327EVDzMM,From LSU to Southern! What Happened?,"Sep 7, 2025",290,0:00:00
2022-03-18,Gn327EVDzMM,From LSU to Southern! What Happened?,"Sep 7, 2025",290,0:00:00
2022-03-19,Gn327EVDzMM,From LSU to Southern! What Happened?,"Sep 7, 2025",290,0:00:00
2022-03-20,Gn327EVDzMM,From LSU to Southern! What Happened?,"Sep 7, 2025",290,0:00:00
2022-03-21,Gn327EVDzMM,From LSU to Southern! What Happened?,"Sep 7, 2025",290,0:00:00
2022-03-22,Gn327EVDzMM,From LSU to Southern! What Happened?,"Sep 7, 2025",290,0:00:00
2022-03-23,Gn327EVDzMM,From LSU to Southern! What Happened?,"Sep 7, 2025",290,0:00:00
2022-03-24,Gn327EVDzMM,From LSU to Southern! What Happened?,"Sep 7, 2025",290,0:00:00
2022-03-25,Gn327EVDzMM,From LSU to Southern! What Happened?,"Sep 7, 2025",290,0:00:00
2022-03-26,Gn327EVDzMM,From LSU to Southern! What Happened?,"Sep 7, 2025",290,0:00:00
2022-03-27,Gn327EVDzMM,From LSU to Southern! What Happened?,"Sep 7, 2025",290,0:00:00
2022-03-28,Gn327EVDzMM,From LSU to Southern! What Happened?,"Sep 7, 2025",290,0:00:00
2022-03-29,Gn327EVDzMM,From LSU to Southern! What Happened?,"Sep 7, 2025",290,0:00:00
2022-03-30,Gn327EVDzMM,From LSU to Southern! What Happened?,"Sep 7, 2025",290,0:00:00
2022-03-31,Gn327EVDzMM,From LSU to Southern! What Happened?,"Sep 7, 2025",290,0:00:00
2022-04-01,Gn327EVDzMM,From LSU to Southern! What Happened?,"Sep 7, 2025",290,0:00:00
2022-04-02,Gn327EVDzMM,From LSU to Southern! What Happened?,"Sep 7, 2025",290,0:00:00
2022-04-03,Gn327EVDzMM,From LSU to Southern! What Happened?,"Sep 7, 2025",290,0:00:00
2022-04-04,Gn327EVDzMM,From LSU to Southern! What Happened?,"Sep 7, 2025",290,0:00:00
2022-04-05,Gn327EVDzMM,From LSU to Southern! What Happened?,"Sep 7, 2025",290,0:00:00
2022-04-06,Gn327EVDzMM,From LSU to Southern! What Happened?,"Sep 7, 2025",290,0:00:00
2022-04-07,Gn327EVDzMM,From LSU to Southern! What Happened?,"Sep 7, 2025",290,0:00:00
2022-04-08,Gn327EVDzMM,From LSU to Southern! What Happened?,"Sep 7, 2025",290,0:00:00
2022-04-09,Gn327EVDzMM,From LSU to Southern! What Happened?,"Sep 7, 2025",290,0:00:00
2022-04-10,Gn327EVDzMM,From LSU to Southern! What Happened?,"Sep 7, 2025",290,0:00:00
2022-04-11,Gn327EVDzMM,From LSU to Southern! What Happened?,"Sep 7, 2025",290,0:00:00
2022-04-12,Gn327EVDzMM,From LSU to Southern! What Happened?,"Sep 7, 2025",290,0:00:00
2022-04-13,Gn327EVDzMM,From LSU to Southern! What Happened?,"Sep 7, 2025",290,0:00:00
2022-04-14,Gn327EVDzMM,From LSU to Southern! What Happened?,"Sep 7, 2025",290,0:00:00
2022-04-15,Gn327EVDzMM,From LSU to Southern! What Happened?,"Sep 7, 2025",290,0:00:00
2022-04-16,Gn327EVDzMM,From LSU to Southern! What Happened?,"Sep 7, 2025",290,0:00:00
2022-04-17,Gn327EVDzMM,From LSU to Southern! What Happened?,"Sep 7, 2025",290,0:00:00
2022-04-18,Gn327EVDzMM,From LSU to Southern! What Happened?,"Sep 7, 2025",290,0:00:00
2022-04-19,Gn327EVDzMM,From LSU to Southern! What Happened?,"Sep 7, 2025",290,0:00:00
2022-04-20,Gn327EVDzMM,From LSU to Southern! What Happened?,"Sep 7, 2025",290,0:00:00
2022-04-21,Gn327EVDzMM,From LSU to Southern! What Happened?,"Sep 7, 2025",290,0:00:00
2022-04-22,Gn327EVDzMM,From LSU to Southern! What Happened?,"Sep 7, 2025",290,0:00:00
2022-04-23,Gn327EVDzMM,From LSU to Southern! What Happened?,"Sep 7, 2025",290,0:00:00
2022-04-24,Gn327EVDzMM,From LSU to Southern! What Happened?,"Sep 7, 2025",290,0:00:00
2022-04-25,Gn327EVDzMM,From LSU to Southern! What Happened?,"Sep 7, 2025",290,0:00:00
2022-04-26,Gn327EVDzMM,From LSU to Southern! What Happened?,"Sep 7, 2025",290,0:00:00
2022-04-27,Gn327EVDzMM,From LSU to Southern! What Happened?,"Sep 7, 2025",290,0:00:00
2022-04-28,Gn327EVDzMM,From LSU to Southern! What Happened?,"Sep 7, 2025",290,0:00:00
2022-04-29,Gn327EVDzMM,From LSU to Southern! What Happened?,"Sep 7, 2025",290,0:00:00
2022-04-30,Gn327EVDzMM,From LSU to Southern! What Happened?,"Sep 7, 2025",290,0:00:00
2022-05-01,Gn327EVDzMM,From LSU to Southern! What Happened?,"Sep 7, 2025",290,0:00:00
2022-05-02,Gn327EVDzMM,From LSU to Southern! What Happened?,"Sep 7, 2025",290,0:00:00
2022-05-03,Gn327EVDzMM,From LSU to Southern! What Happened?,"Sep 7, 2025",290,0:00:00
2022-05-04,Gn327EVDzMM,From LSU to Southern! What Happened?,"Sep 7, 2025",290,0:00:00
2022-05-05,Gn327EVDzMM,From LSU to Southern! What Happened?,"Sep 7, 2025",290,0:00:00
2022-05-06,Gn327EVDzMM,From LSU to Southern! What Happened?,"Sep 7, 2025",290,0:00:00
2022-05-07,Gn327EVDzMM,From LSU to Southern! What Happened?,"Sep 7, 2025",290,0:00:00
2022-05-08,Gn327EVDzMM,From LSU to Southern! What Happened?,"Sep 7, 2025",290,0:00:00
2022-05-09,Gn327EVDzMM,From LSU to Southern! What Happened?,"Sep 7, 2025",290,0:00:00
2022-05-10,Gn327EVDzMM,From LSU to Southern! What Happened?,"Sep 7, 2025",290,0:00:00
2022-05-11,Gn327EVDzMM,From LSU to Southern! What Happened?,"Sep 7, 2025",290,0:00:00
2022-05-12,Gn327EVDzMM,From LSU to Southern! What Happened?,"Sep 7, 2025",290,0:00:00
2022-05-13,Gn327EVDzMM,From LSU to Southern! What Happened?,"Sep 7, 2025",290,0:00:00
2022-05-14,Gn327EVDzMM,From LSU to Southern! What Happened?,"Sep 7, 2025",290,0:00:00
2022-05-15,Gn327EVDzMM,From LSU to Southern! What Happened?,"Sep 7, 2025",290,0:00:00
2022-05-16,Gn327EVDzMM,From LSU to Southern! What Happened?,"Sep 7, 2025",290,0:00:00
2022-05-17,Gn327EVDzMM,From LSU to Southern! What Happened?,"Sep 7, 2025",290,0:00:00
2022-05-18,Gn327EVDzMM,From LSU to Southern! What Happened?,"Sep 7, 2025",290,0:00:00
2022-05-19,Gn327EVDzMM,From LSU to Southern! What Happened?,"Sep 7, 2025",290,0:00:00
2022-05-20,Gn327EVDzMM,From LSU to Southern! What Happened?,"Sep 7, 2025",290,0:00:00
2022-05-21,Gn327EVDzMM,From LSU to Southern! What Happened?,"Sep 7, 2025",290,0:00:00
2022-05-22,Gn327EVDzMM,From LSU to Southern! What Happened?,"Sep 7, 2025",290,0:00:00
2022-05-23,Gn327EVDzMM,From LSU to Southern! What Happened?,"Sep 7, 2025",290,0:00:00
2022-05-24,Gn327EVDzMM,From LSU to Southern! What Happened?,"Sep 7, 2025",290,0:00:00
2022-05-25,Gn327EVDzMM,From LSU to Southern! What Happened?,"Sep 7, 2025",290,0:00:00
2022-05-26,Gn327EVDzMM,From LSU to Southern! What Happened?,"Sep 7, 2025",290,0:00:00
2022-05-27,Gn327EVDzMM,From LSU to Southern! What Happened?,"Sep 7, 2025",290,0:00:00
2022-05-28,Gn327EVDzMM,From LSU to Southern! What Happened?,"Sep 7, 2025",290,0:00:00
2022-05-29,Gn327EVDzMM,From LSU to Southern! What Happened?,"Sep 7, 2025",290,0:00:00
2022-05-30,Gn327EVDzMM,From LSU to Southern! What Happened?,"Sep 7, 2025",290,0:00:00
2022-05-31,Gn327EVDzMM,From LSU to Southern! What Happened?,"Sep 7, 2025",290,0:00:00
2022-06-01,Gn327EVDzMM,From LSU to Southern! What Happened?,"Sep 7, 2025",290,0:00:00
2022-06-02,Gn327EVDzMM,From LSU to Southern! What Happened?,"Sep 7, 2025",290,0:00:00
2022-06-03,Gn327EVDzMM,From LSU to Southern! What Happened?,"Sep 7, 2025",290,0:00:00
2022-06-04,Gn327EVDzMM,From LSU to Southern! What Happened?,"Sep 7, 2025",290,0:00:00
2022-06-05,Gn327EVDzMM,From LSU to Southern! What Happened?,"Sep 7, 2025",290,0:00:00
2022-06-06,Gn327EVDzMM,From LSU to Southern! What Happened?,"Sep 7, 2025",290,0:00:00
2022-06-07,Gn327EVDzMM,From LSU to Southern! What Happened?,"Sep 7, 2025",290,0:00:00
2022-06-08,Gn327EVDzMM,From LSU to Southern! What Happened?,"Sep 7, 2025",290,0:00:00
2022-06-09,Gn327EVDzMM,From LSU to Southern! What Happened?,"Sep 7, 2025",290,0:00:00
2022-06-10,Gn327EVDzMM,From LSU to Southern! What Happened?,"Sep 7, 2025",290,0:00:00
2022-06-11,Gn327EVDzMM,From LSU to Southern! What Happened?,"Sep 7, 2025",290,0:00:00
2022-06-12,Gn327EVDzMM,From LSU to Southern! What Happened?,"Sep 7, 2025",290,0:00:00
2022-06-13,Gn327EVDzMM,From LSU to Southern! What Happened?,"Sep 7, 2025",290,0:00:00
2022-06-14,Gn327EVDzMM,From LSU to Southern! What Happened?,"Sep 7, 2025",290,0:00:00
2022-06-15,Gn327EVDzMM,From LSU to Southern! What Happened?,"Sep 7, 2025",290,0:00:00
2022-06-16,Gn327EVDzMM,From LSU to Southern! What Happened?,"Sep 7, 2025",290,0:00:00
2022-06-17,Gn327EVDzMM,From LSU to Southern! What Happened?,"Sep 7, 2025",290,0:00:00
2022-06-18,Gn327EVDzMM,From LSU to Southern! What Happened?,"Sep 7, 2025",290,0:00:00
2022-06-19,Gn327EVDzMM,From LSU to Southern! What Happened?,"Sep 7, 2025",290,0:00:00
2022-06-20,Gn327EVDzMM,From LSU to Southern! What Happened?,"Sep 7, 2025",290,0:00:00
2022-06-21,Gn327EVDzMM,From LSU to Southern! What Happened?,"Sep 7, 2025",290,0:00:00
2022-06-22,Gn327EVDzMM,From LSU to Southern! What Happened?,"Sep 7, 2025",290,0:00:00
2022-06-23,Gn327EVDzMM,From LSU to Southern! What Happened?,"Sep 7, 2025",290,0:00:00
2022-06-24,Gn327EVDzMM,From LSU to Southern! What Happened?,"Sep 7, 2025",290,0:00:00
2022-06-25,Gn327EVDzMM,From LSU to Southern! What Happened?,"Sep 7, 2025",290,0:00:00
2022-06-26,Gn327EVDzMM,From LSU to Southern! What Happened?,"Sep 7, 2025",290,0:00:00
2022-06-27,Gn327EVDzMM,From LSU to Southern! What Happened?,"Sep 7, 2025",290,0:00:00
2022-06-28,Gn327EVDzMM,From LSU to Southern! What Happened?,"Sep 7, 2025",290,0:00:00
2022-06-29,Gn327EVDzMM,From LSU to Southern! What Happened?,"Sep 7, 2025",290,0:00:00
2022-06-30,Gn327EVDzMM,From LSU to Southern! What Happened?,"Sep 7, 2025",290,0:00:00
2022-07-01,Gn327EVDzMM,From LSU to Southern! What Happened?,"Sep 7, 2025",290,0:00:00
2022-07-02,Gn327EVDzMM,From LSU to Southern! What Happened?,"Sep 7, 2025",290,0:00:00
2022-07-03,Gn327EVDzMM,From LSU to Southern! What Happened?,"Sep 7, 2025",290,0:00:00
2022-07-04,Gn327EVDzMM,From LSU to Southern! What Happened?,"Sep 7, 2025",290,0:00:00
2022-07-05,Gn327EVDzMM,From LSU to Southern! What Happened?,"Sep 7, 2025",290,0:00:00
2022-07-06,Gn327EVDzMM,From LSU to Southern! What Happened?,"Sep 7, 2025",290,0:00:00
2022-07-07,Gn327EVDzMM,From LSU to Southern! What Happened?,"Sep 7, 2025",290,0:00:00
2022-07-08,Gn327EVDzMM,From LSU to Southern! What Happened?,"Sep 7, 2025",290,0:00:00
2022-07-09,Gn327EVDzMM,From LSU to Southern! What Happened?,"Sep 7, 2025",290,0:00:00
2022-07-10,Gn327EVDzMM,From LSU to Southern! What Happened?,"Sep 7, 2025",290,0:00:00
2022-07-11,Gn327EVDzMM,From LSU to Southern! What Happened?,"Sep 7, 2025",290,0:00:00
2022-07-12,Gn327EVDzMM,From LSU to Southern! What Happened?,"Sep 7, 2025",290,0:00:00
2022-07-13,Gn327EVDzMM,From LSU to Southern! What Happened?,"Sep 7, 2025",290,0:00:00
2022-07-14,Gn327EVDzMM,From LSU to Southern! What Happened?,"Sep 7, 2025",290,0:00:00
2022-07-15,Gn327EVDzMM,From LSU to Southern! What Happened?,"Sep 7, 2025",290,0:00:00
2022-07-16,Gn327EVDzMM,From LSU to Southern! What Happened?,"Sep 7, 2025",290,0:00:00
2022-07-17,Gn327EVDzMM,From LSU to Southern! What Happened?,"Sep 7, 2025",290,0:00:00
2022-07-18,Gn327EVDzMM,From LSU to Southern! What Happened?,"Sep 7, 2025",290,0:00:00
2022-07-19,Gn327EVDzMM,From LSU to Southern! What Happened?,"Sep 7, 2025",290,0:00:00
2022-07-20,Gn327EVDzMM,From LSU to Southern! What Happened?,"Sep 7, 2025",290,0:00:00
2022-07-21,Gn327EVDzMM,From LSU to Southern! What Happened?,"Sep 7, 2025",290,0:00:00
2022-07-22,Gn327EVDzMM,From LSU to Southern! What Happened?,"Sep 7, 2025",290,0:00:00
2022-07-23,Gn327EVDzMM,From LSU to Southern! What Happened?,"Sep 7, 2025",290,0:00:00
2022-07-24,Gn327EVDzMM,From LSU to Southern! What Happened?,"Sep 7, 2025",290,0:00:00
2022-07-25,Gn327EVDzMM,From LSU to Southern! What Happened?,"Sep 7, 2025",290,0:00:00
2022-07-26,Gn327EVDzMM,From LSU to Southern! What Happened?,"Sep 7, 2025",290,0:00:00
2022-07-27,Gn327EVDzMM,From LSU to Southern! What Happened?,"Sep 7, 2025",290,0:00:00
2022-07-28,Gn327EVDzMM,From LSU to Southern! What Happened?,"Sep 7, 2025",290,0:00:00
2022-07-29,Gn327EVDzMM,From LSU to Southern! What Happened?,"Sep 7, 2025",290,0:00:00
2022-07-30,Gn327EVDzMM,From LSU to Southern! What Happened?,"Sep 7, 2025",290,0:00:00
2022-07-31,Gn327EVDzMM,From LSU to Southern! What Happened?,"Sep 7, 2025",290,0:00:00
2022-08-01,Gn327EVDzMM,From LSU to Southern! What Happened?,"Sep 7, 2025",290,0:00:00
2022-08-02,Gn327EVDzMM,From LSU to Southern! What Happened?,"Sep 7, 2025",290,0:00:00
2022-08-03,Gn327EVDzMM,From LSU to Southern! What Happened?,"Sep 7, 2025",290,0:00:00
2022-08-04,Gn327EVDzMM,From LSU to Southern! What Happened?,"Sep 7, 2025",290,0:00:00
2022-08-05,Gn327EVDzMM,From LSU to Southern! What Happened?,"Sep 7, 2025",290,0:00:00
2022-08-06,Gn327EVDzMM,From LSU to Southern! What Happened?,"Sep 7, 2025",290,0:00:00
2022-08-07,Gn327EVDzMM,From LSU to Southern! What Happened?,"Sep 7, 2025",290,0:00:00
2022-08-08,Gn327EVDzMM,From LSU to Southern! What Happened?,"Sep 7, 2025",290,0:00:00
2022-08-09,Gn327EVDzMM,From LSU to Southern! What Happened?,"Sep 7, 2025",290,0:00:00
2022-08-10,Gn327EVDzMM,From LSU to Southern! What Happened?,"Sep 7, 2025",290,0:00:00
2022-08-11,Gn327EVDzMM,From LSU to Southern! What Happened?,"Sep 7, 2025",290,0:00:00
2022-08-12,Gn327EVDzMM,From LSU to Southern! What Happened?,"Sep 7, 2025",290,0:00:00
2022-08-13,Gn327EVDzMM,From LSU to Southern! What Happened?,"Sep 7, 2025",290,0:00:00
2022-08-14,Gn327EVDzMM,From LSU to Southern! What Happened?,"Sep 7, 2025",290,0:00:00
2022-08-15,Gn327EVDzMM,From LSU to Southern! What Happened?,"Sep 7, 2025",290,0:00:00
2022-08-16,Gn327EVDzMM,From LSU to Southern! What Happened?,"Sep 7, 2025",290,0:00:00
2022-08-17,Gn327EVDzMM,From LSU to Southern! What Happened?,"Sep 7, 2025",290,0:00:00
2022-08-18,Gn327EVDzMM,From LSU to Southern! What Happened?,"Sep 7, 2025",290,0:00:00
2022-08-19,Gn327EVDzMM,From LSU to Southern! What Happened?,"Sep 7, 2025",290,0:00:00
2022-08-20,Gn327EVDzMM,From LSU to Southern! What Happened?,"Sep 7, 2025",290,0:00:00
2022-08-21,Gn327EVDzMM,From LSU to Southern! What Happened?,"Sep 7, 2025",290,0:00:00
2022-08-22,Gn327EVDzMM,From LSU to Southern! What Happened?,"Sep 7, 2025",290,0:00:00
2022-08-23,Gn327EVDzMM,From LSU to Southern! What Happened?,"Sep 7, 2025",290,0:00:00
2022-08-24,Gn327EVDzMM,From LSU to Southern! What Happened?,"Sep 7, 2025",290,0:00:00
2022-08-25,Gn327EVDzMM,From LSU to Southern! What Happened?,"Sep 7, 2025",290,0:00:00
2022-08-26,Gn327EVDzMM,From LSU to Southern! What Happened?,"Sep 7, 2025",290,0:00:00
2022-08-27,Gn327EVDzMM,From LSU to Southern! What Happened?,"Sep 7, 2025",290,0:00:00
2022-08-28,Gn327EVDzMM,From LSU to Southern! What Happened?,"Sep 7, 2025",290,0:00:00
2022-08-29,Gn327EVDzMM,From LSU to Southern! What Happened?,"Sep 7, 2025",290,0:00:00
2022-08-30,Gn327EVDzMM,From LSU to Southern! What Happened?,"Sep 7, 2025",290,0:00:00
2022-08-31,Gn327EVDzMM,From LSU to Southern! What Happened?,"Sep 7, 2025",290,0:00:00
2022-09-01,Gn327EVDzMM,From LSU to Southern! What Happened?,"Sep 7, 2025",290,0:00:00
2022-09-02,Gn327EVDzMM,From LSU to Southern! What Happened?,"Sep 7, 2025",290,0:00:00
2022-09-03,Gn327EVDzMM,From LSU to Southern! What Happened?,"Sep 7, 2025",290,0:00:00
2022-09-04,Gn327EVDzMM,From LSU to Southern! What Happened?,"Sep 7, 2025",290,0:00:00
2022-09-05,Gn327EVDzMM,From LSU to Southern! What Happened?,"Sep 7, 2025",290,0:00:00
2022-09-06,Gn327EVDzMM,From LSU to Southern! What Happened?,"Sep 7, 2025",290,0:00:00
2022-09-07,Gn327EVDzMM,From LSU to Southern! What Happened?,"Sep 7, 2025",290,0:00:00
2022-09-08,Gn327EVDzMM,From LSU to Southern! What Happened?,"Sep 7, 2025",290,0:00:00
2022-09-09,Gn327EVDzMM,From LSU to Southern! What Happened?,"Sep 7, 2025",290,0:00:00
2022-09-10,Gn327EVDzMM,From LSU to Southern! What Happened?,"Sep 7, 2025",290,0:00:00
2022-09-11,Gn327EVDzMM,From LSU to Southern! What Happened?,"Sep 7, 2025",290,0:00:00
2022-09-12,Gn327EVDzMM,From LSU to Southern! What Happened?,"Sep 7, 2025",290,0:00:00
2022-09-13,Gn327EVDzMM,From LSU to Southern! What Happened?,"Sep 7, 2025",290,0:00:00
2022-09-14,Gn327EVDzMM,From LSU to Southern! What Happened?,"Sep 7, 2025",290,0:00:00
2022-09-15,Gn327EVDzMM,From LSU to Southern! What Happened?,"Sep 7, 2025",290,0:00:00
2022-09-16,Gn327EVDzMM,From LSU to Southern! What Happened?,"Sep 7, 2025",290,0:00:00
2022-09-17,Gn327EVDzMM,From LSU to Southern! What Happened?,"Sep 7, 2025",290,0:00:00
2022-09-18,Gn327EVDzMM,From LSU to Southern! What Happened?,"Sep 7, 2025",290,0:00:00
2022-09-19,Gn327EVDzMM,From LSU to Southern! What Happened?,"Sep 7, 2025",290,0:00:00
2022-09-20,Gn327EVDzMM,From LSU to Southern! What Happened?,"Sep 7, 2025",290,0:00:00
2022-09-21,Gn327EVDzMM,From LSU to Southern! What Happened?,"Sep 7, 2025",290,0:00:00
2022-09-22,Gn327EVDzMM,From LSU to Southern! What Happened?,"Sep 7, 2025",290,0:00:00
2022-09-23,Gn327EVDzMM,From LSU to Southern! What Happened?,"Sep 7, 2025",290,0:00:00
2022-09-24,Gn327EVDzMM,From LSU to Southern! What Happened?,"Sep 7, 2025",290,0:00:00
2022-09-25,Gn327EVDzMM,From LSU to Southern! What Happened?,"Sep 7, 2025",290,0:00:00
2022-09-26,Gn327EVDzMM,From LSU to Southern! What Happened?,"Sep 7, 2025",290,0:00:00
2022-09-27,Gn327EVDzMM,From LSU to Southern! What Happened?,"Sep 7, 2025",290,0:00:00
2022-09-28,Gn327EVDzMM,From LSU to Southern! What Happened?,"Sep 7, 2025",290,0:00:00
2022-09-29,Gn327EVDzMM,From LSU to Southern! What Happened?,"Sep 7, 2025",290,0:00:00
2022-09-30,Gn327EVDzMM,From LSU to Southern! What Happened?,"Sep 7, 2025",290,0:00:00
2022-10-01,Gn327EVDzMM,From LSU to Southern! What Happened?,"Sep 7, 2025",290,0:00:00
2022-10-02,Gn327EVDzMM,From LSU to Southern! What Happened?,"Sep 7, 2025",290,0:00:00
2022-10-03,Gn327EVDzMM,From LSU to Southern! What Happened?,"Sep 7, 2025",290,0:00:00
2022-10-04,Gn327EVDzMM,From LSU to Southern! What Happened?,"Sep 7, 2025",290,0:00:00
2022-10-05,Gn327EVDzMM,From LSU to Southern! What Happened?,"Sep 7, 2025",290,0:00:00
2022-10-06,Gn327EVDzMM,From LSU to Southern! What Happened?,"Sep 7, 2025",290,0:00:00
2022-10-07,Gn327EVDzMM,From LSU to Southern! What Happened?,"Sep 7, 2025",290,0:00:00
2022-10-08,Gn327EVDzMM,From LSU to Southern! What Happened?,"Sep 7, 2025",290,0:00:00
2022-10-09,Gn327EVDzMM,From LSU to Southern! What Happened?,"Sep 7, 2025",290,0:00:00
2022-10-10,Gn327EVDzMM,From LSU to Southern! What Happened?,"Sep 7, 2025",290,0:00:00
2022-10-11,Gn327EVDzMM,From LSU to Southern! What Happened?,"Sep 7, 2025",290,0:00:00
2022-10-12,Gn327EVDzMM,From LSU to Southern! What Happened?,"Sep 7, 2025",290,0:00:00
2022-10-13,Gn327EVDzMM,From LSU to Southern! What Happened?,"Sep 7, 2025",290,0:00:00
2022-10-14,Gn327EVDzMM,From LSU to Southern! What Happened?,"Sep 7, 2025",290,0:00:00
2022-10-15,Gn327EVDzMM,From LSU to Southern! What Happened?,"Sep 7, 2025",290,0:00:00
2022-10-16,Gn327EVDzMM,From LSU to Southern! What Happened?,"Sep 7, 2025",290,0:00:00
2022-10-17,Gn327EVDzMM,From LSU to Southern! What Happened?,"Sep 7, 2025",290,0:00:00
2022-10-18,Gn327EVDzMM,From LSU to Southern! What Happened?,"Sep 7, 2025",290,0:00:00
2022-10-19,Gn327EVDzMM,From LSU to Southern! What Happened?,"Sep 7, 2025",290,0:00:00
2022-10-20,Gn327EVDzMM,From LSU to Southern! What Happened?,"Sep 7, 2025",290,0:00:00
2022-10-21,Gn327EVDzMM,From LSU to Southern! What Happened?,"Sep 7, 2025",290,0:00:00
2022-10-22,Gn327EVDzMM,From LSU to Southern! What Happened?,"Sep 7, 2025",290,0:00:00
2022-10-23,Gn327EVDzMM,From LSU to Southern! What Happened?,"Sep 7, 2025",290,0:00:00
2022-10-24,Gn327EVDzMM,From LSU to Southern! What Happened?,"Sep 7, 2025",290,0:00:00
2022-10-25,Gn327EVDzMM,From LSU to Southern! What Happened?,"Sep 7, 2025",290,0:00:00
2022-10-26,Gn327EVDzMM,From LSU to Southern! What Happened?,"Sep 7, 2025",290,0:00:00
2022-10-27,Gn327EVDzMM,From LSU to Southern! What Happened?,"Sep 7, 2025",290,0:00:00
2022-10-28,Gn327EVDzMM,From LSU to Southern! What Happened?,"Sep 7, 2025",290,0:00:00
2022-10-29,Gn327EVDzMM,From LSU to Southern! What Happened?,"Sep 7, 2025",290,0:00:00
2022-10-30,Gn327EVDzMM,From LSU to Southern! What Happened?,"Sep 7, 2025",290,0:00:00
2022-10-31,Gn327EVDzMM,From LSU to Southern! What Happened?,"Sep 7, 2025",290,0:00:00
2022-11-01,Gn327EVDzMM,From LSU to Southern! What Happened?,"Sep 7, 2025",290,0:00:00
2022-11-02,Gn327EVDzMM,From LSU to Southern! What Happened?,"Sep 7, 2025",290,0:00:00
2022-11-03,Gn327EVDzMM,From LSU to Southern! What Happened?,"Sep 7, 2025",290,0:00:00
2022-11-04,Gn327EVDzMM,From LSU to Southern! What Happened?,"Sep 7, 2025",290,0:00:00
2022-11-05,Gn327EVDzMM,From LSU to Southern! What Happened?,"Sep 7, 2025",290,0:00:00
2022-11-06,Gn327EVDzMM,From LSU to Southern! What Happened?,"Sep 7, 2025",290,0:00:00
2022-11-07,Gn327EVDzMM,From LSU to Southern! What Happened?,"Sep 7, 2025",290,0:00:00
2022-11-08,Gn327EVDzMM,From LSU to Southern! What Happened?,"Sep 7, 2025",290,0:00:00
2022-11-09,Gn327EVDzMM,From LSU to Southern! What Happened?,"Sep 7, 2025",290,0:00:00
2022-11-10,Gn327EVDzMM,From LSU to Southern! What Happened?,"Sep 7, 2025",290,0:00:00
2022-11-11,Gn327EVDzMM,From LSU to Southern! What Happened?,"Sep 7, 2025",290,0:00:00
2022-11-12,Gn327EVDzMM,From LSU to Southern! What Happened?,"Sep 7, 2025",290,0:00:00
2022-11-13,Gn327EVDzMM,From LSU to Southern! What Happened?,"Sep 7, 2025",290,0:00:00
2022-11-14,Gn327EVDzMM,From LSU to Southern! What Happened?,"Sep 7, 2025",290,0:00:00
2022-11-15,Gn327EVDzMM,From LSU to Southern! What Happened?,"Sep 7, 2025",290,0:00:00
2022-11-16,Gn327EVDzMM,From LSU to Southern! What Happened?,"Sep 7, 2025",290,0:00:00
2022-11-17,Gn327EVDzMM,From LSU to Southern! What Happened?,"Sep 7, 2025",290,0:00:00
2022-11-18,Gn327EVDzMM,From LSU to Southern! What Happened?,"Sep 7, 2025",290,0:00:00
2022-11-19,Gn327EVDzMM,From LSU to Southern! What Happened?,"Sep 7, 2025",290,0:00:00
2022-11-20,Gn327EVDzMM,From LSU to Southern! What Happened?,"Sep 7, 2025",290,0:00:00
2022-11-21,Gn327EVDzMM,From LSU to Southern! What Happened?,"Sep 7, 2025",290,0:00:00
2022-11-22,Gn327EVDzMM,From LSU to Southern! What Happened?,"Sep 7, 2025",290,0:00:00
2022-11-23,Gn327EVDzMM,From LSU to Southern! What Happened?,"Sep 7, 2025",290,0:00:00
2022-11-24,Gn327EVDzMM,From LSU to Southern! What Happened?,"Sep 7, 2025",290,0:00:00
2022-11-25,Gn327EVDzMM,From LSU to Southern! What Happened?,"Sep 7, 2025",290,0:00:00
2022-11-26,Gn327EVDzMM,From LSU to Southern! What Happened?,"Sep 7, 2025",290,0:00:00
2022-11-27,Gn327EVDzMM,From LSU to Southern! What Happened?,"Sep 7, 2025",290,0:00:00
2022-11-28,Gn327EVDzMM,From LSU to Southern! What Happened?,"Sep 7, 2025",290,0:00:00
2022-11-29,Gn327EVDzMM,From LSU to Southern! What Happened?,"Sep 7, 2025",290,0:00:00
2022-11-30,Gn327EVDzMM,From LSU to Southern! What Happened?,"Sep 7, 2025",290,0:00:00
2022-12-01,Gn327EVDzMM,From LSU to Southern! What Happened?,"Sep 7, 2025",290,0:00:00
2022-12-02,Gn327EVDzMM,From LSU to Southern! What Happened?,"Sep 7, 2025",290,0:00:00
2022-12-03,Gn327EVDzMM,From LSU to Southern! What Happened?,"Sep 7, 2025",290,0:00:00
2022-12-04,Gn327EVDzMM,From LSU to Southern! What Happened?,"Sep 7, 2025",290,0:00:00
2022-12-05,Gn327EVDzMM,From LSU to Southern! What Happened?,"Sep 7, 2025",290,0:00:00
2022-12-06,Gn327EVDzMM,From LSU to Southern! What Happened?,"Sep 7, 2025",290,0:00:00
2022-12-07,Gn327EVDzMM,From LSU to Southern! What Happened?,"Sep 7, 2025",290,0:00:00
2022-12-08,Gn327EVDzMM,From LSU to Southern! What Happened?,"Sep 7, 2025",290,0:00:00
2022-12-09,Gn327EVDzMM,From LSU to Southern! What Happened?,"Sep 7, 2025",290,0:00:00
2022-12-10,Gn327EVDzMM,From LSU to Southern! What Happened?,"Sep 7, 2025",290,0:00:00
2022-12-11,Gn327EVDzMM,From LSU to Southern! What Happened?,"Sep 7, 2025",290,0:00:00
2022-12-12,Gn327EVDzMM,From LSU to Southern! What Happened?,"Sep 7, 2025",290,0:00:00
2022-12-13,Gn327EVDzMM,From LSU to Southern! What Happened?,"Sep 7, 2025",290,0:00:00
2022-12-14,Gn327EVDzMM,From LSU to Southern! What Happened?,"Sep 7, 2025",290,0:00:00
2022-12-15,Gn327EVDzMM,From LSU to Southern! What Happened?,"Sep 7, 2025",290,0:00:00
2022-12-16,Gn327EVDzMM,From LSU to Southern! What Happened?,"Sep 7, 2025",290,0:00:00
2022-12-17,Gn327EVDzMM,From LSU to Southern! What Happened?,"Sep 7, 2025",290,0:00:00
2022-12-18,Gn327EVDzMM,From LSU to Southern! What Happened?,"Sep 7, 2025",290,0:00:00
2022-12-19,Gn327EVDzMM,From LSU to Southern! What Happened?,"Sep 7, 2025",290,0:00:00
2022-12-20,Gn327EVDzMM,From LSU to Southern! What Happened?,"Sep 7, 2025",290,0:00:00
2022-12-21,Gn327EVDzMM,From LSU to Southern! What Happened?,"Sep 7, 2025",290,0:00:00
2022-12-22,Gn327EVDzMM,From LSU to Southern! What Happened?,"Sep 7, 2025",290,0:00:00
2022-12-23,Gn327EVDzMM,From LSU to Southern! What Happened?,"Sep 7, 2025",290,0:00:00
2022-12-24,Gn327EVDzMM,From LSU to Southern! What Happened?,"Sep 7, 2025",290,0:00:00
2022-12-25,Gn327EVDzMM,From LSU to Southern! What Happened?,"Sep 7, 2025",290,0:00:00
2022-12-26,Gn327EVDzMM,From LSU to Southern! What Happened?,"Sep 7, 2025",290,0:00:00
2022-12-27,Gn327EVDzMM,From LSU to Southern! What Happened?,"Sep 7, 2025",290,0:00:00
2022-12-28,Gn327EVDzMM,From LSU to Southern! What Happened?,"Sep 7, 2025",290,0:00:00
2022-12-29,Gn327EVDzMM,From LSU to Southern! What Happened?,"Sep 7, 2025",290,0:00:00
2022-12-30,Gn327EVDzMM,From LSU to Southern! What Happened?,"Sep 7, 2025",290,0:00:00
2022-12-31,Gn327EVDzMM,From LSU to Southern! What Happened?,"Sep 7, 2025",290,0:00:00
2023-01-01,Gn327EVDzMM,From LSU to Southern! What Happened?,"Sep 7, 2025",290,0:00:00
2023-01-02,Gn327EVDzMM,From LSU to Southern! What Happened?,"Sep 7, 2025",290,0:00:00
2023-01-03,Gn327EVDzMM,From LSU to Southern! What Happened?,"Sep 7, 2025",290,0:00:00
2023-01-04,Gn327EVDzMM,From LSU to Southern! What Happened?,"Sep 7, 2025",290,0:00:00
2023-01-05,Gn327EVDzMM,From LSU to Southern! What Happened?,"Sep 7, 2025",290,0:00:00
2023-01-06,Gn327EVDzMM,From LSU to Southern! What Happened?,"Sep 7, 2025",290,0:00:00
2023-01-07,Gn327EVDzMM,From LSU to Southern! What Happened?,"Sep 7, 2025",290,0:00:00
2023-01-08,Gn327EVDzMM,From LSU to Southern! What Happened?,"Sep 7, 2025",290,0:00:00
2023-01-09,Gn327EVDzMM,From LSU to Southern! What Happened?,"Sep 7, 2025",290,0:00:00
2023-01-10,Gn327EVDzMM,From LSU to Southern! What Happened?,"Sep 7, 2025",290,0:00:00
2023-01-11,Gn327EVDzMM,From LSU to Southern! What Happened?,"Sep 7, 2025",290,0:00:00
2023-01-12,Gn327EVDzMM,From LSU to Southern! What Happened?,"Sep 7, 2025",290,0:00:00
2023-01-13,Gn327EVDzMM,From LSU to Southern! What Happened?,"Sep 7, 2025",290,0:00:00
2023-01-14,Gn327EVDzMM,From LSU to Southern! What Happened?,"Sep 7, 2025",290,0:00:00
2023-01-15,Gn327EVDzMM,From LSU to Southern! What Happened?,"Sep 7, 2025",290,0:00:00
2023-01-16,Gn327EVDzMM,From LSU to Southern! What Happened?,"Sep 7, 2025",290,0:00:00
2023-01-17,Gn327EVDzMM,From LSU to Southern! What Happened?,"Sep 7, 2025",290,0:00:00
2023-01-18,Gn327EVDzMM,From LSU to Southern! What Happened?,"Sep 7, 2025",290,0:00:00
2023-01-19,Gn327EVDzMM,From LSU to Southern! What Happened?,"Sep 7, 2025",290,0:00:00
2023-01-20,Gn327EVDzMM,From LSU to Southern! What Happened?,"Sep 7, 2025",290,0:00:00
2023-01-21,Gn327EVDzMM,From LSU to Southern! What Happened?,"Sep 7, 2025",290,0:00:00
2023-01-22,Gn327EVDzMM,From LSU to Southern! What Happened?,"Sep 7, 2025",290,0:00:00
2023-01-23,Gn327EVDzMM,From LSU to Southern! What Happened?,"Sep 7, 2025",290,0:00:00
2023-01-24,Gn327EVDzMM,From LSU to Southern! What Happened?,"Sep 7, 2025",290,0:00:00
2023-01-25,Gn327EVDzMM,From LSU to Southern! What Happened?,"Sep 7, 2025",290,0:00:00
2023-01-26,Gn327EVDzMM,From LSU to Southern! What Happened?,"Sep 7, 2025",290,0:00:00
2023-01-27,Gn327EVDzMM,From LSU to Southern! What Happened?,"Sep 7, 2025",290,0:00:00
2023-01-28,Gn327EVDzMM,From LSU to Southern! What Happened?,"Sep 7, 2025",290,0:00:00
2023-01-29,Gn327EVDzMM,From LSU to Southern! What Happened?,"Sep 7, 2025",290,0:00:00
2023-01-30,Gn327EVDzMM,From LSU to Southern! What Happened?,"Sep 7, 2025",290,0:00:00
2023-01-31,Gn327EVDzMM,From LSU to Southern! What Happened?,"Sep 7, 2025",290,0:00:00
2023-02-01,Gn327EVDzMM,From LSU to Southern! What Happened?,"Sep 7, 2025",290,0:00:00
2023-02-02,Gn327EVDzMM,From LSU to Southern! What Happened?,"Sep 7, 2025",290,0:00:00
2023-02-03,Gn327EVDzMM,From LSU to Southern! What Happened?,"Sep 7, 2025",290,0:00:00
2023-02-04,Gn327EVDzMM,From LSU to Southern! What Happened?,"Sep 7, 2025",290,0:00:00
2023-02-05,Gn327EVDzMM,From LSU to Southern! What Happened?,"Sep 7, 2025",290,0:00:00
2023-02-06,Gn327EVDzMM,From LSU to Southern! What Happened?,"Sep 7, 2025",290,0:00:00
2023-02-07,Gn327EVDzMM,From LSU to Southern! What Happened?,"Sep 7, 2025",290,0:00:00
2023-02-08,Gn327EVDzMM,From LSU to Southern! What Happened?,"Sep 7, 2025",290,0:00:00
2023-02-09,Gn327EVDzMM,From LSU to Southern! What Happened?,"Sep 7, 2025",290,0:00:00
2023-02-10,Gn327EVDzMM,From LSU to Southern! What Happened?,"Sep 7, 2025",290,0:00:00
2023-02-11,Gn327EVDzMM,From LSU to Southern! What Happened?,"Sep 7, 2025",290,0:00:00
2023-02-12,Gn327EVDzMM,From LSU to Southern! What Happened?,"Sep 7, 2025",290,0:00:00
2023-02-13,Gn327EVDzMM,From LSU to Southern! What Happened?,"Sep 7, 2025",290,0:00:00
2023-02-14,Gn327EVDzMM,From LSU to Southern! What Happened?,"Sep 7, 2025",290,0:00:00
2023-02-15,Gn327EVDzMM,From LSU to Southern! What Happened?,"Sep 7, 2025",290,0:00:00
2023-02-16,Gn327EVDzMM,From LSU to Southern! What Happened?,"Sep 7, 2025",290,0:00:00
2023-02-17,Gn327EVDzMM,From LSU to Southern! What Happened?,"Sep 7, 2025",290,0:00:00
2023-02-18,Gn327EVDzMM,From LSU to Southern! What Happened?,"Sep 7, 2025",290,0:00:00
2023-02-19,Gn327EVDzMM,From LSU to Southern! What Happened?,"Sep 7, 2025",290,0:00:00
2023-02-20,Gn327EVDzMM,From LSU to Southern! What Happened?,"Sep 7, 2025",290,0:00:00
2023-02-21,Gn327EVDzMM,From LSU to Southern! What Happened?,"Sep 7, 2025",290,0:00:00
2023-02-22,Gn327EVDzMM,From LSU to Southern! What Happened?,"Sep 7, 2025",290,0:00:00
2023-02-23,Gn327EVDzMM,From LSU to Southern! What Happened?,"Sep 7, 2025",290,0:00:00
2023-02-24,Gn327EVDzMM,From LSU to Southern! What Happened?,"Sep 7, 2025",290,0:00:00
2023-02-25,Gn327EVDzMM,From LSU to Southern! What Happened?,"Sep 7, 2025",290,0:00:00
2023-02-26,Gn327EVDzMM,From LSU to Southern! What Happened?,"Sep 7, 2025",290,0:00:00
2023-02-27,Gn327EVDzMM,From LSU to Southern! What Happened?,"Sep 7, 2025",290,0:00:00
2023-02-28,Gn327EVDzMM,From LSU to Southern! What Happened?,"Sep 7, 2025",290,0:00:00
2023-03-01,Gn327EVDzMM,From LSU to Southern! What Happened?,"Sep 7, 2025",290,0:00:00
2023-03-02,Gn327EVDzMM,From LSU to Southern! What Happened?,"Sep 7, 2025",290,0:00:00
2023-03-03,Gn327EVDzMM,From LSU to Southern! What Happened?,"Sep 7, 2025",290,0:00:00
2023-03-04,Gn327EVDzMM,From LSU to Southern! What Happened?,"Sep 7, 2025",290,0:00:00
2023-03-05,Gn327EVDzMM,From LSU to Southern! What Happened?,"Sep 7, 2025",290,0:00:00
2023-03-06,Gn327EVDzMM,From LSU to Southern! What Happened?,"Sep 7, 2025",290,0:00:00
2023-03-07,Gn327EVDzMM,From LSU to Southern! What Happened?,"Sep 7, 2025",290,0:00:00
2023-03-08,Gn327EVDzMM,From LSU to Southern! What Happened?,"Sep 7, 2025",290,0:00:00
2023-03-09,Gn327EVDzMM,From LSU to Southern! What Happened?,"Sep 7, 2025",290,0:00:00
2023-03-10,Gn327EVDzMM,From LSU to Southern! What Happened?,"Sep 7, 2025",290,0:00:00
2023-03-11,Gn327EVDzMM,From LSU to Southern! What Happened?,"Sep 7, 2025",290,0:00:00
2023-03-12,Gn327EVDzMM,From LSU to Southern! What Happened?,"Sep 7, 2025",290,0:00:00
2023-03-13,Gn327EVDzMM,From LSU to Southern! What Happened?,"Sep 7, 2025",290,0:00:00
2023-03-14,Gn327EVDzMM,From LSU to Southern! What Happened?,"Sep 7, 2025",290,0:00:00
2023-03-15,Gn327EVDzMM,From LSU to Southern! What Happened?,"Sep 7, 2025",290,0:00:00
2023-03-16,Gn327EVDzMM,From LSU to Southern! What Happened?,"Sep 7, 2025",290,0:00:00
2023-03-17,Gn327EVDzMM,From LSU to Southern! What Happened?,"Sep 7, 2025",290,0:00:00
2023-03-18,Gn327EVDzMM,From LSU to Southern! What Happened?,"Sep 7, 2025",290,0:00:00
2023-03-19,Gn327EVDzMM,From LSU to Southern! What Happened?,"Sep 7, 2025",290,0:00:00
2023-03-20,Gn327EVDzMM,From LSU to Southern! What Happened?,"Sep 7, 2025",290,0:00:00
2023-03-21,Gn327EVDzMM,From LSU to Southern! What Happened?,"Sep 7, 2025",290,0:00:00
2023-03-22,Gn327EVDzMM,From LSU to Southern! What Happened?,"Sep 7, 2025",290,0:00:00
2023-03-23,Gn327EVDzMM,From LSU to Southern! What Happened?,"Sep 7, 2025",290,0:00:00
2023-03-24,Gn327EVDzMM,From LSU to Southern! What Happened?,"Sep 7, 2025",290,0:00:00
2023-03-25,Gn327EVDzMM,From LSU to Southern! What Happened?,"Sep 7, 2025",290,0:00:00
2023-03-26,Gn327EVDzMM,From LSU to Southern! What Happened?,"Sep 7, 2025",290,0:00:00
2023-03-27,Gn327EVDzMM,From LSU to Southern! What Happened?,"Sep 7, 2025",290,0:00:00
2023-03-28,Gn327EVDzMM,From LSU to Southern! What Happened?,"Sep 7, 2025",290,0:00:00
2023-03-29,Gn327EVDzMM,From LSU to Southern! What Happened?,"Sep 7, 2025",290,0:00:00
2023-03-30,Gn327EVDzMM,From LSU to Southern! What Happened?,"Sep 7, 2025",290,0:00:00
2023-03-31,Gn327EVDzMM,From LSU to Southern! What Happened?,"Sep 7, 2025",290,0:00:00
2023-04-01,Gn327EVDzMM,From LSU to Southern! What Happened?,"Sep 7, 2025",290,0:00:00
2023-04-02,Gn327EVDzMM,From LSU to Southern! What Happened?,"Sep 7, 2025",290,0:00:00
2023-04-03,Gn327EVDzMM,From LSU to Southern! What Happened?,"Sep 7, 2025",290,0:00:00
2023-04-04,Gn327EVDzMM,From LSU to Southern! What Happened?,"Sep 7, 2025",290,0:00:00
2023-04-05,Gn327EVDzMM,From LSU to Southern! What Happened?,"Sep 7, 2025",290,0:00:00
2023-04-06,Gn327EVDzMM,From LSU to Southern! What Happened?,"Sep 7, 2025",290,0:00:00
2023-04-07,Gn327EVDzMM,From LSU to Southern! What Happened?,"Sep 7, 2025",290,0:00:00
2023-04-08,Gn327EVDzMM,From LSU to Southern! What Happened?,"Sep 7, 2025",290,0:00:00
2023-04-09,Gn327EVDzMM,From LSU to Southern! What Happened?,"Sep 7, 2025",290,0:00:00
2023-04-10,Gn327EVDzMM,From LSU to Southern! What Happened?,"Sep 7, 2025",290,0:00:00
2023-04-11,Gn327EVDzMM,From LSU to Southern! What Happened?,"Sep 7, 2025",290,0:00:00
2023-04-12,Gn327EVDzMM,From LSU to Southern! What Happened?,"Sep 7, 2025",290,0:00:00
2023-04-13,Gn327EVDzMM,From LSU to Southern! What Happened?,"Sep 7, 2025",290,0:00:00
2023-04-14,Gn327EVDzMM,From LSU to Southern! What Happened?,"Sep 7, 2025",290,0:00:00
2023-04-15,Gn327EVDzMM,From LSU to Southern! What Happened?,"Sep 7, 2025",290,0:00:00
2023-04-16,Gn327EVDzMM,From LSU to Southern! What Happened?,"Sep 7, 2025",290,0:00:00
2023-04-17,Gn327EVDzMM,From LSU to Southern! What Happened?,"Sep 7, 2025",290,0:00:00
2023-04-18,Gn327EVDzMM,From LSU to Southern! What Happened?,"Sep 7, 2025",290,0:00:00
2023-04-19,Gn327EVDzMM,From LSU to Southern! What Happened?,"Sep 7, 2025",290,0:00:00
2023-04-20,Gn327EVDzMM,From LSU to Southern! What Happened?,"Sep 7, 2025",290,0:00:00
2023-04-21,Gn327EVDzMM,From LSU to Southern! What Happened?,"Sep 7, 2025",290,0:00:00
2023-04-22,Gn327EVDzMM,From LSU to Southern! What Happened?,"Sep 7, 2025",290,0:00:00
2023-04-23,Gn327EVDzMM,From LSU to Southern! What Happened?,"Sep 7, 2025",290,0:00:00
2023-04-24,Gn327EVDzMM,From LSU to Southern! What Happened?,"Sep 7, 2025",290,0:00:00
2023-04-25,Gn327EVDzMM,From LSU to Southern! What Happened?,"Sep 7, 2025",290,0:00:00
2023-04-26,Gn327EVDzMM,From LSU to Southern! What Happened?,"Sep 7, 2025",290,0:00:00
2023-04-27,Gn327EVDzMM,From LSU to Southern! What Happened?,"Sep 7, 2025",290,0:00:00
2023-04-28,Gn327EVDzMM,From LSU to Southern! What Happened?,"Sep 7, 2025",290,0:00:00
2023-04-29,Gn327EVDzMM,From LSU to Southern! What Happened?,"Sep 7, 2025",290,0:00:00
2023-04-30,Gn327EVDzMM,From LSU to Southern! What Happened?,"Sep 7, 2025",290,0:00:00
2023-05-01,Gn327EVDzMM,From LSU to Southern! What Happened?,"Sep 7, 2025",290,0:00:00
2023-05-02,Gn327EVDzMM,From LSU to Southern! What Happened?,"Sep 7, 2025",290,0:00:00
2023-05-03,Gn327EVDzMM,From LSU to Southern! What Happened?,"Sep 7, 2025",290,0:00:00
2023-05-04,Gn327EVDzMM,From LSU to Southern! What Happened?,"Sep 7, 2025",290,0:00:00
2023-05-05,Gn327EVDzMM,From LSU to Southern! What Happened?,"Sep 7, 2025",290,0:00:00
2023-05-06,Gn327EVDzMM,From LSU to Southern! What Happened?,"Sep 7, 2025",290,0:00:00
2023-05-07,Gn327EVDzMM,From LSU to Southern! What Happened?,"Sep 7, 2025",290,0:00:00
2023-05-08,Gn327EVDzMM,From LSU to Southern! What Happened?,"Sep 7, 2025",290,0:00:00
2023-05-09,Gn327EVDzMM,From LSU to Southern! What Happened?,"Sep 7, 2025",290,0:00:00
2023-05-10,Gn327EVDzMM,From LSU to Southern! What Happened?,"Sep 7, 2025",290,0:00:00
2023-05-11,Gn327EVDzMM,From LSU to Southern! What Happened?,"Sep 7, 2025",290,0:00:00
2023-05-12,Gn327EVDzMM,From LSU to Southern! What Happened?,"Sep 7, 2025",290,0:00:00
2023-05-13,Gn327EVDzMM,From LSU to Southern! What Happened?,"Sep 7, 2025",290,0:00:00
2023-05-14,Gn327EVDzMM,From LSU to Southern! What Happened?,"Sep 7, 2025",290,0:00:00
2023-05-15,Gn327EVDzMM,From LSU to Southern! What Happened?,"Sep 7, 2025",290,0:00:00
2023-05-16,Gn327EVDzMM,From LSU to Southern! What Happened?,"Sep 7, 2025",290,0:00:00
2023-05-17,Gn327EVDzMM,From LSU to Southern! What Happened?,"Sep 7, 2025",290,0:00:00
2023-05-18,Gn327EVDzMM,From LSU to Southern! What Happened?,"Sep 7, 2025",290,0:00:00
2023-05-19,Gn327EVDzMM,From LSU to Southern! What Happened?,"Sep 7, 2025",290,0:00:00
2023-05-20,Gn327EVDzMM,From LSU to Southern! What Happened?,"Sep 7, 2025",290,0:00:00
2023-05-21,Gn327EVDzMM,From LSU to Southern! What Happened?,"Sep 7, 2025",290,0:00:00
2023-05-22,Gn327EVDzMM,From LSU to Southern! What Happened?,"Sep 7, 2025",290,0:00:00
2023-05-23,Gn327EVDzMM,From LSU to Southern! What Happened?,"Sep 7, 2025",290,0:00:00
2023-05-24,Gn327EVDzMM,From LSU to Southern! What Happened?,"Sep 7, 2025",290,0:00:00
2023-05-25,Gn327EVDzMM,From LSU to Southern! What Happened?,"Sep 7, 2025",290,0:00:00
2023-05-26,Gn327EVDzMM,From LSU to Southern! What Happened?,"Sep 7, 2025",290,0:00:00
2023-05-27,Gn327EVDzMM,From LSU to Southern! What Happened?,"Sep 7, 2025",290,0:00:00
2023-05-28,Gn327EVDzMM,From LSU to Southern! What Happened?,"Sep 7, 2025",290,0:00:00
2023-05-29,Gn327EVDzMM,From LSU to Southern! What Happened?,"Sep 7, 2025",290,0:00:00
2023-05-30,Gn327EVDzMM,From LSU to Southern! What Happened?,"Sep 7, 2025",290,0:00:00
2023-05-31,Gn327EVDzMM,From LSU to Southern! What Happened?,"Sep 7, 2025",290,0:00:00
2023-06-01,Gn327EVDzMM,From LSU to Southern! What Happened?,"Sep 7, 2025",290,0:00:00
2023-06-02,Gn327EVDzMM,From LSU to Southern! What Happened?,"Sep 7, 2025",290,0:00:00
2023-06-03,Gn327EVDzMM,From LSU to Southern! What Happened?,"Sep 7, 2025",290,0:00:00
2023-06-04,Gn327EVDzMM,From LSU to Southern! What Happened?,"Sep 7, 2025",290,0:00:00
2023-06-05,Gn327EVDzMM,From LSU to Southern! What Happened?,"Sep 7, 2025",290,0:00:00
2023-06-06,Gn327EVDzMM,From LSU to Southern! What Happened?,"Sep 7, 2025",290,0:00:00
2023-06-07,Gn327EVDzMM,From LSU to Southern! What Happened?,"Sep 7, 2025",290,0:00:00
2023-06-08,Gn327EVDzMM,From LSU to Southern! What Happened?,"Sep 7, 2025",290,0:00:00
2023-06-09,Gn327EVDzMM,From LSU to Southern! What Happened?,"Sep 7, 2025",290,0:00:00
2023-06-10,Gn327EVDzMM,From LSU to Southern! What Happened?,"Sep 7, 2025",290,0:00:00
2023-06-11,Gn327EVDzMM,From LSU to Southern! What Happened?,"Sep 7, 2025",290,0:00:00
2023-06-12,Gn327EVDzMM,From LSU to Southern! What Happened?,"Sep 7, 2025",290,0:00:00
2023-06-13,Gn327EVDzMM,From LSU to Southern! What Happened?,"Sep 7, 2025",290,0:00:00
2023-06-14,Gn327EVDzMM,From LSU to Southern! What Happened?,"Sep 7, 2025",290,0:00:00
2023-06-15,Gn327EVDzMM,From LSU to Southern! What Happened?,"Sep 7, 2025",290,0:00:00
2023-06-16,Gn327EVDzMM,From LSU to Southern! What Happened?,"Sep 7, 2025",290,0:00:00
2023-06-17,Gn327EVDzMM,From LSU to Southern! What Happened?,"Sep 7, 2025",290,0:00:00
2023-06-18,Gn327EVDzMM,From LSU to Southern! What Happened?,"Sep 7, 2025",290,0:00:00
2023-06-19,Gn327EVDzMM,From LSU to Southern! What Happened?,"Sep 7, 2025",290,0:00:00
2023-06-20,Gn327EVDzMM,From LSU to Southern! What Happened?,"Sep 7, 2025",290,0:00:00
2023-06-21,Gn327EVDzMM,From LSU to Southern! What Happened?,"Sep 7, 2025",290,0:00:00
2023-06-22,Gn327EVDzMM,From LSU to Southern! What Happened?,"Sep 7, 2025",290,0:00:00
2023-06-23,Gn327EVDzMM,From LSU to Southern! What Happened?,"Sep 7, 2025",290,0:00:00
2023-06-24,Gn327EVDzMM,From LSU to Southern! What Happened?,"Sep 7, 2025",290,0:00:00
2023-06-25,Gn327EVDzMM,From LSU to Southern! What Happened?,"Sep 7, 2025",290,0:00:00
2023-06-26,Gn327EVDzMM,From LSU to Southern! What Happened?,"Sep 7, 2025",290,0:00:00
2023-06-27,Gn327EVDzMM,From LSU to Southern! What Happened?,"Sep 7, 2025",290,0:00:00
2023-06-28,Gn327EVDzMM,From LSU to Southern! What Happened?,"Sep 7, 2025",290,0:00:00
2023-06-29,Gn327EVDzMM,From LSU to Southern! What Happened?,"Sep 7, 2025",290,0:00:00
2023-06-30,Gn327EVDzMM,From LSU to Southern! What Happened?,"Sep 7, 2025",290,0:00:00
2023-07-01,Gn327EVDzMM,From LSU to Southern! What Happened?,"Sep 7, 2025",290,0:00:00
2023-07-02,Gn327EVDzMM,From LSU to Southern! What Happened?,"Sep 7, 2025",290,0:00:00
2023-07-03,Gn327EVDzMM,From LSU to Southern! What Happened?,"Sep 7, 2025",290,0:00:00
2023-07-04,Gn327EVDzMM,From LSU to Southern! What Happened?,"Sep 7, 2025",290,0:00:00
2023-07-05,Gn327EVDzMM,From LSU to Southern! What Happened?,"Sep 7, 2025",290,0:00:00
2023-07-06,Gn327EVDzMM,From LSU to Southern! What Happened?,"Sep 7, 2025",290,0:00:00
2023-07-07,Gn327EVDzMM,From LSU to Southern! What Happened?,"Sep 7, 2025",290,0:00:00
2023-07-08,Gn327EVDzMM,From LSU to Southern! What Happened?,"Sep 7, 2025",290,0:00:00
2023-07-09,Gn327EVDzMM,From LSU to Southern! What Happened?,"Sep 7, 2025",290,0:00:00
2023-07-10,Gn327EVDzMM,From LSU to Southern! What Happened?,"Sep 7, 2025",290,0:00:00
2023-07-11,Gn327EVDzMM,From LSU to Southern! What Happened?,"Sep 7, 2025",290,0:00:00
2023-07-12,Gn327EVDzMM,From LSU to Southern! What Happened?,"Sep 7, 2025",290,0:00:00
2023-07-13,Gn327EVDzMM,From LSU to Southern! What Happened?,"Sep 7, 2025",290,0:00:00
2023-07-14,Gn327EVDzMM,From LSU to Southern! What Happened?,"Sep 7, 2025",290,0:00:00
2023-07-15,Gn327EVDzMM,From LSU to Southern! What Happened?,"Sep 7, 2025",290,0:00:00
2023-07-16,Gn327EVDzMM,From LSU to Southern! What Happened?,"Sep 7, 2025",290,0:00:00
2023-07-17,Gn327EVDzMM,From LSU to Southern! What Happened?,"Sep 7, 2025",290,0:00:00
2023-07-18,Gn327EVDzMM,From LSU to Southern! What Happened?,"Sep 7, 2025",290,0:00:00
2023-07-19,Gn327EVDzMM,From LSU to Southern! What Happened?,"Sep 7, 2025",290,0:00:00
2023-07-20,Gn327EVDzMM,From LSU to Southern! What Happened?,"Sep 7, 2025",290,0:00:00
2023-07-21,Gn327EVDzMM,From LSU to Southern! What Happened?,"Sep 7, 2025",290,0:00:00
2023-07-22,Gn327EVDzMM,From LSU to Southern! What Happened?,"Sep 7, 2025",290,0:00:00
2023-07-23,Gn327EVDzMM,From LSU to Southern! What Happened?,"Sep 7, 2025",290,0:00:00
2023-07-24,Gn327EVDzMM,From LSU to Southern! What Happened?,"Sep 7, 2025",290,0:00:00
2023-07-25,Gn327EVDzMM,From LSU to Southern! What Happened?,"Sep 7, 2025",290,0:00:00
2023-07-26,Gn327EVDzMM,From LSU to Southern! What Happened?,"Sep 7, 2025",290,0:00:00
2023-07-27,Gn327EVDzMM,From LSU to Southern! What Happened?,"Sep 7, 2025",290,0:00:00
2023-07-28,Gn327EVDzMM,From LSU to Southern! What Happened?,"Sep 7, 2025",290,0:00:00
2023-07-29,Gn327EVDzMM,From LSU to Southern! What Happened?,"Sep 7, 2025",290,0:00:00
2023-07-30,Gn327EVDzMM,From LSU to Southern! What Happened?,"Sep 7, 2025",290,0:00:00
2023-07-31,Gn327EVDzMM,From LSU to Southern! What Happened?,"Sep 7, 2025",290,0:00:00
2023-08-01,Gn327EVDzMM,From LSU to Southern! What Happened?,"Sep 7, 2025",290,0:00:00
2023-08-02,Gn327EVDzMM,From LSU to Southern! What Happened?,"Sep 7, 2025",290,0:00:00
2023-08-03,Gn327EVDzMM,From LSU to Southern! What Happened?,"Sep 7, 2025",290,0:00:00
2023-08-04,Gn327EVDzMM,From LSU to Southern! What Happened?,"Sep 7, 2025",290,0:00:00
2023-08-05,Gn327EVDzMM,From LSU to Southern! What Happened?,"Sep 7, 2025",290,0:00:00
2023-08-06,Gn327EVDzMM,From LSU to Southern! What Happened?,"Sep 7, 2025",290,0:00:00
2023-08-07,Gn327EVDzMM,From LSU to Southern! What Happened?,"Sep 7, 2025",290,0:00:00
2023-08-08,Gn327EVDzMM,From LSU to Southern! What Happened?,"Sep 7, 2025",290,0:00:00
2023-08-09,Gn327EVDzMM,From LSU to Southern! What Happened?,"Sep 7, 2025",290,0:00:00
2023-08-10,Gn327EVDzMM,From LSU to Southern! What Happened?,"Sep 7, 2025",290,0:00:00
2023-08-11,Gn327EVDzMM,From LSU to Southern! What Happened?,"Sep 7, 2025",290,0:00:00
2023-08-12,Gn327EVDzMM,From LSU to Southern! What Happened?,"Sep 7, 2025",290,0:00:00
2023-08-13,Gn327EVDzMM,From LSU to Southern! What Happened?,"Sep 7, 2025",290,0:00:00
2023-08-14,Gn327EVDzMM,From LSU to Southern! What Happened?,"Sep 7, 2025",290,0:00:00
2023-08-15,Gn327EVDzMM,From LSU to Southern! What Happened?,"Sep 7, 2025",290,0:00:00
2023-08-16,Gn327EVDzMM,From LSU to Southern! What Happened?,"Sep 7, 2025",290,0:00:00
2023-08-17,Gn327EVDzMM,From LSU to Southern! What Happened?,"Sep 7, 2025",290,0:00:00
2023-08-18,Gn327EVDzMM,From LSU to Southern! What Happened?,"Sep 7, 2025",290,0:00:00
2023-08-19,Gn327EVDzMM,From LSU to Southern! What Happened?,"Sep 7, 2025",290,0:00:00
2023-08-20,Gn327EVDzMM,From LSU to Southern! What Happened?,"Sep 7, 2025",290,0:00:00
2023-08-21,Gn327EVDzMM,From LSU to Southern! What Happened?,"Sep 7, 2025",290,0:00:00
2023-08-22,Gn327EVDzMM,From LSU to Southern! What Happened?,"Sep 7, 2025",290,0:00:00
2023-08-23,Gn327EVDzMM,From LSU to Southern! What Happened?,"Sep 7, 2025",290,0:00:00
2023-08-24,Gn327EVDzMM,From LSU to Southern! What Happened?,"Sep 7, 2025",290,0:00:00
2023-08-25,Gn327EVDzMM,From LSU to Southern! What Happened?,"Sep 7, 2025",290,0:00:00
2023-08-26,Gn327EVDzMM,From LSU to Southern! What Happened?,"Sep 7, 2025",290,0:00:00
2023-08-27,Gn327EVDzMM,From LSU to Southern! What Happened?,"Sep 7, 2025",290,0:00:00
2023-08-28,Gn327EVDzMM,From LSU to Southern! What Happened?,"Sep 7, 2025",290,0:00:00
2023-08-29,Gn327EVDzMM,From LSU to Southern! What Happened?,"Sep 7, 2025",290,0:00:00
2023-08-30,Gn327EVDzMM,From LSU to Southern! What Happened?,"Sep 7, 2025",290,0:00:00
2023-08-31,Gn327EVDzMM,From LSU to Southern! What Happened?,"Sep 7, 2025",290,0:00:00
2023-09-01,Gn327EVDzMM,From LSU to Southern! What Happened?,"Sep 7, 2025",290,0:00:00
2023-09-02,Gn327EVDzMM,From LSU to Southern! What Happened?,"Sep 7, 2025",290,0:00:00
2023-09-03,Gn327EVDzMM,From LSU to Southern! What Happened?,"Sep 7, 2025",290,0:00:00
2023-09-04,Gn327EVDzMM,From LSU to Southern! What Happened?,"Sep 7, 2025",290,0:00:00
2023-09-05,Gn327EVDzMM,From LSU to Southern! What Happened?,"Sep 7, 2025",290,0:00:00
2023-09-06,Gn327EVDzMM,From LSU to Southern! What Happened?,"Sep 7, 2025",290,0:00:00
2023-09-07,Gn327EVDzMM,From LSU to Southern! What Happened?,"Sep 7, 2025",290,0:00:00
2023-09-08,Gn327EVDzMM,From LSU to Southern! What Happened?,"Sep 7, 2025",290,0:00:00
2023-09-09,Gn327EVDzMM,From LSU to Southern! What Happened?,"Sep 7, 2025",290,0:00:00
2023-09-10,Gn327EVDzMM,From LSU to Southern! What Happened?,"Sep 7, 2025",290,0:00:00
2023-09-11,Gn327EVDzMM,From LSU to Southern! What Happened?,"Sep 7, 2025",290,0:00:00
2023-09-12,Gn327EVDzMM,From LSU to Southern! What Happened?,"Sep 7, 2025",290,0:00:00
2023-09-13,Gn327EVDzMM,From LSU to Southern! What Happened?,"Sep 7, 2025",290,0:00:00
2023-09-14,Gn327EVDzMM,From LSU to Southern! What Happened?,"Sep 7, 2025",290,0:00:00
2023-09-15,Gn327EVDzMM,From LSU to Southern! What Happened?,"Sep 7, 2025",290,0:00:00
2023-09-16,Gn327EVDzMM,From LSU to Southern! What Happened?,"Sep 7, 2025",290,0:00:00
2023-09-17,Gn327EVDzMM,From LSU to Southern! What Happened?,"Sep 7, 2025",290,0:00:00
2023-09-18,Gn327EVDzMM,From LSU to Southern! What Happened?,"Sep 7, 2025",290,0:00:00
2023-09-19,Gn327EVDzMM,From LSU to Southern! What Happened?,"Sep 7, 2025",290,0:00:00
2023-09-20,Gn327EVDzMM,From LSU to Southern! What Happened?,"Sep 7, 2025",290,0:00:00
2023-09-21,Gn327EVDzMM,From LSU to Southern! What Happened?,"Sep 7, 2025",290,0:00:00
2023-09-22,Gn327EVDzMM,From LSU to Southern! What Happened?,"Sep 7, 2025",290,0:00:00
2023-09-23,Gn327EVDzMM,From LSU to Southern! What Happened?,"Sep 7, 2025",290,0:00:00
2023-09-24,Gn327EVDzMM,From LSU to Southern! What Happened?,"Sep 7, 2025",290,0:00:00
2023-09-25,Gn327EVDzMM,From LSU to Southern! What Happened?,"Sep 7, 2025",290,0:00:00
2023-09-26,Gn327EVDzMM,From LSU to Southern! What Happened?,"Sep 7, 2025",290,0:00:00
2023-09-27,Gn327EVDzMM,From LSU to Southern! What Happened?,"Sep 7, 2025",290,0:00:00
2023-09-28,Gn327EVDzMM,From LSU to Southern! What Happened?,"Sep 7, 2025",290,0:00:00
2023-09-29,Gn327EVDzMM,From LSU to Southern! What Happened?,"Sep 7, 2025",290,0:00:00
2023-09-30,Gn327EVDzMM,From LSU to Southern! What Happened?,"Sep 7, 2025",290,0:00:00
2023-10-01,Gn327EVDzMM,From LSU to Southern! What Happened?,"Sep 7, 2025",290,0:00:00
2023-10-02,Gn327EVDzMM,From LSU to Southern! What Happened?,"Sep 7, 2025",290,0:00:00
2023-10-03,Gn327EVDzMM,From LSU to Southern! What Happened?,"Sep 7, 2025",290,0:00:00
2023-10-04,Gn327EVDzMM,From LSU to Southern! What Happened?,"Sep 7, 2025",290,0:00:00
2023-10-05,Gn327EVDzMM,From LSU to Southern! What Happened?,"Sep 7, 2025",290,0:00:00
2023-10-06,Gn327EVDzMM,From LSU to Southern! What Happened?,"Sep 7, 2025",290,0:00:00
2023-10-07,Gn327EVDzMM,From LSU to Southern! What Happened?,"Sep 7, 2025",290,0:00:00
2023-10-08,Gn327EVDzMM,From LSU to Southern! What Happened?,"Sep 7, 2025",290,0:00:00
2023-10-09,Gn327EVDzMM,From LSU to Southern! What Happened?,"Sep 7, 2025",290,0:00:00
2023-10-10,Gn327EVDzMM,From LSU to Southern! What Happened?,"Sep 7, 2025",290,0:00:00
2023-10-11,Gn327EVDzMM,From LSU to Southern! What Happened?,"Sep 7, 2025",290,0:00:00
2023-10-12,Gn327EVDzMM,From LSU to Southern! What Happened?,"Sep 7, 2025",290,0:00:00
2023-10-13,Gn327EVDzMM,From LSU to Southern! What Happened?,"Sep 7, 2025",290,0:00:00
2023-10-14,Gn327EVDzMM,From LSU to Southern! What Happened?,"Sep 7, 2025",290,0:00:00
2023-10-15,Gn327EVDzMM,From LSU to Southern! What Happened?,"Sep 7, 2025",290,0:00:00
2023-10-16,Gn327EVDzMM,From LSU to Southern! What Happened?,"Sep 7, 2025",290,0:00:00
2023-10-17,Gn327EVDzMM,From LSU to Southern! What Happened?,"Sep 7, 2025",290,0:00:00
2023-10-18,Gn327EVDzMM,From LSU to Southern! What Happened?,"Sep 7, 2025",290,0:00:00
2023-10-19,Gn327EVDzMM,From LSU to Southern! What Happened?,"Sep 7, 2025",290,0:00:00
2023-10-20,Gn327EVDzMM,From LSU to Southern! What Happened?,"Sep 7, 2025",290,0:00:00
2023-10-21,Gn327EVDzMM,From LSU to Southern! What Happened?,"Sep 7, 2025",290,0:00:00
2023-10-22,Gn327EVDzMM,From LSU to Southern! What Happened?,"Sep 7, 2025",290,0:00:00
2023-10-23,Gn327EVDzMM,From LSU to Southern! What Happened?,"Sep 7, 2025",290,0:00:00
2023-10-24,Gn327EVDzMM,From LSU to Southern! What Happened?,"Sep 7, 2025",290,0:00:00
2023-10-25,Gn327EVDzMM,From LSU to Southern! What Happened?,"Sep 7, 2025",290,0:00:00
2023-10-26,Gn327EVDzMM,From LSU to Southern! What Happened?,"Sep 7, 2025",290,0:00:00
2023-10-27,Gn327EVDzMM,From LSU to Southern! What Happened?,"Sep 7, 2025",290,0:00:00
2023-10-28,Gn327EVDzMM,From LSU to Southern! What Happened?,"Sep 7, 2025",290,0:00:00
2023-10-29,Gn327EVDzMM,From LSU to Southern! What Happened?,"Sep 7, 2025",290,0:00:00
2023-10-30,Gn327EVDzMM,From LSU to Southern! What Happened?,"Sep 7, 2025",290,0:00:00
2023-10-31,Gn327EVDzMM,From LSU to Southern! What Happened?,"Sep 7, 2025",290,0:00:00
2023-11-01,Gn327EVDzMM,From LSU to Southern! What Happened?,"Sep 7, 2025",290,0:00:00
2023-11-02,Gn327EVDzMM,From LSU to Southern! What Happened?,"Sep 7, 2025",290,0:00:00
2023-11-03,Gn327EVDzMM,From LSU to Southern! What Happened?,"Sep 7, 2025",290,0:00:00
2023-11-04,Gn327EVDzMM,From LSU to Southern! What Happened?,"Sep 7, 2025",290,0:00:00
2023-11-05,Gn327EVDzMM,From LSU to Southern! What Happened?,"Sep 7, 2025",290,0:00:00
2023-11-06,Gn327EVDzMM,From LSU to Southern! What Happened?,"Sep 7, 2025",290,0:00:00
2023-11-07,Gn327EVDzMM,From LSU to Southern! What Happened?,"Sep 7, 2025",290,0:00:00
2023-11-08,Gn327EVDzMM,From LSU to Southern! What Happened?,"Sep 7, 2025",290,0:00:00
2023-11-09,Gn327EVDzMM,From LSU to Southern! What Happened?,"Sep 7, 2025",290,0:00:00
2023-11-10,Gn327EVDzMM,From LSU to Southern! What Happened?,"Sep 7, 2025",290,0:00:00
2023-11-11,Gn327EVDzMM,From LSU to Southern! What Happened?,"Sep 7, 2025",290,0:00:00
2023-11-12,Gn327EVDzMM,From LSU to Southern! What Happened?,"Sep 7, 2025",290,0:00:00
2023-11-13,Gn327EVDzMM,From LSU to Southern! What Happened?,"Sep 7, 2025",290,0:00:00
2023-11-14,Gn327EVDzMM,From LSU to Southern! What Happened?,"Sep 7, 2025",290,0:00:00
2023-11-15,Gn327EVDzMM,From LSU to Southern! What Happened?,"Sep 7, 2025",290,0:00:00
2023-11-16,Gn327EVDzMM,From LSU to Southern! What Happened?,"Sep 7, 2025",290,0:00:00
2023-11-17,Gn327EVDzMM,From LSU to Southern! What Happened?,"Sep 7, 2025",290,0:00:00
2023-11-18,Gn327EVDzMM,From LSU to Southern! What Happened?,"Sep 7, 2025",290,0:00:00
2023-11-19,Gn327EVDzMM,From LSU to Southern! What Happened?,"Sep 7, 2025",290,0:00:00
2023-11-20,Gn327EVDzMM,From LSU to Southern! What Happened?,"Sep 7, 2025",290,0:00:00
2023-11-21,Gn327EVDzMM,From LSU to Southern! What Happened?,"Sep 7, 2025",290,0:00:00
2023-11-22,Gn327EVDzMM,From LSU to Southern! What Happened?,"Sep 7, 2025",290,0:00:00
2023-11-23,Gn327EVDzMM,From LSU to Southern! What Happened?,"Sep 7, 2025",290,0:00:00
2023-11-24,Gn327EVDzMM,From LSU to Southern! What Happened?,"Sep 7, 2025",290,0:00:00
2023-11-25,Gn327EVDzMM,From LSU to Southern! What Happened?,"Sep 7, 2025",290,0:00:00
2023-11-26,Gn327EVDzMM,From LSU to Southern! What Happened?,"Sep 7, 2025",290,0:00:00
2023-11-27,Gn327EVDzMM,From LSU to Southern! What Happened?,"Sep 7, 2025",290,0:00:00
2023-11-28,Gn327EVDzMM,From LSU to Southern! What Happened?,"Sep 7, 2025",290,0:00:00
2023-11-29,Gn327EVDzMM,From LSU to Southern! What Happened?,"Sep 7, 2025",290,0:00:00
2023-11-30,Gn327EVDzMM,From LSU to Southern! What Happened?,"Sep 7, 2025",290,0:00:00
2023-12-01,Gn327EVDzMM,From LSU to Southern! What Happened?,"Sep 7, 2025",290,0:00:00
2023-12-02,Gn327EVDzMM,From LSU to Southern! What Happened?,"Sep 7, 2025",290,0:00:00
2023-12-03,Gn327EVDzMM,From LSU to Southern! What Happened?,"Sep 7, 2025",290,0:00:00
2023-12-04,Gn327EVDzMM,From LSU to Southern! What Happened?,"Sep 7, 2025",290,0:00:00
2023-12-05,Gn327EVDzMM,From LSU to Southern! What Happened?,"Sep 7, 2025",290,0:00:00
2023-12-06,Gn327EVDzMM,From LSU to Southern! What Happened?,"Sep 7, 2025",290,0:00:00
2023-12-07,Gn327EVDzMM,From LSU to Southern! What Happened?,"Sep 7, 2025",290,0:00:00
2023-12-08,Gn327EVDzMM,From LSU to Southern! What Happened?,"Sep 7, 2025",290,0:00:00
2023-12-09,Gn327EVDzMM,From LSU to Southern! What Happened?,"Sep 7, 2025",290,0:00:00
2023-12-10,Gn327EVDzMM,From LSU to Southern! What Happened?,"Sep 7, 2025",290,0:00:00
2023-12-11,Gn327EVDzMM,From LSU to Southern! What Happened?,"Sep 7, 2025",290,0:00:00
2023-12-12,Gn327EVDzMM,From LSU to Southern! What Happened?,"Sep 7, 2025",290,0:00:00
2023-12-13,Gn327EVDzMM,From LSU to Southern! What Happened?,"Sep 7, 2025",290,0:00:00
2023-12-14,Gn327EVDzMM,From LSU to Southern! What Happened?,"Sep 7, 2025",290,0:00:00
2023-12-15,Gn327EVDzMM,From LSU to Southern! What Happened?,"Sep 7, 2025",290,0:00:00
2023-12-16,Gn327EVDzMM,From LSU to Southern! What Happened?,"Sep 7, 2025",290,0:00:00
2023-12-17,Gn327EVDzMM,From LSU to Southern! What Happened?,"Sep 7, 2025",290,0:00:00
2023-12-18,Gn327EVDzMM,From LSU to Southern! What Happened?,"Sep 7, 2025",290,0:00:00
2023-12-19,Gn327EVDzMM,From LSU to Southern! What Happened?,"Sep 7, 2025",290,0:00:00
2023-12-20,Gn327EVDzMM,From LSU to Southern! What Happened?,"Sep 7, 2025",290,0:00:00
2023-12-21,Gn327EVDzMM,From LSU to Southern! What Happened?,"Sep 7, 2025",290,0:00:00
2023-12-22,Gn327EVDzMM,From LSU to Southern! What Happened?,"Sep 7, 2025",290,0:00:00
2023-12-23,Gn327EVDzMM,From LSU to Southern! What Happened?,"Sep 7, 2025",290,0:00:00
2023-12-24,Gn327EVDzMM,From LSU to Southern! What Happened?,"Sep 7, 2025",290,0:00:00
2023-12-25,Gn327EVDzMM,From LSU to Southern! What Happened?,"Sep 7, 2025",290,0:00:00
2023-12-26,Gn327EVDzMM,From LSU to Southern! What Happened?,"Sep 7, 2025",290,0:00:00
2023-12-27,Gn327EVDzMM,From LSU to Southern! What Happened?,"Sep 7, 2025",290,0:00:00
2023-12-28,Gn327EVDzMM,From LSU to Southern! What Happened?,"Sep 7, 2025",290,0:00:00
2023-12-29,Gn327EVDzMM,From LSU to Southern! What Happened?,"Sep 7, 2025",290,0:00:00
2023-12-30,Gn327EVDzMM,From LSU to Southern! What Happened?,"Sep 7, 2025",290,0:00:00
2023-12-31,Gn327EVDzMM,From LSU to Southern! What Happened?,"Sep 7, 2025",290,0:00:00
2024-01-01,Gn327EVDzMM,From LSU to Southern! What Happened?,"Sep 7, 2025",290,0:00:00
2024-01-02,Gn327EVDzMM,From LSU to Southern! What Happened?,"Sep 7, 2025",290,0:00:00
2024-01-03,Gn327EVDzMM,From LSU to Southern! What Happened?,"Sep 7, 2025",290,0:00:00
2024-01-04,Gn327EVDzMM,From LSU to Southern! What Happened?,"Sep 7, 2025",290,0:00:00
2024-01-05,Gn327EVDzMM,From LSU to Southern! What Happened?,"Sep 7, 2025",290,0:00:00
2024-01-06,Gn327EVDzMM,From LSU to Southern! What Happened?,"Sep 7, 2025",290,0:00:00
2024-01-07,Gn327EVDzMM,From LSU to Southern! What Happened?,"Sep 7, 2025",290,0:00:00
2024-01-08,Gn327EVDzMM,From LSU to Southern! What Happened?,"Sep 7, 2025",290,0:00:00
2024-01-09,Gn327EVDzMM,From LSU to Southern! What Happened?,"Sep 7, 2025",290,0:00:00
2024-01-10,Gn327EVDzMM,From LSU to Southern! What Happened?,"Sep 7, 2025",290,0:00:00
2024-01-11,Gn327EVDzMM,From LSU to Southern! What Happened?,"Sep 7, 2025",290,0:00:00
2024-01-12,Gn327EVDzMM,From LSU to Southern! What Happened?,"Sep 7, 2025",290,0:00:00
2024-01-13,Gn327EVDzMM,From LSU to Southern! What Happened?,"Sep 7, 2025",290,0:00:00
2024-01-14,Gn327EVDzMM,From LSU to Southern! What Happened?,"Sep 7, 2025",290,0:00:00
2024-01-15,Gn327EVDzMM,From LSU to Southern! What Happened?,"Sep 7, 2025",290,0:00:00
2024-01-16,Gn327EVDzMM,From LSU to Southern! What Happened?,"Sep 7, 2025",290,0:00:00
2024-01-17,Gn327EVDzMM,From LSU to Southern! What Happened?,"Sep 7, 2025",290,0:00:00
2024-01-18,Gn327EVDzMM,From LSU to Southern! What Happened?,"Sep 7, 2025",290,0:00:00
2024-01-19,Gn327EVDzMM,From LSU to Southern! What Happened?,"Sep 7, 2025",290,0:00:00
2024-01-20,Gn327EVDzMM,From LSU to Southern! What Happened?,"Sep 7, 2025",290,0:00:00
2024-01-21,Gn327EVDzMM,From LSU to Southern! What Happened?,"Sep 7, 2025",290,0:00:00
2024-01-22,Gn327EVDzMM,From LSU to Southern! What Happened?,"Sep 7, 2025",290,0:00:00
2024-01-23,Gn327EVDzMM,From LSU to Southern! What Happened?,"Sep 7, 2025",290,0:00:00
2024-01-24,Gn327EVDzMM,From LSU to Southern! What Happened?,"Sep 7, 2025",290,0:00:00
2024-01-25,Gn327EVDzMM,From LSU to Southern! What Happened?,"Sep 7, 2025",290,0:00:00
2024-01-26,Gn327EVDzMM,From LSU to Southern! What Happened?,"Sep 7, 2025",290,0:00:00
2024-01-27,Gn327EVDzMM,From LSU to Southern! What Happened?,"Sep 7, 2025",290,0:00:00
2024-01-28,Gn327EVDzMM,From LSU to Southern! What Happened?,"Sep 7, 2025",290,0:00:00
2024-01-29,Gn327EVDzMM,From LSU to Southern! What Happened?,"Sep 7, 2025",290,0:00:00
2024-01-30,Gn327EVDzMM,From LSU to Southern! What Happened?,"Sep 7, 2025",290,0:00:00
2024-01-31,Gn327EVDzMM,From LSU to Southern! What Happened?,"Sep 7, 2025",290,0:00:00
2024-02-01,Gn327EVDzMM,From LSU to Southern! What Happened?,"Sep 7, 2025",290,0:00:00
2024-02-02,Gn327EVDzMM,From LSU to Southern! What Happened?,"Sep 7, 2025",290,0:00:00
2024-02-03,Gn327EVDzMM,From LSU to Southern! What Happened?,"Sep 7, 2025",290,0:00:00
2024-02-04,Gn327EVDzMM,From LSU to Southern! What Happened?,"Sep 7, 2025",290,0:00:00
2024-02-05,Gn327EVDzMM,From LSU to Southern! What Happened?,"Sep 7, 2025",290,0:00:00
2024-02-06,Gn327EVDzMM,From LSU to Southern! What Happened?,"Sep 7, 2025",290,0:00:00
2024-02-07,Gn327EVDzMM,From LSU to Southern! What Happened?,"Sep 7, 2025",290,0:00:00
2024-02-08,Gn327EVDzMM,From LSU to Southern! What Happened?,"Sep 7, 2025",290,0:00:00
2024-02-09,Gn327EVDzMM,From LSU to Southern! What Happened?,"Sep 7, 2025",290,0:00:00
2024-02-10,Gn327EVDzMM,From LSU to Southern! What Happened?,"Sep 7, 2025",290,0:00:00
2024-02-11,Gn327EVDzMM,From LSU to Southern! What Happened?,"Sep 7, 2025",290,0:00:00
2024-02-12,Gn327EVDzMM,From LSU to Southern! What Happened?,"Sep 7, 2025",290,0:00:00
2024-02-13,Gn327EVDzMM,From LSU to Southern! What Happened?,"Sep 7, 2025",290,0:00:00
2024-02-14,Gn327EVDzMM,From LSU to Southern! What Happened?,"Sep 7, 2025",290,0:00:00
2024-02-15,Gn327EVDzMM,From LSU to Southern! What Happened?,"Sep 7, 2025",290,0:00:00
2024-02-16,Gn327EVDzMM,From LSU to Southern! What Happened?,"Sep 7, 2025",290,0:00:00
2024-02-17,Gn327EVDzMM,From LSU to Southern! What Happened?,"Sep 7, 2025",290,0:00:00
2024-02-18,Gn327EVDzMM,From LSU to Southern! What Happened?,"Sep 7, 2025",290,0:00:00
2024-02-19,Gn327EVDzMM,From LSU to Southern! What Happened?,"Sep 7, 2025",290,0:00:00
2024-02-20,Gn327EVDzMM,From LSU to Southern! What Happened?,"Sep 7, 2025",290,0:00:00
2024-02-21,Gn327EVDzMM,From LSU to Southern! What Happened?,"Sep 7, 2025",290,0:00:00
2024-02-22,Gn327EVDzMM,From LSU to Southern! What Happened?,"Sep 7, 2025",290,0:00:00
2024-02-23,Gn327EVDzMM,From LSU to Southern! What Happened?,"Sep 7, 2025",290,0:00:00
2024-02-24,Gn327EVDzMM,From LSU to Southern! What Happened?,"Sep 7, 2025",290,0:00:00
2024-02-25,Gn327EVDzMM,From LSU to Southern! What Happened?,"Sep 7, 2025",290,0:00:00
2024-02-26,Gn327EVDzMM,From LSU to Southern! What Happened?,"Sep 7, 2025",290,0:00:00
2024-02-27,Gn327EVDzMM,From LSU to Southern! What Happened?,"Sep 7, 2025",290,0:00:00
2024-02-28,Gn327EVDzMM,From LSU to Southern! What Happened?,"Sep 7, 2025",290,0:00:00
2024-02-29,Gn327EVDzMM,From LSU to Southern! What Happened?,"Sep 7, 2025",290,0:00:00
2024-03-01,Gn327EVDzMM,From LSU to Southern! What Happened?,"Sep 7, 2025",290,0:00:00
2024-03-02,Gn327EVDzMM,From LSU to Southern! What Happened?,"Sep 7, 2025",290,0:00:00
2024-03-03,Gn327EVDzMM,From LSU to Southern! What Happened?,"Sep 7, 2025",290,0:00:00
2024-03-04,Gn327EVDzMM,From LSU to Southern! What Happened?,"Sep 7, 2025",290,0:00:00
2024-03-05,Gn327EVDzMM,From LSU to Southern! What Happened?,"Sep 7, 2025",290,0:00:00
2024-03-06,Gn327EVDzMM,From LSU to Southern! What Happened?,"Sep 7, 2025",290,0:00:00
2024-03-07,Gn327EVDzMM,From LSU to Southern! What Happened?,"Sep 7, 2025",290,0:00:00
2024-03-08,Gn327EVDzMM,From LSU to Southern! What Happened?,"Sep 7, 2025",290,0:00:00
2024-03-09,Gn327EVDzMM,From LSU to Southern! What Happened?,"Sep 7, 2025",290,0:00:00
2024-03-10,Gn327EVDzMM,From LSU to Southern! What Happened?,"Sep 7, 2025",290,0:00:00
2024-03-11,Gn327EVDzMM,From LSU to Southern! What Happened?,"Sep 7, 2025",290,0:00:00
2024-03-12,Gn327EVDzMM,From LSU to Southern! What Happened?,"Sep 7, 2025",290,0:00:00
2024-03-13,Gn327EVDzMM,From LSU to Southern! What Happened?,"Sep 7, 2025",290,0:00:00
2024-03-14,Gn327EVDzMM,From LSU to Southern! What Happened?,"Sep 7, 2025",290,0:00:00
2024-03-15,Gn327EVDzMM,From LSU to Southern! What Happened?,"Sep 7, 2025",290,0:00:00
2024-03-16,Gn327EVDzMM,From LSU to Southern! What Happened?,"Sep 7, 2025",290,0:00:00
2024-03-17,Gn327EVDzMM,From LSU to Southern! What Happened?,"Sep 7, 2025",290,0:00:00
2024-03-18,Gn327EVDzMM,From LSU to Southern! What Happened?,"Sep 7, 2025",290,0:00:00
2024-03-19,Gn327EVDzMM,From LSU to Southern! What Happened?,"Sep 7, 2025",290,0:00:00
2024-03-20,Gn327EVDzMM,From LSU to Southern! What Happened?,"Sep 7, 2025",290,0:00:00
2024-03-21,Gn327EVDzMM,From LSU to Southern! What Happened?,"Sep 7, 2025",290,0:00:00
2024-03-22,Gn327EVDzMM,From LSU to Southern! What Happened?,"Sep 7, 2025",290,0:00:00
2024-03-23,Gn327EVDzMM,From LSU to Southern! What Happened?,"Sep 7, 2025",290,0:00:00
2024-03-24,Gn327EVDzMM,From LSU to Southern! What Happened?,"Sep 7, 2025",290,0:00:00
2024-03-25,Gn327EVDzMM,From LSU to Southern! What Happened?,"Sep 7, 2025",290,0:00:00
2024-03-26,Gn327EVDzMM,From LSU to Southern! What Happened?,"Sep 7, 2025",290,0:00:00
2024-03-27,Gn327EVDzMM,From LSU to Southern! What Happened?,"Sep 7, 2025",290,0:00:00
2024-03-28,Gn327EVDzMM,From LSU to Southern! What Happened?,"Sep 7, 2025",290,0:00:00
2024-03-29,Gn327EVDzMM,From LSU to Southern! What Happened?,"Sep 7, 2025",290,0:00:00
2024-03-30,Gn327EVDzMM,From LSU to Southern! What Happened?,"Sep 7, 2025",290,0:00:00
2024-03-31,Gn327EVDzMM,From LSU to Southern! What Happened?,"Sep 7, 2025",290,0:00:00
2024-04-01,Gn327EVDzMM,From LSU to Southern! What Happened?,"Sep 7, 2025",290,0:00:00
2024-04-02,Gn327EVDzMM,From LSU to Southern! What Happened?,"Sep 7, 2025",290,0:00:00
2024-04-03,Gn327EVDzMM,From LSU to Southern! What Happened?,"Sep 7, 2025",290,0:00:00
2024-04-04,Gn327EVDzMM,From LSU to Southern! What Happened?,"Sep 7, 2025",290,0:00:00
2024-04-05,Gn327EVDzMM,From LSU to Southern! What Happened?,"Sep 7, 2025",290,0:00:00
2024-04-06,Gn327EVDzMM,From LSU to Southern! What Happened?,"Sep 7, 2025",290,0:00:00
2024-04-07,Gn327EVDzMM,From LSU to Southern! What Happened?,"Sep 7, 2025",290,0:00:00
2024-04-08,Gn327EVDzMM,From LSU to Southern! What Happened?,"Sep 7, 2025",290,0:00:00
2024-04-09,Gn327EVDzMM,From LSU to Southern! What Happened?,"Sep 7, 2025",290,0:00:00
2024-04-10,Gn327EVDzMM,From LSU to Southern! What Happened?,"Sep 7, 2025",290,0:00:00
2024-04-11,Gn327EVDzMM,From LSU to Southern! What Happened?,"Sep 7, 2025",290,0:00:00
2024-04-12,Gn327EVDzMM,From LSU to Southern! What Happened?,"Sep 7, 2025",290,0:00:00
2024-04-13,Gn327EVDzMM,From LSU to Southern! What Happened?,"Sep 7, 2025",290,0:00:00
2024-04-14,Gn327EVDzMM,From LSU to Southern! What Happened?,"Sep 7, 2025",290,0:00:00
2024-04-15,Gn327EVDzMM,From LSU to Southern! What Happened?,"Sep 7, 2025",290,0:00:00
2024-04-16,Gn327EVDzMM,From LSU to Southern! What Happened?,"Sep 7, 2025",290,0:00:00
2024-04-17,Gn327EVDzMM,From LSU to Southern! What Happened?,"Sep 7, 2025",290,0:00:00
2024-04-18,Gn327EVDzMM,From LSU to Southern! What Happened?,"Sep 7, 2025",290,0:00:00
2024-04-19,Gn327EVDzMM,From LSU to Southern! What Happened?,"Sep 7, 2025",290,0:00:00
2024-04-20,Gn327EVDzMM,From LSU to Southern! What Happened?,"Sep 7, 2025",290,0:00:00
2024-04-21,Gn327EVDzMM,From LSU to Southern! What Happened?,"Sep 7, 2025",290,0:00:00
2024-04-22,Gn327EVDzMM,From LSU to Southern! What Happened?,"Sep 7, 2025",290,0:00:00
2024-04-23,Gn327EVDzMM,From LSU to Southern! What Happened?,"Sep 7, 2025",290,0:00:00
2024-04-24,Gn327EVDzMM,From LSU to Southern! What Happened?,"Sep 7, 2025",290,0:00:00
2024-04-25,Gn327EVDzMM,From LSU to Southern! What Happened?,"Sep 7, 2025",290,0:00:00
2024-04-26,Gn327EVDzMM,From LSU to Southern! What Happened?,"Sep 7, 2025",290,0:00:00
2024-04-27,Gn327EVDzMM,From LSU to Southern! What Happened?,"Sep 7, 2025",290,0:00:00
2024-04-28,Gn327EVDzMM,From LSU to Southern! What Happened?,"Sep 7, 2025",290,0:00:00
2024-04-29,Gn327EVDzMM,From LSU to Southern! What Happened?,"Sep 7, 2025",290,0:00:00
2024-04-30,Gn327EVDzMM,From LSU to Southern! What Happened?,"Sep 7, 2025",290,0:00:00
2024-05-01,Gn327EVDzMM,From LSU to Southern! What Happened?,"Sep 7, 2025",290,0:00:00
2024-05-02,Gn327EVDzMM,From LSU to Southern! What Happened?,"Sep 7, 2025",290,0:00:00
2024-05-03,Gn327EVDzMM,From LSU to Southern! What Happened?,"Sep 7, 2025",290,0:00:00
2024-05-04,Gn327EVDzMM,From LSU to Southern! What Happened?,"Sep 7, 2025",290,0:00:00
2024-05-05,Gn327EVDzMM,From LSU to Southern! What Happened?,"Sep 7, 2025",290,0:00:00
2024-05-06,Gn327EVDzMM,From LSU to Southern! What Happened?,"Sep 7, 2025",290,0:00:00
2024-05-07,Gn327EVDzMM,From LSU to Southern! What Happened?,"Sep 7, 2025",290,0:00:00
2024-05-08,Gn327EVDzMM,From LSU to Southern! What Happened?,"Sep 7, 2025",290,0:00:00
2024-05-09,Gn327EVDzMM,From LSU to Southern! What Happened?,"Sep 7, 2025",290,0:00:00
2024-05-10,Gn327EVDzMM,From LSU to Southern! What Happened?,"Sep 7, 2025",290,0:00:00
2024-05-11,Gn327EVDzMM,From LSU to Southern! What Happened?,"Sep 7, 2025",290,0:00:00
2024-05-12,Gn327EVDzMM,From LSU to Southern! What Happened?,"Sep 7, 2025",290,0:00:00
2024-05-13,Gn327EVDzMM,From LSU to Southern! What Happened?,"Sep 7, 2025",290,0:00:00
2024-05-14,Gn327EVDzMM,From LSU to Southern! What Happened?,"Sep 7, 2025",290,0:00:00
2024-05-15,Gn327EVDzMM,From LSU to Southern! What Happened?,"Sep 7, 2025",290,0:00:00
2024-05-16,Gn327EVDzMM,From LSU to Southern! What Happened?,"Sep 7, 2025",290,0:00:00
2024-05-17,Gn327EVDzMM,From LSU to Southern! What Happened?,"Sep 7, 2025",290,0:00:00
2024-05-18,Gn327EVDzMM,From LSU to Southern! What Happened?,"Sep 7, 2025",290,0:00:00
2024-05-19,Gn327EVDzMM,From LSU to Southern! What Happened?,"Sep 7, 2025",290,0:00:00
2024-05-20,Gn327EVDzMM,From LSU to Southern! What Happened?,"Sep 7, 2025",290,0:00:00
2024-05-21,Gn327EVDzMM,From LSU to Southern! What Happened?,"Sep 7, 2025",290,0:00:00
2024-05-22,Gn327EVDzMM,From LSU to Southern! What Happened?,"Sep 7, 2025",290,0:00:00
2024-05-23,Gn327EVDzMM,From LSU to Southern! What Happened?,"Sep 7, 2025",290,0:00:00
2024-05-24,Gn327EVDzMM,From LSU to Southern! What Happened?,"Sep 7, 2025",290,0:00:00
2024-05-25,Gn327EVDzMM,From LSU to Southern! What Happened?,"Sep 7, 2025",290,0:00:00
2024-05-26,Gn327EVDzMM,From LSU to Southern! What Happened?,"Sep 7, 2025",290,0:00:00
2024-05-27,Gn327EVDzMM,From LSU to Southern! What Happened?,"Sep 7, 2025",290,0:00:00
2024-05-28,Gn327EVDzMM,From LSU to Southern! What Happened?,"Sep 7, 2025",290,0:00:00
2024-05-29,Gn327EVDzMM,From LSU to Southern! What Happened?,"Sep 7, 2025",290,0:00:00
2024-05-30,Gn327EVDzMM,From LSU to Southern! What Happened?,"Sep 7, 2025",290,0:00:00
2024-05-31,Gn327EVDzMM,From LSU to Southern! What Happened?,"Sep 7, 2025",290,0:00:00
2024-06-01,Gn327EVDzMM,From LSU to Southern! What Happened?,"Sep 7, 2025",290,0:00:00
2024-06-02,Gn327EVDzMM,From LSU to Southern! What Happened?,"Sep 7, 2025",290,0:00:00
2024-06-03,Gn327EVDzMM,From LSU to Southern! What Happened?,"Sep 7, 2025",290,0:00:00
2024-06-04,Gn327EVDzMM,From LSU to Southern! What Happened?,"Sep 7, 2025",290,0:00:00
2024-06-05,Gn327EVDzMM,From LSU to Southern! What Happened?,"Sep 7, 2025",290,0:00:00
2024-06-06,Gn327EVDzMM,From LSU to Southern! What Happened?,"Sep 7, 2025",290,0:00:00
2024-06-07,Gn327EVDzMM,From LSU to Southern! What Happened?,"Sep 7, 2025",290,0:00:00
2024-06-08,Gn327EVDzMM,From LSU to Southern! What Happened?,"Sep 7, 2025",290,0:00:00
2024-06-09,Gn327EVDzMM,From LSU to Southern! What Happened?,"Sep 7, 2025",290,0:00:00
2024-06-10,Gn327EVDzMM,From LSU to Southern! What Happened?,"Sep 7, 2025",290,0:00:00
2024-06-11,Gn327EVDzMM,From LSU to Southern! What Happened?,"Sep 7, 2025",290,0:00:00
2024-06-12,Gn327EVDzMM,From LSU to Southern! What Happened?,"Sep 7, 2025",290,0:00:00
2024-06-13,Gn327EVDzMM,From LSU to Southern! What Happened?,"Sep 7, 2025",290,0:00:00
2024-06-14,Gn327EVDzMM,From LSU to Southern! What Happened?,"Sep 7, 2025",290,0:00:00
2024-06-15,Gn327EVDzMM,From LSU to Southern! What Happened?,"Sep 7, 2025",290,0:00:00
2024-06-16,Gn327EVDzMM,From LSU to Southern! What Happened?,"Sep 7, 2025",290,0:00:00
2024-06-17,Gn327EVDzMM,From LSU to Southern! What Happened?,"Sep 7, 2025",290,0:00:00
2024-06-18,Gn327EVDzMM,From LSU to Southern! What Happened?,"Sep 7, 2025",290,0:00:00
2024-06-19,Gn327EVDzMM,From LSU to Southern! What Happened?,"Sep 7, 2025",290,0:00:00
2024-06-20,Gn327EVDzMM,From LSU to Southern! What Happened?,"Sep 7, 2025",290,0:00:00
2024-06-21,Gn327EVDzMM,From LSU to Southern! What Happened?,"Sep 7, 2025",290,0:00:00
2024-06-22,Gn327EVDzMM,From LSU to Southern! What Happened?,"Sep 7, 2025",290,0:00:00
2024-06-23,Gn327EVDzMM,From LSU to Southern! What Happened?,"Sep 7, 2025",290,0:00:00
2024-06-24,Gn327EVDzMM,From LSU to Southern! What Happened?,"Sep 7, 2025",290,0:00:00
2024-06-25,Gn327EVDzMM,From LSU to Southern! What Happened?,"Sep 7, 2025",290,0:00:00
2024-06-26,Gn327EVDzMM,From LSU to Southern! What Happened?,"Sep 7, 2025",290,0:00:00
2024-06-27,Gn327EVDzMM,From LSU to Southern! What Happened?,"Sep 7, 2025",290,0:00:00
2024-06-28,Gn327EVDzMM,From LSU to Southern! What Happened?,"Sep 7, 2025",290,0:00:00
2024-06-29,Gn327EVDzMM,From LSU to Southern! What Happened?,"Sep 7, 2025",290,0:00:00
2024-06-30,Gn327EVDzMM,From LSU to Southern! What Happened?,"Sep 7, 2025",290,0:00:00
2024-07-01,Gn327EVDzMM,From LSU to Southern! What Happened?,"Sep 7, 2025",290,0:00:00
2024-07-02,Gn327EVDzMM,From LSU to Southern! What Happened?,"Sep 7, 2025",290,0:00:00
2024-07-03,Gn327EVDzMM,From LSU to Southern! What Happened?,"Sep 7, 2025",290,0:00:00
2024-07-04,Gn327EVDzMM,From LSU to Southern! What Happened?,"Sep 7, 2025",290,0:00:00
2024-07-05,Gn327EVDzMM,From LSU to Southern! What Happened?,"Sep 7, 2025",290,0:00:00
2024-07-06,Gn327EVDzMM,From LSU to Southern! What Happened?,"Sep 7, 2025",290,0:00:00
2024-07-07,Gn327EVDzMM,From LSU to Southern! What Happened?,"Sep 7, 2025",290,0:00:00
2024-07-08,Gn327EVDzMM,From LSU to Southern! What Happened?,"Sep 7, 2025",290,0:00:00
2024-07-09,Gn327EVDzMM,From LSU to Southern! What Happened?,"Sep 7, 2025",290,0:00:00
2024-07-10,Gn327EVDzMM,From LSU to Southern! What Happened?,"Sep 7, 2025",290,0:00:00
2024-07-11,Gn327EVDzMM,From LSU to Southern! What Happened?,"Sep 7, 2025",290,0:00:00
2024-07-12,Gn327EVDzMM,From LSU to Southern! What Happened?,"Sep 7, 2025",290,0:00:00
2024-07-13,Gn327EVDzMM,From LSU to Southern! What Happened?,"Sep 7, 2025",290,0:00:00
2024-07-14,Gn327EVDzMM,From LSU to Southern! What Happened?,"Sep 7, 2025",290,0:00:00
2024-07-15,Gn327EVDzMM,From LSU to Southern! What Happened?,"Sep 7, 2025",290,0:00:00
2024-07-16,Gn327EVDzMM,From LSU to Southern! What Happened?,"Sep 7, 2025",290,0:00:00
2024-07-17,Gn327EVDzMM,From LSU to Southern! What Happened?,"Sep 7, 2025",290,0:00:00
2024-07-18,Gn327EVDzMM,From LSU to Southern! What Happened?,"Sep 7, 2025",290,0:00:00
2024-07-19,Gn327EVDzMM,From LSU to Southern! What Happened?,"Sep 7, 2025",290,0:00:00
2024-07-20,Gn327EVDzMM,From LSU to Southern! What Happened?,"Sep 7, 2025",290,0:00:00
2024-07-21,Gn327EVDzMM,From LSU to Southern! What Happened?,"Sep 7, 2025",290,0:00:00
2024-07-22,Gn327EVDzMM,From LSU to Southern! What Happened?,"Sep 7, 2025",290,0:00:00
2024-07-23,Gn327EVDzMM,From LSU to Southern! What Happened?,"Sep 7, 2025",290,0:00:00
2024-07-24,Gn327EVDzMM,From LSU to Southern! What Happened?,"Sep 7, 2025",290,0:00:00
2024-07-25,Gn327EVDzMM,From LSU to Southern! What Happened?,"Sep 7, 2025",290,0:00:00
2024-07-26,Gn327EVDzMM,From LSU to Southern! What Happened?,"Sep 7, 2025",290,0:00:00
2024-07-27,Gn327EVDzMM,From LSU to Southern! What Happened?,"Sep 7, 2025",290,0:00:00
2024-07-28,Gn327EVDzMM,From LSU to Southern! What Happened?,"Sep 7, 2025",290,0:00:00
2024-07-29,Gn327EVDzMM,From LSU to Southern! What Happened?,"Sep 7, 2025",290,0:00:00
2024-07-30,Gn327EVDzMM,From LSU to Southern! What Happened?,"Sep 7, 2025",290,0:00:00
2024-07-31,Gn327EVDzMM,From LSU to Southern! What Happened?,"Sep 7, 2025",290,0:00:00
2024-08-01,Gn327EVDzMM,From LSU to Southern! What Happened?,"Sep 7, 2025",290,0:00:00
2024-08-02,Gn327EVDzMM,From LSU to Southern! What Happened?,"Sep 7, 2025",290,0:00:00
2024-08-03,Gn327EVDzMM,From LSU to Southern! What Happened?,"Sep 7, 2025",290,0:00:00
2024-08-04,Gn327EVDzMM,From LSU to Southern! What Happened?,"Sep 7, 2025",290,0:00:00
2024-08-05,Gn327EVDzMM,From LSU to Southern! What Happened?,"Sep 7, 2025",290,0:00:00
2024-08-06,Gn327EVDzMM,From LSU to Southern! What Happened?,"Sep 7, 2025",290,0:00:00
2024-08-07,Gn327EVDzMM,From LSU to Southern! What Happened?,"Sep 7, 2025",290,0:00:00
2024-08-08,Gn327EVDzMM,From LSU to Southern! What Happened?,"Sep 7, 2025",290,0:00:00
2024-08-09,Gn327EVDzMM,From LSU to Southern! What Happened?,"Sep 7, 2025",290,0:00:00
2024-08-10,Gn327EVDzMM,From LSU to Southern! What Happened?,"Sep 7, 2025",290,0:00:00
2024-08-11,Gn327EVDzMM,From LSU to Southern! What Happened?,"Sep 7, 2025",290,0:00:00
2024-08-12,Gn327EVDzMM,From LSU to Southern! What Happened?,"Sep 7, 2025",290,0:00:00
2024-08-13,Gn327EVDzMM,From LSU to Southern! What Happened?,"Sep 7, 2025",290,0:00:00
2024-08-14,Gn327EVDzMM,From LSU to Southern! What Happened?,"Sep 7, 2025",290,0:00:00
2024-08-15,Gn327EVDzMM,From LSU to Southern! What Happened?,"Sep 7, 2025",290,0:00:00
2024-08-16,Gn327EVDzMM,From LSU to Southern! What Happened?,"Sep 7, 2025",290,0:00:00
2024-08-17,Gn327EVDzMM,From LSU to Southern! What Happened?,"Sep 7, 2025",290,0:00:00
2024-08-18,Gn327EVDzMM,From LSU to Southern! What Happened?,"Sep 7, 2025",290,0:00:00
2024-08-19,Gn327EVDzMM,From LSU to Southern! What Happened?,"Sep 7, 2025",290,0:00:00
2024-08-20,Gn327EVDzMM,From LSU to Southern! What Happened?,"Sep 7, 2025",290,0:00:00
2024-08-21,Gn327EVDzMM,From LSU to Southern! What Happened?,"Sep 7, 2025",290,0:00:00
2024-08-22,Gn327EVDzMM,From LSU to Southern! What Happened?,"Sep 7, 2025",290,0:00:00
2024-08-23,Gn327EVDzMM,From LSU to Southern! What Happened?,"Sep 7, 2025",290,0:00:00
2024-08-24,Gn327EVDzMM,From LSU to Southern! What Happened?,"Sep 7, 2025",290,0:00:00
2024-08-25,Gn327EVDzMM,From LSU to Southern! What Happened?,"Sep 7, 2025",290,0:00:00
2024-08-26,Gn327EVDzMM,From LSU to Southern! What Happened?,"Sep 7, 2025",290,0:00:00
2024-08-27,Gn327EVDzMM,From LSU to Southern! What Happened?,"Sep 7, 2025",290,0:00:00
2024-08-28,Gn327EVDzMM,From LSU to Southern! What Happened?,"Sep 7, 2025",290,0:00:00
2024-08-29,Gn327EVDzMM,From LSU to Southern! What Happened?,"Sep 7, 2025",290,0:00:00
2024-08-30,Gn327EVDzMM,From LSU to Southern! What Happened?,"Sep 7, 2025",290,0:00:00
2024-08-31,Gn327EVDzMM,From LSU to Southern! What Happened?,"Sep 7, 2025",290,0:00:00
2024-09-01,Gn327EVDzMM,From LSU to Southern! What Happened?,"Sep 7, 2025",290,0:00:00
2024-09-02,Gn327EVDzMM,From LSU to Southern! What Happened?,"Sep 7, 2025",290,0:00:00
2024-09-03,Gn327EVDzMM,From LSU to Southern! What Happened?,"Sep 7, 2025",290,0:00:00
2024-09-04,Gn327EVDzMM,From LSU to Southern! What Happened?,"Sep 7, 2025",290,0:00:00
2024-09-05,Gn327EVDzMM,From LSU to Southern! What Happened?,"Sep 7, 2025",290,0:00:00
2024-09-06,Gn327EVDzMM,From LSU to Southern! What Happened?,"Sep 7, 2025",290,0:00:00
2024-09-07,Gn327EVDzMM,From LSU to Southern! What Happened?,"Sep 7, 2025",290,0:00:00
2024-09-08,Gn327EVDzMM,From LSU to Southern! What Happened?,"Sep 7, 2025",290,0:00:00
2024-09-09,Gn327EVDzMM,From LSU to Southern! What Happened?,"Sep 7, 2025",290,0:00:00
2024-09-10,Gn327EVDzMM,From LSU to Southern! What Happened?,"Sep 7, 2025",290,0:00:00
2024-09-11,Gn327EVDzMM,From LSU to Southern! What Happened?,"Sep 7, 2025",290,0:00:00
2024-09-12,Gn327EVDzMM,From LSU to Southern! What Happened?,"Sep 7, 2025",290,0:00:00
2024-09-13,Gn327EVDzMM,From LSU to Southern! What Happened?,"Sep 7, 2025",290,0:00:00
2024-09-14,Gn327EVDzMM,From LSU to Southern! What Happened?,"Sep 7, 2025",290,0:00:00
2024-09-15,Gn327EVDzMM,From LSU to Southern! What Happened?,"Sep 7, 2025",290,0:00:00
2024-09-16,Gn327EVDzMM,From LSU to Southern! What Happened?,"Sep 7, 2025",290,0:00:00
2024-09-17,Gn327EVDzMM,From LSU to Southern! What Happened?,"Sep 7, 2025",290,0:00:00
2024-09-18,Gn327EVDzMM,From LSU to Southern! What Happened?,"Sep 7, 2025",290,0:00:00
2024-09-19,Gn327EVDzMM,From LSU to Southern! What Happened?,"Sep 7, 2025",290,0:00:00
2024-09-20,Gn327EVDzMM,From LSU to Southern! What Happened?,"Sep 7, 2025",290,0:00:00
2024-09-21,Gn327EVDzMM,From LSU to Southern! What Happened?,"Sep 7, 2025",290,0:00:00
2024-09-22,Gn327EVDzMM,From LSU to Southern! What Happened?,"Sep 7, 2025",290,0:00:00
2024-09-23,Gn327EVDzMM,From LSU to Southern! What Happened?,"Sep 7, 2025",290,0:00:00
2024-09-24,Gn327EVDzMM,From LSU to Southern! What Happened?,"Sep 7, 2025",290,0:00:00
2024-09-25,Gn327EVDzMM,From LSU to Southern! What Happened?,"Sep 7, 2025",290,0:00:00
2024-09-26,Gn327EVDzMM,From LSU to Southern! What Happened?,"Sep 7, 2025",290,0:00:00
2024-09-27,Gn327EVDzMM,From LSU to Southern! What Happened?,"Sep 7, 2025",290,0:00:00
2024-09-28,Gn327EVDzMM,From LSU to Southern! What Happened?,"Sep 7, 2025",290,0:00:00
2024-09-29,Gn327EVDzMM,From LSU to Southern! What Happened?,"Sep 7, 2025",290,0:00:00
2024-09-30,Gn327EVDzMM,From LSU to Southern! What Happened?,"Sep 7, 2025",290,0:00:00
2024-10-01,Gn327EVDzMM,From LSU to Southern! What Happened?,"Sep 7, 2025",290,0:00:00
2024-10-02,Gn327EVDzMM,From LSU to Southern! What Happened?,"Sep 7, 2025",290,0:00:00
2024-10-03,Gn327EVDzMM,From LSU to Southern! What Happened?,"Sep 7, 2025",290,0:00:00
2024-10-04,Gn327EVDzMM,From LSU to Southern! What Happened?,"Sep 7, 2025",290,0:00:00
2024-10-05,Gn327EVDzMM,From LSU to Southern! What Happened?,"Sep 7, 2025",290,0:00:00
2024-10-06,Gn327EVDzMM,From LSU to Southern! What Happened?,"Sep 7, 2025",290,0:00:00
2024-10-07,Gn327EVDzMM,From LSU to Southern! What Happened?,"Sep 7, 2025",290,0:00:00
2024-10-08,Gn327EVDzMM,From LSU to Southern! What Happened?,"Sep 7, 2025",290,0:00:00
2024-10-09,Gn327EVDzMM,From LSU to Southern! What Happened?,"Sep 7, 2025",290,0:00:00
2024-10-10,Gn327EVDzMM,From LSU to Southern! What Happened?,"Sep 7, 2025",290,0:00:00
2024-10-11,Gn327EVDzMM,From LSU to Southern! What Happened?,"Sep 7, 2025",290,0:00:00
2024-10-12,Gn327EVDzMM,From LSU to Southern! What Happened?,"Sep 7, 2025",290,0:00:00
2024-10-13,Gn327EVDzMM,From LSU to Southern! What Happened?,"Sep 7, 2025",290,0:00:00
2024-10-14,Gn327EVDzMM,From LSU to Southern! What Happened?,"Sep 7, 2025",290,0:00:00
2024-10-15,Gn327EVDzMM,From LSU to Southern! What Happened?,"Sep 7, 2025",290,0:00:00
2024-10-16,Gn327EVDzMM,From LSU to Southern! What Happened?,"Sep 7, 2025",290,0:00:00
2024-10-17,Gn327EVDzMM,From LSU to Southern! What Happened?,"Sep 7, 2025",290,0:00:00
2024-10-18,Gn327EVDzMM,From LSU to Southern! What Happened?,"Sep 7, 2025",290,0:00:00
2024-10-19,Gn327EVDzMM,From LSU to Southern! What Happened?,"Sep 7, 2025",290,0:00:00
2024-10-20,Gn327EVDzMM,From LSU to Southern! What Happened?,"Sep 7, 2025",290,0:00:00
2024-10-21,Gn327EVDzMM,From LSU to Southern! What Happened?,"Sep 7, 2025",290,0:00:00
2024-10-22,Gn327EVDzMM,From LSU to Southern! What Happened?,"Sep 7, 2025",290,0:00:00
2024-10-23,Gn327EVDzMM,From LSU to Southern! What Happened?,"Sep 7, 2025",290,0:00:00
2024-10-24,Gn327EVDzMM,From LSU to Southern! What Happened?,"Sep 7, 2025",290,0:00:00
2024-10-25,Gn327EVDzMM,From LSU to Southern! What Happened?,"Sep 7, 2025",290,0:00:00
2024-10-26,Gn327EVDzMM,From LSU to Southern! What Happened?,"Sep 7, 2025",290,0:00:00
2024-10-27,Gn327EVDzMM,From LSU to Southern! What Happened?,"Sep 7, 2025",290,0:00:00
2024-10-28,Gn327EVDzMM,From LSU to Southern! What Happened?,"Sep 7, 2025",290,0:00:00
2024-10-29,Gn327EVDzMM,From LSU to Southern! What Happened?,"Sep 7, 2025",290,0:00:00
2024-10-30,Gn327EVDzMM,From LSU to Southern! What Happened?,"Sep 7, 2025",290,0:00:00
2024-10-31,Gn327EVDzMM,From LSU to Southern! What Happened?,"Sep 7, 2025",290,0:00:00
2024-11-01,Gn327EVDzMM,From LSU to Southern! What Happened?,"Sep 7, 2025",290,0:00:00
2024-11-02,Gn327EVDzMM,From LSU to Southern! What Happened?,"Sep 7, 2025",290,0:00:00
2024-11-03,Gn327EVDzMM,From LSU to Southern! What Happened?,"Sep 7, 2025",290,0:00:00
2024-11-04,Gn327EVDzMM,From LSU to Southern! What Happened?,"Sep 7, 2025",290,0:00:00
2024-11-05,Gn327EVDzMM,From LSU to Southern! What Happened?,"Sep 7, 2025",290,0:00:00
2024-11-06,Gn327EVDzMM,From LSU to Southern! What Happened?,"Sep 7, 2025",290,0:00:00
2024-11-07,Gn327EVDzMM,From LSU to Southern! What Happened?,"Sep 7, 2025",290,0:00:00
2024-11-08,Gn327EVDzMM,From LSU to Southern! What Happened?,"Sep 7, 2025",290,0:00:00
2024-11-09,Gn327EVDzMM,From LSU to Southern! What Happened?,"Sep 7, 2025",290,0:00:00
2024-11-10,Gn327EVDzMM,From LSU to Southern! What Happened?,"Sep 7, 2025",290,0:00:00
2024-11-11,Gn327EVDzMM,From LSU to Southern! What Happened?,"Sep 7, 2025",290,0:00:00
2024-11-12,Gn327EVDzMM,From LSU to Southern! What Happened?,"Sep 7, 2025",290,0:00:00
2024-11-13,Gn327EVDzMM,From LSU to Southern! What Happened?,"Sep 7, 2025",290,0:00:00
2024-11-14,Gn327EVDzMM,From LSU to Southern! What Happened?,"Sep 7, 2025",290,0:00:00
2024-11-15,Gn327EVDzMM,From LSU to Southern! What Happened?,"Sep 7, 2025",290,0:00:00
2024-11-16,Gn327EVDzMM,From LSU to Southern! What Happened?,"Sep 7, 2025",290,0:00:00
2024-11-17,Gn327EVDzMM,From LSU to Southern! What Happened?,"Sep 7, 2025",290,0:00:00
2024-11-18,Gn327EVDzMM,From LSU to Southern! What Happened?,"Sep 7, 2025",290,0:00:00
2024-11-19,Gn327EVDzMM,From LSU to Southern! What Happened?,"Sep 7, 2025",290,0:00:00
2024-11-20,Gn327EVDzMM,From LSU to Southern! What Happened?,"Sep 7, 2025",290,0:00:00
2024-11-21,Gn327EVDzMM,From LSU to Southern! What Happened?,"Sep 7, 2025",290,0:00:00
2024-11-22,Gn327EVDzMM,From LSU to Southern! What Happened?,"Sep 7, 2025",290,0:00:00
2024-11-23,Gn327EVDzMM,From LSU to Southern! What Happened?,"Sep 7, 2025",290,0:00:00
2024-11-24,Gn327EVDzMM,From LSU to Southern! What Happened?,"Sep 7, 2025",290,0:00:00
2024-11-25,Gn327EVDzMM,From LSU to Southern! What Happened?,"Sep 7, 2025",290,0:00:00
2024-11-26,Gn327EVDzMM,From LSU to Southern! What Happened?,"Sep 7, 2025",290,0:00:00
2024-11-27,Gn327EVDzMM,From LSU to Southern! What Happened?,"Sep 7, 2025",290,0:00:00
2024-11-28,Gn327EVDzMM,From LSU to Southern! What Happened?,"Sep 7, 2025",290,0:00:00
2024-11-29,Gn327EVDzMM,From LSU to Southern! What Happened?,"Sep 7, 2025",290,0:00:00
2024-11-30,Gn327EVDzMM,From LSU to Southern! What Happened?,"Sep 7, 2025",290,0:00:00
2024-12-01,Gn327EVDzMM,From LSU to Southern! What Happened?,"Sep 7, 2025",290,0:00:00
2024-12-02,Gn327EVDzMM,From LSU to Southern! What Happened?,"Sep 7, 2025",290,0:00:00
2024-12-03,Gn327EVDzMM,From LSU to Southern! What Happened?,"Sep 7, 2025",290,0:00:00
2024-12-04,Gn327EVDzMM,From LSU to Southern! What Happened?,"Sep 7, 2025",290,0:00:00
2024-12-05,Gn327EVDzMM,From LSU to Southern! What Happened?,"Sep 7, 2025",290,0:00:00
2024-12-06,Gn327EVDzMM,From LSU to Southern! What Happened?,"Sep 7, 2025",290,0:00:00
2024-12-07,Gn327EVDzMM,From LSU to Southern! What Happened?,"Sep 7, 2025",290,0:00:00
2024-12-08,Gn327EVDzMM,From LSU to Southern! What Happened?,"Sep 7, 2025",290,0:00:00
2024-12-09,Gn327EVDzMM,From LSU to Southern! What Happened?,"Sep 7, 2025",290,0:00:00
2024-12-10,Gn327EVDzMM,From LSU to Southern! What Happened?,"Sep 7, 2025",290,0:00:00
2024-12-11,Gn327EVDzMM,From LSU to Southern! What Happened?,"Sep 7, 2025",290,0:00:00
2024-12-12,Gn327EVDzMM,From LSU to Southern! What Happened?,"Sep 7, 2025",290,0:00:00
2024-12-13,Gn327EVDzMM,From LSU to Southern! What Happened?,"Sep 7, 2025",290,0:00:00
2024-12-14,Gn327EVDzMM,From LSU to Southern! What Happened?,"Sep 7, 2025",290,0:00:00
2024-12-15,Gn327EVDzMM,From LSU to Southern! What Happened?,"Sep 7, 2025",290,0:00:00
2024-12-16,Gn327EVDzMM,From LSU to Southern! What Happened?,"Sep 7, 2025",290,0:00:00
2024-12-17,Gn327EVDzMM,From LSU to Southern! What Happened?,"Sep 7, 2025",290,0:00:00
2024-12-18,Gn327EVDzMM,From LSU to Southern! What Happened?,"Sep 7, 2025",290,0:00:00
2024-12-19,Gn327EVDzMM,From LSU to Southern! What Happened?,"Sep 7, 2025",290,0:00:00
2024-12-20,Gn327EVDzMM,From LSU to Southern! What Happened?,"Sep 7, 2025",290,0:00:00
2024-12-21,Gn327EVDzMM,From LSU to Southern! What Happened?,"Sep 7, 2025",290,0:00:00
2024-12-22,Gn327EVDzMM,From LSU to Southern! What Happened?,"Sep 7, 2025",290,0:00:00
2024-12-23,Gn327EVDzMM,From LSU to Southern! What Happened?,"Sep 7, 2025",290,0:00:00
2024-12-24,Gn327EVDzMM,From LSU to Southern! What Happened?,"Sep 7, 2025",290,0:00:00
2024-12-25,Gn327EVDzMM,From LSU to Southern! What Happened?,"Sep 7, 2025",290,0:00:00
2024-12-26,Gn327EVDzMM,From LSU to Southern! What Happened?,"Sep 7, 2025",290,0:00:00
2024-12-27,Gn327EVDzMM,From LSU to Southern! What Happened?,"Sep 7, 2025",290,0:00:00
2024-12-28,Gn327EVDzMM,From LSU to Southern! What Happened?,"Sep 7, 2025",290,0:00:00
2024-12-29,Gn327EVDzMM,From LSU to Southern! What Happened?,"Sep 7, 2025",290,0:00:00
2024-12-30,Gn327EVDzMM,From LSU to Southern! What Happened?,"Sep 7, 2025",290,0:00:00
2024-12-31,Gn327EVDzMM,From LSU to Southern! What Happened?,"Sep 7, 2025",290,0:00:00
2025-01-01,Gn327EVDzMM,From LSU to Southern! What Happened?,"Sep 7, 2025",290,0:00:00
2025-01-02,Gn327EVDzMM,From LSU to Southern! What Happened?,"Sep 7, 2025",290,0:00:00
2025-01-03,Gn327EVDzMM,From LSU to Southern! What Happened?,"Sep 7, 2025",290,0:00:00
2025-01-04,Gn327EVDzMM,From LSU to Southern! What Happened?,"Sep 7, 2025",290,0:00:00
2025-01-05,Gn327EVDzMM,From LSU to Southern! What Happened?,"Sep 7, 2025",290,0:00:00
2025-01-06,Gn327EVDzMM,From LSU to Southern! What Happened?,"Sep 7, 2025",290,0:00:00
2025-01-07,Gn327EVDzMM,From LSU to Southern! What Happened?,"Sep 7, 2025",290,0:00:00
2025-01-08,Gn327EVDzMM,From LSU to Southern! What Happened?,"Sep 7, 2025",290,0:00:00
2025-01-09,Gn327EVDzMM,From LSU to Southern! What Happened?,"Sep 7, 2025",290,0:00:00
2025-01-10,Gn327EVDzMM,From LSU to Southern! What Happened?,"Sep 7, 2025",290,0:00:00
2025-01-11,Gn327EVDzMM,From LSU to Southern! What Happened?,"Sep 7, 2025",290,0:00:00
2025-01-12,Gn327EVDzMM,From LSU to Southern! What Happened?,"Sep 7, 2025",290,0:00:00
2025-01-13,Gn327EVDzMM,From LSU to Southern! What Happened?,"Sep 7, 2025",290,0:00:00
2025-01-14,Gn327EVDzMM,From LSU to Southern! What Happened?,"Sep 7, 2025",290,0:00:00
2025-01-15,Gn327EVDzMM,From LSU to Southern! What Happened?,"Sep 7, 2025",290,0:00:00
2025-01-16,Gn327EVDzMM,From LSU to Southern! What Happened?,"Sep 7, 2025",290,0:00:00
2025-01-17,Gn327EVDzMM,From LSU to Southern! What Happened?,"Sep 7, 2025",290,0:00:00
2025-01-18,Gn327EVDzMM,From LSU to Southern! What Happened?,"Sep 7, 2025",290,0:00:00
2025-01-19,Gn327EVDzMM,From LSU to Southern! What Happened?,"Sep 7, 2025",290,0:00:00
2025-01-20,Gn327EVDzMM,From LSU to Southern! What Happened?,"Sep 7, 2025",290,0:00:00
2025-01-21,Gn327EVDzMM,From LSU to Southern! What Happened?,"Sep 7, 2025",290,0:00:00
2025-01-22,Gn327EVDzMM,From LSU to Southern! What Happened?,"Sep 7, 2025",290,0:00:00
2025-01-23,Gn327EVDzMM,From LSU to Southern! What Happened?,"Sep 7, 2025",290,0:00:00
2025-01-24,Gn327EVDzMM,From LSU to Southern! What Happened?,"Sep 7, 2025",290,0:00:00
2025-01-25,Gn327EVDzMM,From LSU to Southern! What Happened?,"Sep 7, 2025",290,0:00:00
2025-01-26,Gn327EVDzMM,From LSU to Southern! What Happened?,"Sep 7, 2025",290,0:00:00
2025-01-27,Gn327EVDzMM,From LSU to Southern! What Happened?,"Sep 7, 2025",290,0:00:00
2025-01-28,Gn327EVDzMM,From LSU to Southern! What Happened?,"Sep 7, 2025",290,0:00:00
2025-01-29,Gn327EVDzMM,From LSU to Southern! What Happened?,"Sep 7, 2025",290,0:00:00
2025-01-30,Gn327EVDzMM,From LSU to Southern! What Happened?,"Sep 7, 2025",290,0:00:00
2025-01-31,Gn327EVDzMM,From LSU to Southern! What Happened?,"Sep 7, 2025",290,0:00:00
2025-02-01,Gn327EVDzMM,From LSU to Southern! What Happened?,"Sep 7, 2025",290,0:00:00
2025-02-02,Gn327EVDzMM,From LSU to Southern! What Happened?,"Sep 7, 2025",290,0:00:00
2025-02-03,Gn327EVDzMM,From LSU to Southern! What Happened?,"Sep 7, 2025",290,0:00:00
2025-02-04,Gn327EVDzMM,From LSU to Southern! What Happened?,"Sep 7, 2025",290,0:00:00
2025-02-05,Gn327EVDzMM,From LSU to Southern! What Happened?,"Sep 7, 2025",290,0:00:00
2025-02-06,Gn327EVDzMM,From LSU to Southern! What Happened?,"Sep 7, 2025",290,0:00:00
2025-02-07,Gn327EVDzMM,From LSU to Southern! What Happened?,"Sep 7, 2025",290,0:00:00
2025-02-08,Gn327EVDzMM,From LSU to Southern! What Happened?,"Sep 7, 2025",290,0:00:00
2025-02-09,Gn327EVDzMM,From LSU to Southern! What Happened?,"Sep 7, 2025",290,0:00:00
2025-02-10,Gn327EVDzMM,From LSU to Southern! What Happened?,"Sep 7, 2025",290,0:00:00
2025-02-11,Gn327EVDzMM,From LSU to Southern! What Happened?,"Sep 7, 2025",290,0:00:00
2025-02-12,Gn327EVDzMM,From LSU to Southern! What Happened?,"Sep 7, 2025",290,0:00:00
2025-02-13,Gn327EVDzMM,From LSU to Southern! What Happened?,"Sep 7, 2025",290,0:00:00
2025-02-14,Gn327EVDzMM,From LSU to Southern! What Happened?,"Sep 7, 2025",290,0:00:00
2025-02-15,Gn327EVDzMM,From LSU to Southern! What Happened?,"Sep 7, 2025",290,0:00:00
2025-02-16,Gn327EVDzMM,From LSU to Southern! What Happened?,"Sep 7, 2025",290,0:00:00
2025-02-17,Gn327EVDzMM,From LSU to Southern! What Happened?,"Sep 7, 2025",290,0:00:00
2025-02-18,Gn327EVDzMM,From LSU to Southern! What Happened?,"Sep 7, 2025",290,0:00:00
2025-02-19,Gn327EVDzMM,From LSU to Southern! What Happened?,"Sep 7, 2025",290,0:00:00
2025-02-20,Gn327EVDzMM,From LSU to Southern! What Happened?,"Sep 7, 2025",290,0:00:00
2025-02-21,Gn327EVDzMM,From LSU to Southern! What Happened?,"Sep 7, 2025",290,0:00:00
2025-02-22,Gn327EVDzMM,From LSU to Southern! What Happened?,"Sep 7, 2025",290,0:00:00
2025-02-23,Gn327EVDzMM,From LSU to Southern! What Happened?,"Sep 7, 2025",290,0:00:00
2025-02-24,Gn327EVDzMM,From LSU to Southern! What Happened?,"Sep 7, 2025",290,0:00:00
2025-02-25,Gn327EVDzMM,From LSU to Southern! What Happened?,"Sep 7, 2025",290,0:00:00
2025-02-26,Gn327EVDzMM,From LSU to Southern! What Happened?,"Sep 7, 2025",290,0:00:00
2025-02-27,Gn327EVDzMM,From LSU to Southern! What Happened?,"Sep 7, 2025",290,0:00:00
2025-02-28,Gn327EVDzMM,From LSU to Southern! What Happened?,"Sep 7, 2025",290,0:00:00
2025-03-01,Gn327EVDzMM,From LSU to Southern! What Happened?,"Sep 7, 2025",290,0:00:00
2025-03-02,Gn327EVDzMM,From LSU to Southern! What Happened?,"Sep 7, 2025",290,0:00:00
2025-03-03,Gn327EVDzMM,From LSU to Southern! What Happened?,"Sep 7, 2025",290,0:00:00
2025-03-04,Gn327EVDzMM,From LSU to Southern! What Happened?,"Sep 7, 2025",290,0:00:00
2025-03-05,Gn327EVDzMM,From LSU to Southern! What Happened?,"Sep 7, 2025",290,0:00:00
2025-03-06,Gn327EVDzMM,From LSU to Southern! What Happened?,"Sep 7, 2025",290,0:00:00
2025-03-07,Gn327EVDzMM,From LSU to Southern! What Happened?,"Sep 7, 2025",290,0:00:00
2025-03-08,Gn327EVDzMM,From LSU to Southern! What Happened?,"Sep 7, 2025",290,0:00:00
2025-03-09,Gn327EVDzMM,From LSU to Southern! What Happened?,"Sep 7, 2025",290,0:00:00
2025-03-10,Gn327EVDzMM,From LSU to Southern! What Happened?,"Sep 7, 2025",290,0:00:00
2025-03-11,Gn327EVDzMM,From LSU to Southern! What Happened?,"Sep 7, 2025",290,0:00:00
2025-03-12,Gn327EVDzMM,From LSU to Southern! What Happened?,"Sep 7, 2025",290,0:00:00
2025-03-13,Gn327EVDzMM,From LSU to Southern! What Happened?,"Sep 7, 2025",290,0:00:00
2025-03-14,Gn327EVDzMM,From LSU to Southern! What Happened?,"Sep 7, 2025",290,0:00:00
2025-03-15,Gn327EVDzMM,From LSU to Southern! What Happened?,"Sep 7, 2025",290,0:00:00
2025-03-16,Gn327EVDzMM,From LSU to Southern! What Happened?,"Sep 7, 2025",290,0:00:00
2025-03-17,Gn327EVDzMM,From LSU to Southern! What Happened?,"Sep 7, 2025",290,0:00:00
2025-03-18,Gn327EVDzMM,From LSU to Southern! What Happened?,"Sep 7, 2025",290,0:00:00
2025-03-19,Gn327EVDzMM,From LSU to Southern! What Happened?,"Sep 7, 2025",290,0:00:00
2025-03-20,Gn327EVDzMM,From LSU to Southern! What Happened?,"Sep 7, 2025",290,0:00:00
2025-03-21,Gn327EVDzMM,From LSU to Southern! What Happened?,"Sep 7, 2025",290,0:00:00
2025-03-22,Gn327EVDzMM,From LSU to Southern! What Happened?,"Sep 7, 2025",290,0:00:00
2025-03-23,Gn327EVDzMM,From LSU to Southern! What Happened?,"Sep 7, 2025",290,0:00:00
2025-03-24,Gn327EVDzMM,From LSU to Southern! What Happened?,"Sep 7, 2025",290,0:00:00
2025-03-25,Gn327EVDzMM,From LSU to Southern! What Happened?,"Sep 7, 2025",290,0:00:00
2025-03-26,Gn327EVDzMM,From LSU to Southern! What Happened?,"Sep 7, 2025",290,0:00:00
2025-03-27,Gn327EVDzMM,From LSU to Southern! What Happened?,"Sep 7, 2025",290,0:00:00
2025-03-28,Gn327EVDzMM,From LSU to Southern! What Happened?,"Sep 7, 2025",290,0:00:00
2025-03-29,Gn327EVDzMM,From LSU to Southern! What Happened?,"Sep 7, 2025",290,0:00:00
2025-03-30,Gn327EVDzMM,From LSU to Southern! What Happened?,"Sep 7, 2025",290,0:00:00
2025-03-31,Gn327EVDzMM,From LSU to Southern! What Happened?,"Sep 7, 2025",290,0:00:00
2025-04-01,Gn327EVDzMM,From LSU to Southern! What Happened?,"Sep 7, 2025",290,0:00:00
2025-04-02,Gn327EVDzMM,From LSU to Southern! What Happened?,"Sep 7, 2025",290,0:00:00
2025-04-03,Gn327EVDzMM,From LSU to Southern! What Happened?,"Sep 7, 2025",290,0:00:00
2025-04-04,Gn327EVDzMM,From LSU to Southern! What Happened?,"Sep 7, 2025",290,0:00:00
2025-04-05,Gn327EVDzMM,From LSU to Southern! What Happened?,"Sep 7, 2025",290,0:00:00
2025-04-06,Gn327EVDzMM,From LSU to Southern! What Happened?,"Sep 7, 2025",290,0:00:00
2025-04-07,Gn327EVDzMM,From LSU to Southern! What Happened?,"Sep 7, 2025",290,0:00:00
2025-04-08,Gn327EVDzMM,From LSU to Southern! What Happened?,"Sep 7, 2025",290,0:00:00
2025-04-09,Gn327EVDzMM,From LSU to Southern! What Happened?,"Sep 7, 2025",290,0:00:00
2025-04-10,Gn327EVDzMM,From LSU to Southern! What Happened?,"Sep 7, 2025",290,0:00:00
2025-04-11,Gn327EVDzMM,From LSU to Southern! What Happened?,"Sep 7, 2025",290,0:00:00
2025-04-12,Gn327EVDzMM,From LSU to Southern! What Happened?,"Sep 7, 2025",290,0:00:00
2025-04-13,Gn327EVDzMM,From LSU to Southern! What Happened?,"Sep 7, 2025",290,0:00:00
2025-04-14,Gn327EVDzMM,From LSU to Southern! What Happened?,"Sep 7, 2025",290,0:00:00
2025-04-15,Gn327EVDzMM,From LSU to Southern! What Happened?,"Sep 7, 2025",290,0:00:00
2025-04-16,Gn327EVDzMM,From LSU to Southern! What Happened?,"Sep 7, 2025",290,0:00:00
2025-04-17,Gn327EVDzMM,From LSU to Southern! What Happened?,"Sep 7, 2025",290,0:00:00
2025-04-18,Gn327EVDzMM,From LSU to Southern! What Happened?,"Sep 7, 2025",290,0:00:00
2025-04-19,Gn327EVDzMM,From LSU to Southern! What Happened?,"Sep 7, 2025",290,0:00:00
2025-04-20,Gn327EVDzMM,From LSU to Southern! What Happened?,"Sep 7, 2025",290,0:00:00
2025-04-21,Gn327EVDzMM,From LSU to Southern! What Happened?,"Sep 7, 2025",290,0:00:00
2025-04-22,Gn327EVDzMM,From LSU to Southern! What Happened?,"Sep 7, 2025",290,0:00:00
2025-04-23,Gn327EVDzMM,From LSU to Southern! What Happened?,"Sep 7, 2025",290,0:00:00
2025-04-24,Gn327EVDzMM,From LSU to Southern! What Happened?,"Sep 7, 2025",290,0:00:00
2025-04-25,Gn327EVDzMM,From LSU to Southern! What Happened?,"Sep 7, 2025",290,0:00:00
2025-04-26,Gn327EVDzMM,From LSU to Southern! What Happened?,"Sep 7, 2025",290,0:00:00
2025-04-27,Gn327EVDzMM,From LSU to Southern! What Happened?,"Sep 7, 2025",290,0:00:00
2025-04-28,Gn327EVDzMM,From LSU to Southern! What Happened?,"Sep 7, 2025",290,0:00:00
2025-04-29,Gn327EVDzMM,From LSU to Southern! What Happened?,"Sep 7, 2025",290,0:00:00
2025-04-30,Gn327EVDzMM,From LSU to Southern! What Happened?,"Sep 7, 2025",290,0:00:00
2025-05-01,Gn327EVDzMM,From LSU to Southern! What Happened?,"Sep 7, 2025",290,0:00:00
2025-05-02,Gn327EVDzMM,From LSU to Southern! What Happened?,"Sep 7, 2025",290,0:00:00
2025-05-03,Gn327EVDzMM,From LSU to Southern! What Happened?,"Sep 7, 2025",290,0:00:00
2025-05-04,Gn327EVDzMM,From LSU to Southern! What Happened?,"Sep 7, 2025",290,0:00:00
2025-05-05,Gn327EVDzMM,From LSU to Southern! What Happened?,"Sep 7, 2025",290,0:00:00
2025-05-06,Gn327EVDzMM,From LSU to Southern! What Happened?,"Sep 7, 2025",290,0:00:00
2025-05-07,Gn327EVDzMM,From LSU to Southern! What Happened?,"Sep 7, 2025",290,0:00:00
2025-05-08,Gn327EVDzMM,From LSU to Southern! What Happened?,"Sep 7, 2025",290,0:00:00
2025-05-09,Gn327EVDzMM,From LSU to Southern! What Happened?,"Sep 7, 2025",290,0:00:00
2025-05-10,Gn327EVDzMM,From LSU to Southern! What Happened?,"Sep 7, 2025",290,0:00:00
2025-05-11,Gn327EVDzMM,From LSU to Southern! What Happened?,"Sep 7, 2025",290,0:00:00
2025-05-12,Gn327EVDzMM,From LSU to Southern! What Happened?,"Sep 7, 2025",290,0:00:00
2025-05-13,Gn327EVDzMM,From LSU to Southern! What Happened?,"Sep 7, 2025",290,0:00:00
2025-05-14,Gn327EVDzMM,From LSU to Southern! What Happened?,"Sep 7, 2025",290,0:00:00
2025-05-15,Gn327EVDzMM,From LSU to Southern! What Happened?,"Sep 7, 2025",290,0:00:00
2025-05-16,Gn327EVDzMM,From LSU to Southern! What Happened?,"Sep 7, 2025",290,0:00:00
2025-05-17,Gn327EVDzMM,From LSU to Southern! What Happened?,"Sep 7, 2025",290,0:00:00
2025-05-18,Gn327EVDzMM,From LSU to Southern! What Happened?,"Sep 7, 2025",290,0:00:00
2025-05-19,Gn327EVDzMM,From LSU to Southern! What Happened?,"Sep 7, 2025",290,0:00:00
2025-05-20,Gn327EVDzMM,From LSU to Southern! What Happened?,"Sep 7, 2025",290,0:00:00
2025-05-21,Gn327EVDzMM,From LSU to Southern! What Happened?,"Sep 7, 2025",290,0:00:00
2025-05-22,Gn327EVDzMM,From LSU to Southern! What Happened?,"Sep 7, 2025",290,0:00:00
2025-05-23,Gn327EVDzMM,From LSU to Southern! What Happened?,"Sep 7, 2025",290,0:00:00
2025-05-24,Gn327EVDzMM,From LSU to Southern! What Happened?,"Sep 7, 2025",290,0:00:00
2025-05-25,Gn327EVDzMM,From LSU to Southern! What Happened?,"Sep 7, 2025",290,0:00:00
2025-05-26,Gn327EVDzMM,From LSU to Southern! What Happened?,"Sep 7, 2025",290,0:00:00
2025-05-27,Gn327EVDzMM,From LSU to Southern! What Happened?,"Sep 7, 2025",290,0:00:00
2025-05-28,Gn327EVDzMM,From LSU to Southern! What Happened?,"Sep 7, 2025",290,0:00:00
2025-05-29,Gn327EVDzMM,From LSU to Southern! What Happened?,"Sep 7, 2025",290,0:00:00
2025-05-30,Gn327EVDzMM,From LSU to Southern! What Happened?,"Sep 7, 2025",290,0:00:00
2025-05-31,Gn327EVDzMM,From LSU to Southern! What Happened?,"Sep 7, 2025",290,0:00:00
2025-06-01,Gn327EVDzMM,From LSU to Southern! What Happened?,"Sep 7, 2025",290,0:00:00
2025-06-02,Gn327EVDzMM,From LSU to Southern! What Happened?,"Sep 7, 2025",290,0:00:00
2025-06-03,Gn327EVDzMM,From LSU to Southern! What Happened?,"Sep 7, 2025",290,0:00:00
2025-06-04,Gn327EVDzMM,From LSU to Southern! What Happened?,"Sep 7, 2025",290,0:00:00
2025-06-05,Gn327EVDzMM,From LSU to Southern! What Happened?,"Sep 7, 2025",290,0:00:00
2025-06-06,Gn327EVDzMM,From LSU to Southern! What Happened?,"Sep 7, 2025",290,0:00:00
2025-06-07,Gn327EVDzMM,From LSU to Southern! What Happened?,"Sep 7, 2025",290,0:00:00
2025-06-08,Gn327EVDzMM,From LSU to Southern! What Happened?,"Sep 7, 2025",290,0:00:00
2025-06-09,Gn327EVDzMM,From LSU to Southern! What Happened?,"Sep 7, 2025",290,0:00:00
2025-06-10,Gn327EVDzMM,From LSU to Southern! What Happened?,"Sep 7, 2025",290,0:00:00
2025-06-11,Gn327EVDzMM,From LSU to Southern! What Happened?,"Sep 7, 2025",290,0:00:00
2025-06-12,Gn327EVDzMM,From LSU to Southern! What Happened?,"Sep 7, 2025",290,0:00:00
2025-06-13,Gn327EVDzMM,From LSU to Southern! What Happened?,"Sep 7, 2025",290,0:00:00
2025-06-14,Gn327EVDzMM,From LSU to Southern! What Happened?,"Sep 7, 2025",290,0:00:00
2025-06-15,Gn327EVDzMM,From LSU to Southern! What Happened?,"Sep 7, 2025",290,0:00:00
2025-06-16,Gn327EVDzMM,From LSU to Southern! What Happened?,"Sep 7, 2025",290,0:00:00
2025-06-17,Gn327EVDzMM,From LSU to Southern! What Happened?,"Sep 7, 2025",290,0:00:00
2025-06-18,Gn327EVDzMM,From LSU to Southern! What Happened?,"Sep 7, 2025",290,0:00:00
2025-06-19,Gn327EVDzMM,From LSU to Southern! What Happened?,"Sep 7, 2025",290,0:00:00
2025-06-20,Gn327EVDzMM,From LSU to Southern! What Happened?,"Sep 7, 2025",290,0:00:00
2025-06-21,Gn327EVDzMM,From LSU to Southern! What Happened?,"Sep 7, 2025",290,0:00:00
2025-06-22,Gn327EVDzMM,From LSU to Southern! What Happened?,"Sep 7, 2025",290,0:00:00
2025-06-23,Gn327EVDzMM,From LSU to Southern! What Happened?,"Sep 7, 2025",290,0:00:00
2025-06-24,Gn327EVDzMM,From LSU to Southern! What Happened?,"Sep 7, 2025",290,0:00:00
2025-06-25,Gn327EVDzMM,From LSU to Southern! What Happened?,"Sep 7, 2025",290,0:00:00
2025-06-26,Gn327EVDzMM,From LSU to Southern! What Happened?,"Sep 7, 2025",290,0:00:00
2025-06-27,Gn327EVDzMM,From LSU to Southern! What Happened?,"Sep 7, 2025",290,0:00:00
2025-06-28,Gn327EVDzMM,From LSU to Southern! What Happened?,"Sep 7, 2025",290,0:00:00
2025-06-29,Gn327EVDzMM,From LSU to Southern! What Happened?,"Sep 7, 2025",290,0:00:00
2025-06-30,Gn327EVDzMM,From LSU to Southern! What Happened?,"Sep 7, 2025",290,0:00:00
2025-07-01,Gn327EVDzMM,From LSU to Southern! What Happened?,"Sep 7, 2025",290,0:00:00
2025-07-02,Gn327EVDzMM,From LSU to Southern! What Happened?,"Sep 7, 2025",290,0:00:00
2025-07-03,Gn327EVDzMM,From LSU to Southern! What Happened?,"Sep 7, 2025",290,0:00:00
2025-07-04,Gn327EVDzMM,From LSU to Southern! What Happened?,"Sep 7, 2025",290,0:00:00
2025-07-05,Gn327EVDzMM,From LSU to Southern! What Happened?,"Sep 7, 2025",290,0:00:00
2025-07-06,Gn327EVDzMM,From LSU to Southern! What Happened?,"Sep 7, 2025",290,0:00:00
2025-07-07,Gn327EVDzMM,From LSU to Southern! What Happened?,"Sep 7, 2025",290,0:00:00
2025-07-08,Gn327EVDzMM,From LSU to Southern! What Happened?,"Sep 7, 2025",290,0:00:00
2025-07-09,Gn327EVDzMM,From LSU to Southern! What Happened?,"Sep 7, 2025",290,0:00:00
2025-07-10,Gn327EVDzMM,From LSU to Southern! What Happened?,"Sep 7, 2025",290,0:00:00
2025-07-11,Gn327EVDzMM,From LSU to Southern! What Happened?,"Sep 7, 2025",290,0:00:00
2025-07-12,Gn327EVDzMM,From LSU to Southern! What Happened?,"Sep 7, 2025",290,0:00:00
2025-07-13,Gn327EVDzMM,From LSU to Southern! What Happened?,"Sep 7, 2025",290,0:00:00
2025-07-14,Gn327EVDzMM,From LSU to Southern! What Happened?,"Sep 7, 2025",290,0:00:00
2025-07-15,Gn327EVDzMM,From LSU to Southern! What Happened?,"Sep 7, 2025",290,0:00:00
2025-07-16,Gn327EVDzMM,From LSU to Southern! What Happened?,"Sep 7, 2025",290,0:00:00
2025-07-17,Gn327EVDzMM,From LSU to Southern! What Happened?,"Sep 7, 2025",290,0:00:00
2025-07-18,Gn327EVDzMM,From LSU to Southern! What Happened?,"Sep 7, 2025",290,0:00:00
2025-07-19,Gn327EVDzMM,From LSU to Southern! What Happened?,"Sep 7, 2025",290,0:00:00
2025-07-20,Gn327EVDzMM,From LSU to Southern! What Happened?,"Sep 7, 2025",290,0:00:00
2025-07-21,Gn327EVDzMM,From LSU to Southern! What Happened?,"Sep 7, 2025",290,0:00:00
2025-07-22,Gn327EVDzMM,From LSU to Southern! What Happened?,"Sep 7, 2025",290,0:00:00
2025-07-23,Gn327EVDzMM,From LSU to Southern! What Happened?,"Sep 7, 2025",290,0:00:00
2025-07-24,Gn327EVDzMM,From LSU to Southern! What Happened?,"Sep 7, 2025",290,0:00:00
2025-07-25,Gn327EVDzMM,From LSU to Southern! What Happened?,"Sep 7, 2025",290,0:00:00
2025-07-26,Gn327EVDzMM,From LSU to Southern! What Happened?,"Sep 7, 2025",290,0:00:00
2025-07-27,Gn327EVDzMM,From LSU to Southern! What Happened?,"Sep 7, 2025",290,0:00:00
2025-07-28,Gn327EVDzMM,From LSU to Southern! What Happened?,"Sep 7, 2025",290,0:00:00
2025-07-29,Gn327EVDzMM,From LSU to Southern! What Happened?,"Sep 7, 2025",290,0:00:00
2025-07-30,Gn327EVDzMM,From LSU to Southern! What Happened?,"Sep 7, 2025",290,0:00:00
2025-07-31,Gn327EVDzMM,From LSU to Southern! What Happened?,"Sep 7, 2025",290,0:00:00
2025-08-01,Gn327EVDzMM,From LSU to Southern! What Happened?,"Sep 7, 2025",290,0:00:00
2025-08-02,Gn327EVDzMM,From LSU to Southern! What Happened?,"Sep 7, 2025",290,0:00:00
2025-08-03,Gn327EVDzMM,From LSU to Southern! What Happened?,"Sep 7, 2025",290,0:00:00
2025-08-04,Gn327EVDzMM,From LSU to Southern! What Happened?,"Sep 7, 2025",290,0:00:00
2025-08-05,Gn327EVDzMM,From LSU to Southern! What Happened?,"Sep 7, 2025",290,0:00:00
2025-08-06,Gn327EVDzMM,From LSU to Southern! What Happened?,"Sep 7, 2025",290,0:00:00
2025-08-07,Gn327EVDzMM,From LSU to Southern! What Happened?,"Sep 7, 2025",290,0:00:00
2025-08-08,Gn327EVDzMM,From LSU to Southern! What Happened?,"Sep 7, 2025",290,0:00:00
2025-08-09,Gn327EVDzMM,From LSU to Southern! What Happened?,"Sep 7, 2025",290,0:00:00
2025-08-10,Gn327EVDzMM,From LSU to Southern! What Happened?,"Sep 7, 2025",290,0:00:00
2025-08-11,Gn327EVDzMM,From LSU to Southern! What Happened?,"Sep 7, 2025",290,0:00:00
2025-08-12,Gn327EVDzMM,From LSU to Southern! What Happened?,"Sep 7, 2025",290,0:00:00
2025-08-13,Gn327EVDzMM,From LSU to Southern! What Happened?,"Sep 7, 2025",290,0:00:00
2025-08-14,Gn327EVDzMM,From LSU to Southern! What Happened?,"Sep 7, 2025",290,0:00:00
2025-08-15,Gn327EVDzMM,From LSU to Southern! What Happened?,"Sep 7, 2025",290,0:00:00
2025-08-16,Gn327EVDzMM,From LSU to Southern! What Happened?,"Sep 7, 2025",290,0:00:00
2025-08-17,Gn327EVDzMM,From LSU to Southern! What Happened?,"Sep 7, 2025",290,0:00:00
2025-08-18,Gn327EVDzMM,From LSU to Southern! What Happened?,"Sep 7, 2025",290,0:00:00
2025-08-19,Gn327EVDzMM,From LSU to Southern! What Happened?,"Sep 7, 2025",290,0:00:00
2025-08-20,Gn327EVDzMM,From LSU to Southern! What Happened?,"Sep 7, 2025",290,0:00:00
2025-08-21,Gn327EVDzMM,From LSU to Southern! What Happened?,"Sep 7, 2025",290,0:00:00
2025-08-22,Gn327EVDzMM,From LSU to Southern! What Happened?,"Sep 7, 2025",290,0:00:00
2025-08-23,Gn327EVDzMM,From LSU to Southern! What Happened?,"Sep 7, 2025",290,0:00:00
2025-08-24,Gn327EVDzMM,From LSU to Southern! What Happened?,"Sep 7, 2025",290,0:00:00
2025-08-25,Gn327EVDzMM,From LSU to Southern! What Happened?,"Sep 7, 2025",290,0:00:00
2025-08-26,Gn327EVDzMM,From LSU to Southern! What Happened?,"Sep 7, 2025",290,0:00:00
2025-08-27,Gn327EVDzMM,From LSU to Southern! What Happened?,"Sep 7, 2025",290,0:00:00
2025-08-28,Gn327EVDzMM,From LSU to Southern! What Happened?,"Sep 7, 2025",290,0:00:00
2025-08-29,Gn327EVDzMM,From LSU to Southern! What Happened?,"Sep 7, 2025",290,0:00:00
2025-08-30,Gn327EVDzMM,From LSU to Southern! What Happened?,"Sep 7, 2025",290,0:00:00
2025-08-31,Gn327EVDzMM,From LSU to Southern! What Happened?,"Sep 7, 2025",290,0:00:00
2025-09-01,Gn327EVDzMM,From LSU to Southern! What Happened?,"Sep 7, 2025",290,0:00:00
2025-09-02,Gn327EVDzMM,From LSU to Southern! What Happened?,"Sep 7, 2025",290,0:00:00
2025-09-03,Gn327EVDzMM,From LSU to Southern! What Happened?,"Sep 7, 2025",290,0:00:00
2025-09-04,Gn327EVDzMM,From LSU to Southern! What Happened?,"Sep 7, 2025",290,0:00:00
2025-09-05,Gn327EVDzMM,From LSU to Southern! What Happened?,"Sep 7, 2025",290,0:00:00
2025-09-06,Gn327EVDzMM,From LSU to Southern! What Happened?,"Sep 7, 2025",290,0:00:00
2025-09-07,Gn327EVDzMM,From LSU to Southern! What Happened?,"Sep 7, 2025",290,0:02:42
2025-09-08,Gn327EVDzMM,From LSU to Southern! What Happened?,"Sep 7, 2025",290,0:01:56
2025-09-09,Gn327EVDzMM,From LSU to Southern! What Happened?,"Sep 7, 2025",290,0:01:48
2025-09-10,Gn327EVDzMM,From LSU to Southern! What Happened?,"Sep 7, 2025",290,0:02:00
2025-09-11,Gn327EVDzMM,From LSU to Southern! What Happened?,"Sep 7, 2025",290,0:02:00
2025-09-12,Gn327EVDzMM,From LSU to Southern! What Happened?,"Sep 7, 2025",290,0:01:47
2025-09-13,Gn327EVDzMM,From LSU to Southern! What Happened?,"Sep 7, 2025",290,0:01:49
2025-09-14,Gn327EVDzMM,From LSU to Southern! What Happened?,"Sep 7, 2025",290,0:01:48
2025-09-15,Gn327EVDzMM,From LSU to Southern! What Happened?,"Sep 7, 2025",290,0:01:44
2025-09-16,Gn327EVDzMM,From LSU to Southern! What Happened?,"Sep 7, 2025",290,0:01:37
2025-09-17,Gn327EVDzMM,From LSU to Southern! What Happened?,"Sep 7, 2025",290,0:01:38
2025-09-18,Gn327EVDzMM,From LSU to Southern! What Happened?,"Sep 7, 2025",290,0:01:49
2025-09-19,Gn327EVDzMM,From LSU to Southern! What Happened?,"Sep 7, 2025",290,0:01:44
2025-09-20,Gn327EVDzMM,From LSU to Southern! What Happened?,"Sep 7, 2025",290,0:01:47
2025-09-21,Gn327EVDzMM,From LSU to Southern! What Happened?,"Sep 7, 2025",290,0:01:45
2025-09-22,Gn327EVDzMM,From LSU to Southern! What Happened?,"Sep 7, 2025",290,0:01:46
2025-09-23,Gn327EVDzMM,From LSU to Southern! What Happened?,"Sep 7, 2025",290,0:01:53
2025-09-24,Gn327EVDzMM,From LSU to Southern! What Happened?,"Sep 7, 2025",290,0:01:46
2025-09-25,Gn327EVDzMM,From LSU to Southern! What Happened?,"Sep 7, 2025",290,0:01:43
2025-09-26,Gn327EVDzMM,From LSU to Southern! What Happened?,"Sep 7, 2025",290,0:01:31
2025-09-27,Gn327EVDzMM,From LSU to Southern! What Happened?,"Sep 7, 2025",290,0:01:33
2025-09-28,Gn327EVDzMM,From LSU to Southern! What Happened?,"Sep 7, 2025",290,0:01:30
2025-09-29,Gn327EVDzMM,From LSU to Southern! What Happened?,"Sep 7, 2025",290,0:01:15
2025-09-30,Gn327EVDzMM,From LSU to Southern! What Happened?,"Sep 7, 2025",290,0:01:41
2025-10-01,Gn327EVDzMM,From LSU to Southern! What Happened?,"Sep 7, 2025",290,0:01:52
2025-10-02,Gn327EVDzMM,From LSU to Southern! What Happened?,"Sep 7, 2025",290,0:01:53
2025-10-03,Gn327EVDzMM,From LSU to Southern! What Happened?,"Sep 7, 2025",290,0:01:29
2025-10-04,Gn327EVDzMM,From LSU to Southern! What Happened?,"Sep 7, 2025",290,0:01:34
2025-10-05,Gn327EVDzMM,From LSU to Southern! What Happened?,"Sep 7, 2025",290,0:02:04
2025-10-06,Gn327EVDzMM,From LSU to Southern! What Happened?,"Sep 7, 2025",290,0:01:09
2025-10-07,Gn327EVDzMM,From LSU to Southern! What Happened?,"Sep 7, 2025",290,0:01:36
2025-10-08,Gn327EVDzMM,From LSU to Southern! What Happened?,"Sep 7, 2025",290,0:02:11
2025-10-09,Gn327EVDzMM,From LSU to Southern! What Happened?,"Sep 7, 2025",290,0:00:24
2025-10-10,Gn327EVDzMM,From LSU to Southern! What Happened?,"Sep 7, 2025",290,0:01:30
2025-10-11,Gn327EVDzMM,From LSU to Southern! What Happened?,"Sep 7, 2025",290,0:01:27
2025-10-12,Gn327EVDzMM,From LSU to Southern! What Happened?,"Sep 7, 2025",290,0:01:41
2025-10-13,Gn327EVDzMM,From LSU to Southern! What Happened?,"Sep 7, 2025",290,0:01:22
2025-10-14,Gn327EVDzMM,From LSU to Southern! What Happened?,"Sep 7, 2025",290,0:01:46
2025-10-15,Gn327EVDzMM,From LSU to Southern! What Happened?,"Sep 7, 2025",290,0:01:47
2025-10-16,Gn327EVDzMM,From LSU to Southern! What Happened?,"Sep 7, 2025",290,0:01:18
2025-10-17,Gn327EVDzMM,From LSU to Southern! What Happened?,"Sep 7, 2025",290,0:01:43
2025-10-18,Gn327EVDzMM,From LSU to Southern! What Happened?,"Sep 7, 2025",290,0:01:57
2025-10-19,Gn327EVDzMM,From LSU to Southern! What Happened?,"Sep 7, 2025",290,0:01:04
2025-10-20,Gn327EVDzMM,From LSU to Southern! What Happened?,"Sep 7, 2025",290,0:01:35
2025-10-21,Gn327EVDzMM,From LSU to Southern! What Happened?,"Sep 7, 2025",290,0:02:30
2025-10-22,Gn327EVDzMM,From LSU to Southern! What Happened?,"Sep 7, 2025",290,0:01:12
2025-10-23,Gn327EVDzMM,From LSU to Southern! What Happened?,"Sep 7, 2025",290,0:04:11
2025-10-24,Gn327EVDzMM,From LSU to Southern! What Happened?,"Sep 7, 2025",290,0:02:17
2025-10-25,Gn327EVDzMM,From LSU to Southern! What Happened?,"Sep 7, 2025",290,0:02:29
2025-10-26,Gn327EVDzMM,From LSU to Southern! What Happened?,"Sep 7, 2025",290,0:02:26
2025-10-27,Gn327EVDzMM,From LSU to Southern! What Happened?,"Sep 7, 2025",290,0:03:57
2025-10-28,Gn327EVDzMM,From LSU to Southern! What Happened?,"Sep 7, 2025",290,0:01:43
2025-10-29,Gn327EVDzMM,From LSU to Southern! What Happened?,"Sep 7, 2025",290,0:01:31
2025-10-30,Gn327EVDzMM,From LSU to Southern! What Happened?,"Sep 7, 2025",290,0:02:38
2025-10-31,Gn327EVDzMM,From LSU to Southern! What Happened?,"Sep 7, 2025",290,0:04:30
2025-11-01,Gn327EVDzMM,From LSU to Southern! What Happened?,"Sep 7, 2025",290,0:00:06
2025-11-02,Gn327EVDzMM,From LSU to Southern! What Happened?,"Sep 7, 2025",290,0:02:01
2025-11-03,Gn327EVDzMM,From LSU to Southern! What Happened?,"Sep 7, 2025",290,0:00:57
2025-11-04,Gn327EVDzMM,From LSU to Southern! What Happened?,"Sep 7, 2025",290,0:01:50
2025-11-05,Gn327EVDzMM,From LSU to Southern! What Happened?,"Sep 7, 2025",290,0:02:06
2025-11-06,Gn327EVDzMM,From LSU to Southern! What Happened?,"Sep 7, 2025",290,0:01:46
2025-11-07,Gn327EVDzMM,From LSU to Southern! What Happened?,"Sep 7, 2025",290,0:01:59
2025-11-08,Gn327EVDzMM,From LSU to Southern! What Happened?,"Sep 7, 2025",290,0:00:29
2025-11-09,Gn327EVDzMM,From LSU to Southern! What Happened?,"Sep 7, 2025",290,0:00:55
2025-11-10,Gn327EVDzMM,From LSU to Southern! What Happened?,"Sep 7, 2025",290,0:01:40
2025-11-11,Gn327EVDzMM,From LSU to Southern! What Happened?,"Sep 7, 2025",290,0:00:00
2025-11-12,Gn327EVDzMM,From LSU to Southern! What Happened?,"Sep 7, 2025",290,0:01:54
2025-11-13,Gn327EVDzMM,From LSU to Southern! What Happened?,"Sep 7, 2025",290,0:00:54
2025-11-14,Gn327EVDzMM,From LSU to Southern! What Happened?,"Sep 7, 2025",290,0:01:29
2025-11-15,Gn327EVDzMM,From LSU to Southern! What Happened?,"Sep 7, 2025",290,0:00:44
2025-11-16,Gn327EVDzMM,From LSU to Southern! What Happened?,"Sep 7, 2025",290,0:01:42
2025-11-17,Gn327EVDzMM,From LSU to Southern! What Happened?,"Sep 7, 2025",290,0:00:00
2025-11-18,Gn327EVDzMM,From LSU to Southern! What Happened?,"Sep 7, 2025",290,0:00:22
2025-11-19,Gn327EVDzMM,From LSU to Southern! What Happened?,"Sep 7, 2025",290,0:02:23
2025-11-20,Gn327EVDzMM,From LSU to Southern! What Happened?,"Sep 7, 2025",290,0:00:20
2025-11-21,Gn327EVDzMM,From LSU to Southern! What Happened?,"Sep 7, 2025",290,0:00:00
2025-11-22,Gn327EVDzMM,From LSU to Southern! What Happened?,"Sep 7, 2025",290,
2025-11-23,Gn327EVDzMM,From LSU to Southern! What Happened?,"Sep 7, 2025",290,0:04:49
2025-11-24,Gn327EVDzMM,From LSU to Southern! What Happened?,"Sep 7, 2025",290,0:00:00
2025-11-25,Gn327EVDzMM,From LSU to Southern! What Happened?,"Sep 7, 2025",290,0:00:00
2025-11-26,Gn327EVDzMM,From LSU to Southern! What Happened?,"Sep 7, 2025",290,0:00:00
2025-11-27,Gn327EVDzMM,From LSU to Southern! What Happened?,"Sep 7, 2025",290,0:00:00
2025-11-28,Gn327EVDzMM,From LSU to Southern! What Happened?,"Sep 7, 2025",290,0:00:00
2025-11-29,Gn327EVDzMM,From LSU to Southern! What Happened?,"Sep 7, 2025",290,0:00:00
2025-11-30,Gn327EVDzMM,From LSU to Southern! What Happened?,"Sep 7, 2025",290,0:04:45
2025-12-01,Gn327EVDzMM,From LSU to Southern! What Happened?,"Sep 7, 2025",290,0:00:00
2025-12-02,Gn327EVDzMM,From LSU to Southern! What Happened?,"Sep 7, 2025",290,0:00:16
2025-12-03,Gn327EVDzMM,From LSU to Southern! What Happened?,"Sep 7, 2025",290,0:00:00
2025-12-04,Gn327EVDzMM,From LSU to Southern! What Happened?,"Sep 7, 2025",290,0:00:20
2025-12-05,Gn327EVDzMM,From LSU to Southern! What Happened?,"Sep 7, 2025",290,0:00:00
2025-12-06,Gn327EVDzMM,From LSU to Southern! What Happened?,"Sep 7, 2025",290,0:00:00
2025-12-07,Gn327EVDzMM,From LSU to Southern! What Happened?,"Sep 7, 2025",290,0:00:00
2025-12-08,Gn327EVDzMM,From LSU to Southern! What Happened?,"Sep 7, 2025",290,0:00:00
2025-12-09,Gn327EVDzMM,From LSU to Southern! What Happened?,"Sep 7, 2025",290,0:00:00
2025-12-10,Gn327EVDzMM,From LSU to Southern! What Happened?,"Sep 7, 2025",290,0:00:00
2025-12-11,Gn327EVDzMM,From LSU to Southern! What Happened?,"Sep 7, 2025",290,0:00:00
2025-12-12,Gn327EVDzMM,From LSU to Southern! What Happened?,"Sep 7, 2025",290,0:00:00
2025-12-13,Gn327EVDzMM,From LSU to Southern! What Happened?,"Sep 7, 2025",290,0:00:00
2025-12-14,Gn327EVDzMM,From LSU to Southern! What Happened?,"Sep 7, 2025",290,0:00:00
2025-12-15,Gn327EVDzMM,From LSU to Southern! What Happened?,"Sep 7, 2025",290,0:00:00
2025-12-16,Gn327EVDzMM,From LSU to Southern! What Happened?,"Sep 7, 2025",290,0:00:00
2025-12-17,Gn327EVDzMM,From LSU to Southern! What Happened?,"Sep 7, 2025",290,0:05:27
2025-12-18,Gn327EVDzMM,From LSU to Southern! What Happened?,"Sep 7, 2025",290,0:00:00
2025-12-19,Gn327EVDzMM,From LSU to Southern! What Happened?,"Sep 7, 2025",290,0:00:00
2025-12-20,Gn327EVDzMM,From LSU to Southern! What Happened?,"Sep 7, 2025",290,0:00:00
2025-12-21,Gn327EVDzMM,From LSU to Southern! What Happened?,"Sep 7, 2025",290,0:00:00
2025-12-22,Gn327EVDzMM,From LSU to Southern! What Happened?,"Sep 7, 2025",290,0:04:49
2025-12-23,Gn327EVDzMM,From LSU to Southern! What Happened?,"Sep 7, 2025",290,0:00:00
2025-12-24,Gn327EVDzMM,From LSU to Southern! What Happened?,"Sep 7, 2025",290,0:00:00
2025-12-25,Gn327EVDzMM,From LSU to Southern! What Happened?,"Sep 7, 2025",290,0:00:06
2025-12-26,Gn327EVDzMM,From LSU to Southern! What Happened?,"Sep 7, 2025",290,0:00:00
2025-12-27,Gn327EVDzMM,From LSU to Southern! What Happened?,"Sep 7, 2025",290,0:02:36
2025-12-28,Gn327EVDzMM,From LSU to Southern! What Happened?,"Sep 7, 2025",290,0:00:00
2025-12-29,Gn327EVDzMM,From LSU to Southern! What Happened?,"Sep 7, 2025",290,0:00:00
2025-12-30,Gn327EVDzMM,From LSU to Southern! What Happened?,"Sep 7, 2025",290,0:00:56
2025-12-31,Gn327EVDzMM,From LSU to Southern! What Happened?,"Sep 7, 2025",290,0:00:00
2026-01-01,Gn327EVDzMM,From LSU to Southern! What Happened?,"Sep 7, 2025",290,0:00:20
2026-01-02,Gn327EVDzMM,From LSU to Southern! What Happened?,"Sep 7, 2025",290,0:00:00
2026-01-03,Gn327EVDzMM,From LSU to Southern! What Happened?,"Sep 7, 2025",290,0:00:00
2026-01-04,Gn327EVDzMM,From LSU to Southern! What Happened?,"Sep 7, 2025",290,0:00:00
2026-01-05,Gn327EVDzMM,From LSU to Southern! What Happened?,"Sep 7, 2025",290,0:00:00
2026-01-06,Gn327EVDzMM,From LSU to Southern! What Happened?,"Sep 7, 2025",290,0:04:41
2026-01-07,Gn327EVDzMM,From LSU to Southern! What Happened?,"Sep 7, 2025",290,0:04:33
2026-01-08,Gn327EVDzMM,From LSU to Southern! What Happened?,"Sep 7, 2025",290,0:00:00
2026-01-09,Gn327EVDzMM,From LSU to Southern! What Happened?,"Sep 7, 2025",290,0:00:00
2026-01-10,Gn327EVDzMM,From LSU to Southern! What Happened?,"Sep 7, 2025",290,
2026-01-11,Gn327EVDzMM,From LSU to Southern! What Happened?,"Sep 7, 2025",290,0:00:00
2026-01-12,Gn327EVDzMM,From LSU to Southern! What Happened?,"Sep 7, 2025",290,0:00:00
2026-01-13,Gn327EVDzMM,From LSU to Southern! What Happened?,"Sep 7, 2025",290,0:00:00
2026-01-14,Gn327EVDzMM,From LSU to Southern! What Happened?,"Sep 7, 2025",290,0:00:00
2026-01-15,Gn327EVDzMM,From LSU to Southern! What Happened?,"Sep 7, 2025",290,0:00:00
2026-01-16,Gn327EVDzMM,From LSU to Southern! What Happened?,"Sep 7, 2025",290,0:04:49
2026-01-17,Gn327EVDzMM,From LSU to Southern! What Happened?,"Sep 7, 2025",290,0:00:05
2026-01-18,Gn327EVDzMM,From LSU to Southern! What Happened?,"Sep 7, 2025",290,0:00:00
2026-01-19,Gn327EVDzMM,From LSU to Southern! What Happened?,"Sep 7, 2025",290,0:00:00
2026-01-20,Gn327EVDzMM,From LSU to Southern! What Happened?,"Sep 7, 2025",290,0:00:00
2026-01-21,Gn327EVDzMM,From LSU to Southern! What Happened?,"Sep 7, 2025",290,0:00:00
2026-01-22,Gn327EVDzMM,From LSU to Southern! What Happened?,"Sep 7, 2025",290,0:00:00
2026-01-23,Gn327EVDzMM,From LSU to Southern! What Happened?,"Sep 7, 2025",290,0:00:59
2026-01-24,Gn327EVDzMM,From LSU to Southern! What Happened?,"Sep 7, 2025",290,0:00:00
2026-01-25,Gn327EVDzMM,From LSU to Southern! What Happened?,"Sep 7, 2025",290,0:00:00
2026-01-26,Gn327EVDzMM,From LSU to Southern! What Happened?,"Sep 7, 2025",290,0:00:39
2026-01-27,Gn327EVDzMM,From LSU to Southern! What Happened?,"Sep 7, 2025",290,0:00:00
2026-01-28,Gn327EVDzMM,From LSU to Southern! What Happened?,"Sep 7, 2025",290,0:00:00
2026-01-29,Gn327EVDzMM,From LSU to Southern! What Happened?,"Sep 7, 2025",290,0:01:39
2026-01-30,Gn327EVDzMM,From LSU to Southern! What Happened?,"Sep 7, 2025",290,0:00:00
2026-01-31,Gn327EVDzMM,From LSU to Southern! What Happened?,"Sep 7, 2025",290,0:00:00
2026-02-01,Gn327EVDzMM,From LSU to Southern! What Happened?,"Sep 7, 2025",290,0:04:49
2026-02-02,Gn327EVDzMM,From LSU to Southern! What Happened?,"Sep 7, 2025",290,0:00:00
2026-02-03,Gn327EVDzMM,From LSU to Southern! What Happened?,"Sep 7, 2025",290,0:00:00
2026-02-04,Gn327EVDzMM,From LSU to Southern! What Happened?,"Sep 7, 2025",290,0:00:00
2026-02-05,Gn327EVDzMM,From LSU to Southern! What Happened?,"Sep 7, 2025",290,0:00:00
2026-02-06,Gn327EVDzMM,From LSU to Southern! What Happened?,"Sep 7, 2025",290,0:00:00
2026-02-07,Gn327EVDzMM,From LSU to Southern! What Happened?,"Sep 7, 2025",290,0:00:00
2026-02-08,Gn327EVDzMM,From LSU to Southern! What Happened?,"Sep 7, 2025",290,0:00:00
2026-02-09,Gn327EVDzMM,From LSU to Southern! What Happened?,"Sep 7, 2025",290,0:00:00
2026-02-10,Gn327EVDzMM,From LSU to Southern! What Happened?,"Sep 7, 2025",290,0:00:00
2026-02-11,Gn327EVDzMM,From LSU to Southern! What Happened?,"Sep 7, 2025",290,0:00:00
2026-02-12,Gn327EVDzMM,From LSU to Southern! What Happened?,"Sep 7, 2025",290,0:00:00
2026-02-13,Gn327EVDzMM,From LSU to Southern! What Happened?,"Sep 7, 2025",290,0:00:00
2026-02-14,Gn327EVDzMM,From LSU to Southern! What Happened?,"Sep 7, 2025",290,0:00:00
2026-02-15,Gn327EVDzMM,From LSU to Southern! What Happened?,"Sep 7, 2025",290,0:00:00
2026-02-16,Gn327EVDzMM,From LSU to Southern! What Happened?,"Sep 7, 2025",290,0:00:00
2026-02-17,Gn327EVDzMM,From LSU to Southern! What Happened?,"Sep 7, 2025",290,0:00:00
2026-02-18,Gn327EVDzMM,From LSU to Southern! What Happened?,"Sep 7, 2025",290,0:00:00
2026-02-19,Gn327EVDzMM,From LSU to Southern! What Happened?,"Sep 7, 2025",290,0:00:00
2026-02-20,Gn327EVDzMM,From LSU to Southern! What Happened?,"Sep 7, 2025",290,0:00:00
2026-02-21,Gn327EVDzMM,From LSU to Southern! What Happened?,"Sep 7, 2025",290,0:04:29
2026-02-22,Gn327EVDzMM,From LSU to Southern! What Happened?,"Sep 7, 2025",290,0:00:00
2026-02-23,Gn327EVDzMM,From LSU to Southern! What Happened?,"Sep 7, 2025",290,0:00:00
2026-02-24,Gn327EVDzMM,From LSU to Southern! What Happened?,"Sep 7, 2025",290,0:00:00
2026-02-25,Gn327EVDzMM,From LSU to Southern! What Happened?,"Sep 7, 2025",290,0:00:00
2026-02-26,Gn327EVDzMM,From LSU to Southern! What Happened?,"Sep 7, 2025",290,0:00:00
2026-02-27,Gn327EVDzMM,From LSU to Southern! What Happened?,"Sep 7, 2025",290,0:00:39
2026-02-28,Gn327EVDzMM,From LSU to Southern! What Happened?,"Sep 7, 2025",290,0:03:03
2026-03-01,Gn327EVDzMM,From LSU to Southern! What Happened?,"Sep 7, 2025",290,0:04:49
2026-03-02,Gn327EVDzMM,From LSU to Southern! What Happened?,"Sep 7, 2025",290,0:00:00
2026-03-03,Gn327EVDzMM,From LSU to Southern! What Happened?,"Sep 7, 2025",290,0:00:00
2026-03-04,Gn327EVDzMM,From LSU to Southern! What Happened?,"Sep 7, 2025",290,0:00:11
2026-03-05,Gn327EVDzMM,From LSU to Southern! What Happened?,"Sep 7, 2025",290,0:04:26
2026-03-06,Gn327EVDzMM,From LSU to Southern! What Happened?,"Sep 7, 2025",290,0:00:00
2026-03-07,Gn327EVDzMM,From LSU to Southern! What Happened?,"Sep 7, 2025",290,0:00:00
2026-03-08,Gn327EVDzMM,From LSU to Southern! What Happened?,"Sep 7, 2025",290,0:00:00
2026-03-09,Gn327EVDzMM,From LSU to Southern! What Happened?,"Sep 7, 2025",290,0:00:00
2026-03-10,Gn327EVDzMM,From LSU to Southern! What Happened?,"Sep 7, 2025",290,0:00:00
2026-03-11,Gn327EVDzMM,From LSU to Southern! What Happened?,"Sep 7, 2025",290,0:00:00
2026-03-12,Gn327EVDzMM,From LSU to Southern! What Happened?,"Sep 7, 2025",290,0:00:00
2026-03-13,Gn327EVDzMM,From LSU to Southern! What Happened?,"Sep 7, 2025",290,0:04:49
2026-03-14,Gn327EVDzMM,From LSU to Southern! What Happened?,"Sep 7, 2025",290,
2026-03-15,Gn327EVDzMM,From LSU to Southern! What Happened?,"Sep 7, 2025",290,0:00:00
2026-03-16,Gn327EVDzMM,From LSU to Southern! What Happened?,"Sep 7, 2025",290,0:00:00
2026-03-17,Gn327EVDzMM,From LSU to Southern! What Happened?,"Sep 7, 2025",290,0:00:00
2026-03-18,Gn327EVDzMM,From LSU to Southern! What Happened?,"Sep 7, 2025",290,0:00:00
2026-03-19,Gn327EVDzMM,From LSU to Southern! What Happened?,"Sep 7, 2025",290,0:00:00
2026-03-20,Gn327EVDzMM,From LSU to Southern! What Happened?,"Sep 7, 2025",290,0:00:00
2026-03-21,Gn327EVDzMM,From LSU to Southern! What Happened?,"Sep 7, 2025",290,0:00:00
2026-03-22,Gn327EVDzMM,From LSU to Southern! What Happened?,"Sep 7, 2025",290,0:00:00
2026-03-23,Gn327EVDzMM,From LSU to Southern! What Happened?,"Sep 7, 2025",290,0:04:31
2026-03-24,Gn327EVDzMM,From LSU to Southern! What Happened?,"Sep 7, 2025",290,0:00:00
2026-03-25,Gn327EVDzMM,From LSU to Southern! What Happened?,"Sep 7, 2025",290,0:00:00
2026-03-26,Gn327EVDzMM,From LSU to Southern! What Happened?,"Sep 7, 2025",290,0:03:34
2026-03-27,Gn327EVDzMM,From LSU to Southern! What Happened?,"Sep 7, 2025",290,0:00:42
2026-03-28,Gn327EVDzMM,From LSU to Southern! What Happened?,"Sep 7, 2025",290,0:00:00
2026-03-29,Gn327EVDzMM,From LSU to Southern! What Happened?,"Sep 7, 2025",290,0:00:00
2026-03-30,Gn327EVDzMM,From LSU to Southern! What Happened?,"Sep 7, 2025",290,0:00:00
2026-03-31,Gn327EVDzMM,From LSU to Southern! What Happened?,"Sep 7, 2025",290,0:00:00
2026-04-01,Gn327EVDzMM,From LSU to Southern! What Happened?,"Sep 7, 2025",290,0:02:39
2026-04-02,Gn327EVDzMM,From LSU to Southern! What Happened?,"Sep 7, 2025",290,0:04:49
2026-04-03,Gn327EVDzMM,From LSU to Southern! What Happened?,"Sep 7, 2025",290,0:00:00
2026-04-04,Gn327EVDzMM,From LSU to Southern! What Happened?,"Sep 7, 2025",290,0:00:00
2026-04-05,Gn327EVDzMM,From LSU to Southern! What Happened?,"Sep 7, 2025",290,0:00:00
2026-04-06,Gn327EVDzMM,From LSU to Southern! What Happened?,"Sep 7, 2025",290,0:00:00
2026-04-07,Gn327EVDzMM,From LSU to Southern! What Happened?,"Sep 7, 2025",290,0:00:00
2026-04-08,Gn327EVDzMM,From LSU to Southern! What Happened?,"Sep 7, 2025",290,0:00:00
2026-04-09,Gn327EVDzMM,From LSU to Southern! What Happened?,"Sep 7, 2025",290,0:02:31
2026-04-10,Gn327EVDzMM,From LSU to Southern! What Happened?,"Sep 7, 2025",290,0:00:00
2026-04-11,Gn327EVDzMM,From LSU to Southern! What Happened?,"Sep 7, 2025",290,0:00:00
2026-04-12,Gn327EVDzMM,From LSU to Southern! What Happened?,"Sep 7, 2025",290,0:00:00
2026-04-13,Gn327EVDzMM,From LSU to Southern! What Happened?,"Sep 7, 2025",290,0:00:00
2026-04-14,Gn327EVDzMM,From LSU to Southern! What Happened?,"Sep 7, 2025",290,0:00:00
2026-04-15,Gn327EVDzMM,From LSU to Southern! What Happened?,"Sep 7, 2025",290,0:00:00
2026-04-16,Gn327EVDzMM,From LSU to Southern! What Happened?,"Sep 7, 2025",290,0:00:10
2026-04-17,Gn327EVDzMM,From LSU to Southern! What Happened?,"Sep 7, 2025",290,0:00:00
2026-04-18,Gn327EVDzMM,From LSU to Southern! What Happened?,"Sep 7, 2025",290,0:00:00
2026-04-19,Gn327EVDzMM,From LSU to Southern! What Happened?,"Sep 7, 2025",290,0:00:00
2026-04-20,Gn327EVDzMM,From LSU to Southern! What Happened?,"Sep 7, 2025",290,0:00:00
2026-04-21,Gn327EVDzMM,From LSU to Southern! What Happened?,"Sep 7, 2025",290,0:00:00
2026-04-22,Gn327EVDzMM,From LSU to Southern! What Happened?,"Sep 7, 2025",290,0:00:00
2026-04-23,Gn327EVDzMM,From LSU to Southern! What Happened?,"Sep 7, 2025",290,0:04:38
2026-04-24,Gn327EVDzMM,From LSU to Southern! What Happened?,"Sep 7, 2025",290,0:00:00
2026-04-25,Gn327EVDzMM,From LSU to Southern! What Happened?,"Sep 7, 2025",290,0:00:00
2026-04-26,Gn327EVDzMM,From LSU to Southern! What Happened?,"Sep 7, 2025",290,0:00:00
2026-04-27,Gn327EVDzMM,From LSU to Southern! What Happened?,"Sep 7, 2025",290,0:00:00
2026-04-28,Gn327EVDzMM,From LSU to Southern! What Happened?,"Sep 7, 2025",290,0:00:00
2026-04-29,Gn327EVDzMM,From LSU to Southern! What Happened?,"Sep 7, 2025",290,0:00:00
2026-04-30,Gn327EVDzMM,From LSU to Southern! What Happened?,"Sep 7, 2025",290,0:00:00
2026-05-01,Gn327EVDzMM,From LSU to Southern! What Happened?,"Sep 7, 2025",290,0:00:00
2026-05-02,Gn327EVDzMM,From LSU to Southern! What Happened?,"Sep 7, 2025",290,0:00:00
2026-05-03,Gn327EVDzMM,From LSU to Southern! What Happened?,"Sep 7, 2025",290,0:00:12
2026-05-04,Gn327EVDzMM,From LSU to Southern! What Happened?,"Sep 7, 2025",290,0:00:00
2026-05-05,Gn327EVDzMM,From LSU to Southern! What Happened?,"Sep 7, 2025",290,0:00:00
2026-05-06,Gn327EVDzMM,From LSU to Southern! What Happened?,"Sep 7, 2025",290,0:00:00
2026-05-07,Gn327EVDzMM,From LSU to Southern! What Happened?,"Sep 7, 2025",290,0:00:00
2026-05-08,Gn327EVDzMM,From LSU to Southern! What Happened?,"Sep 7, 2025",290,0:00:00
2026-05-09,Gn327EVDzMM,From LSU to Southern! What Happened?,"Sep 7, 2025",290,0:00:00
2026-05-10,Gn327EVDzMM,From LSU to Southern! What Happened?,"Sep 7, 2025",290,0:00:00
2026-05-11,Gn327EVDzMM,From LSU to Southern! What Happened?,"Sep 7, 2025",290,0:00:00
2026-05-12,Gn327EVDzMM,From LSU to Southern! What Happened?,"Sep 7, 2025",290,0:00:00
2026-05-13,Gn327EVDzMM,From LSU to Southern! What Happened?,"Sep 7, 2025",290,0:00:22
2026-05-14,Gn327EVDzMM,From LSU to Southern! What Happened?,"Sep 7, 2025",290,0:00:00
2026-05-15,Gn327EVDzMM,From LSU to Southern! What Happened?,"Sep 7, 2025",290,0:00:00
2026-05-16,Gn327EVDzMM,From LSU to Southern! What Happened?,"Sep 7, 2025",290,0:00:00
2026-05-17,Gn327EVDzMM,From LSU to Southern! What Happened?,"Sep 7, 2025",290,0:00:06
2026-05-18,Gn327EVDzMM,From LSU to Southern! What Happened?,"Sep 7, 2025",290,
2026-05-19,Gn327EVDzMM,From LSU to Southern! What Happened?,"Sep 7, 2025",290,0:00:00
2026-05-20,Gn327EVDzMM,From LSU to Southern! What Happened?,"Sep 7, 2025",290,0:00:00
2026-05-21,Gn327EVDzMM,From LSU to Southern! What Happened?,"Sep 7, 2025",290,0:04:49
2026-05-22,Gn327EVDzMM,From LSU to Southern! What Happened?,"Sep 7, 2025",290,0:02:36
2026-05-23,Gn327EVDzMM,From LSU to Southern! What Happened?,"Sep 7, 2025",290,0:00:00
2026-05-24,Gn327EVDzMM,From LSU to Southern! What Happened?,"Sep 7, 2025",290,0:00:00
2026-05-25,Gn327EVDzMM,From LSU to Southern! What Happened?,"Sep 7, 2025",290,0:00:00
2026-05-26,Gn327EVDzMM,From LSU to Southern! What Happened?,"Sep 7, 2025",290,0:00:00
2026-05-27,Gn327EVDzMM,From LSU to Southern! What Happened?,"Sep 7, 2025",290,0:00:00
2026-05-28,Gn327EVDzMM,From LSU to Southern! What Happened?,"Sep 7, 2025",290,
2026-05-29,Gn327EVDzMM,From LSU to Southern! What Happened?,"Sep 7, 2025",290,0:00:00
2026-05-30,Gn327EVDzMM,From LSU to Southern! What Happened?,"Sep 7, 2025",290,
2026-05-31,Gn327EVDzMM,From LSU to Southern! What Happened?,"Sep 7, 2025",290,
2026-06-01,Gn327EVDzMM,From LSU to Southern! What Happened?,"Sep 7, 2025",290,0:04:42
2026-06-02,Gn327EVDzMM,From LSU to Southern! What Happened?,"Sep 7, 2025",290,0:00:00
2026-06-03,Gn327EVDzMM,From LSU to Southern! What Happened?,"Sep 7, 2025",290,0:00:00
2026-06-04,Gn327EVDzMM,From LSU to Southern! What Happened?,"Sep 7, 2025",290,0:02:15
2026-06-05,Gn327EVDzMM,From LSU to Southern! What Happened?,"Sep 7, 2025",290,0:00:25
2026-06-06,Gn327EVDzMM,From LSU to Southern! What Happened?,"Sep 7, 2025",290,0:02:30
2026-06-07,Gn327EVDzMM,From LSU to Southern! What Happened?,"Sep 7, 2025",290,0:00:00
2026-06-08,Gn327EVDzMM,From LSU to Southern! What Happened?,"Sep 7, 2025",290,
2026-06-09,Gn327EVDzMM,From LSU to Southern! What Happened?,"Sep 7, 2025",290,0:02:18
2026-06-10,Gn327EVDzMM,From LSU to Southern! What Happened?,"Sep 7, 2025",290,0:00:00
2026-06-11,Gn327EVDzMM,From LSU to Southern! What Happened?,"Sep 7, 2025",290,0:00:00
2026-06-12,Gn327EVDzMM,From LSU to Southern! What Happened?,"Sep 7, 2025",290,0:03:04
2026-06-13,Gn327EVDzMM,From LSU to Southern! What Happened?,"Sep 7, 2025",290,0:00:00
2026-06-14,Gn327EVDzMM,From LSU to Southern! What Happened?,"Sep 7, 2025",290,0:00:00
2026-06-15,Gn327EVDzMM,From LSU to Southern! What Happened?,"Sep 7, 2025",290,0:00:00
2026-06-16,Gn327EVDzMM,From LSU to Southern! What Happened?,"Sep 7, 2025",290,0:00:05
2026-06-17,Gn327EVDzMM,From LSU to Southern! What Happened?,"Sep 7, 2025",290,0:00:00
2026-06-18,Gn327EVDzMM,From LSU to Southern! What Happened?,"Sep 7, 2025",290,0:00:00
2026-06-19,Gn327EVDzMM,From LSU to Southern! What Happened?,"Sep 7, 2025",290,0:00:00
2026-06-20,Gn327EVDzMM,From LSU to Southern! What Happened?,"Sep 7, 2025",290,0:00:00
2026-06-21,Gn327EVDzMM,From LSU to Southern! What Happened?,"Sep 7, 2025",290,0:04:24
2026-06-22,Gn327EVDzMM,From LSU to Southern! What Happened?,"Sep 7, 2025",290,0:02:51
2026-06-23,Gn327EVDzMM,From LSU to Southern! What Happened?,"Sep 7, 2025",290,0:03:30
2026-06-24,Gn327EVDzMM,From LSU to Southern! What Happened?,"Sep 7, 2025",290,0:00:00
2026-06-25,Gn327EVDzMM,From LSU to Southern! What Happened?,"Sep 7, 2025",290,0:00:00
2026-06-26,Gn327EVDzMM,From LSU to Southern! What Happened?,"Sep 7, 2025",290,0:02:49
2026-06-27,Gn327EVDzMM,From LSU to Southern! What Happened?,"Sep 7, 2025",290,0:01:56
2026-06-28,Gn327EVDzMM,From LSU to Southern! What Happened?,"Sep 7, 2025",290,0:00:00
2026-06-29,Gn327EVDzMM,From LSU to Southern! What Happened?,"Sep 7, 2025",290,0:04:48
2026-06-30,Gn327EVDzMM,From LSU to Southern! What Happened?,"Sep 7, 2025",290,0:01:55
2026-07-01,Gn327EVDzMM,From LSU to Southern! What Happened?,"Sep 7, 2025",290,0:00:00
2026-07-02,Gn327EVDzMM,From LSU to Southern! What Happened?,"Sep 7, 2025",290,0:02:06
2026-07-03,Gn327EVDzMM,From LSU to Southern! What Happened?,"Sep 7, 2025",290,0:00:00
2026-07-04,Gn327EVDzMM,From LSU to Southern! What Happened?,"Sep 7, 2025",290,0:00:00
2026-07-05,Gn327EVDzMM,From LSU to Southern! What Happened?,"Sep 7, 2025",290,0:00:00
2026-07-06,Gn327EVDzMM,From LSU to Southern! What Happened?,"Sep 7, 2025",290,0:04:11
2026-07-07,Gn327EVDzMM,From LSU to Southern! What Happened?,"Sep 7, 2025",290,0:00:00
2026-07-08,Gn327EVDzMM,From LSU to Southern! What Happened?,"Sep 7, 2025",290,0:04:39
2026-07-09,Gn327EVDzMM,From LSU to Southern! What Happened?,"Sep 7, 2025",290,0:00:24
2026-07-10,Gn327EVDzMM,From LSU to Southern! What Happened?,"Sep 7, 2025",290,0:00:00
2026-07-11,Gn327EVDzMM,From LSU to Southern! What Happened?,"Sep 7, 2025",290,0:00:00
2026-07-12,Gn327EVDzMM,From LSU to Southern! What Happened?,"Sep 7, 2025",290,
2021-06-09,LPVys5z3YJs,HBCU’s In EA College Football?,"May 20, 2024",601,0:00:00
2021-06-10,LPVys5z3YJs,HBCU’s In EA College Football?,"May 20, 2024",601,0:00:00
2021-06-11,LPVys5z3YJs,HBCU’s In EA College Football?,"May 20, 2024",601,0:00:00
2021-06-12,LPVys5z3YJs,HBCU’s In EA College Football?,"May 20, 2024",601,0:00:00
2021-06-13,LPVys5z3YJs,HBCU’s In EA College Football?,"May 20, 2024",601,0:00:00
2021-06-14,LPVys5z3YJs,HBCU’s In EA College Football?,"May 20, 2024",601,0:00:00
2021-06-15,LPVys5z3YJs,HBCU’s In EA College Football?,"May 20, 2024",601,0:00:00
2021-06-16,LPVys5z3YJs,HBCU’s In EA College Football?,"May 20, 2024",601,0:00:00
2021-06-17,LPVys5z3YJs,HBCU’s In EA College Football?,"May 20, 2024",601,0:00:00
2021-06-18,LPVys5z3YJs,HBCU’s In EA College Football?,"May 20, 2024",601,0:00:00
2021-06-19,LPVys5z3YJs,HBCU’s In EA College Football?,"May 20, 2024",601,0:00:00
2021-06-20,LPVys5z3YJs,HBCU’s In EA College Football?,"May 20, 2024",601,0:00:00
2021-06-21,LPVys5z3YJs,HBCU’s In EA College Football?,"May 20, 2024",601,0:00:00
2021-06-22,LPVys5z3YJs,HBCU’s In EA College Football?,"May 20, 2024",601,0:00:00
2021-06-23,LPVys5z3YJs,HBCU’s In EA College Football?,"May 20, 2024",601,0:00:00
2021-06-24,LPVys5z3YJs,HBCU’s In EA College Football?,"May 20, 2024",601,0:00:00
2021-06-25,LPVys5z3YJs,HBCU’s In EA College Football?,"May 20, 2024",601,0:00:00
2021-06-26,LPVys5z3YJs,HBCU’s In EA College Football?,"May 20, 2024",601,0:00:00
2021-06-27,LPVys5z3YJs,HBCU’s In EA College Football?,"May 20, 2024",601,0:00:00
2021-06-28,LPVys5z3YJs,HBCU’s In EA College Football?,"May 20, 2024",601,0:00:00
2021-06-29,LPVys5z3YJs,HBCU’s In EA College Football?,"May 20, 2024",601,0:00:00
2021-06-30,LPVys5z3YJs,HBCU’s In EA College Football?,"May 20, 2024",601,0:00:00
2021-07-01,LPVys5z3YJs,HBCU’s In EA College Football?,"May 20, 2024",601,0:00:00
2021-07-02,LPVys5z3YJs,HBCU’s In EA College Football?,"May 20, 2024",601,0:00:00
2021-07-03,LPVys5z3YJs,HBCU’s In EA College Football?,"May 20, 2024",601,0:00:00
2021-07-04,LPVys5z3YJs,HBCU’s In EA College Football?,"May 20, 2024",601,0:00:00
2021-07-05,LPVys5z3YJs,HBCU’s In EA College Football?,"May 20, 2024",601,0:00:00
2021-07-06,LPVys5z3YJs,HBCU’s In EA College Football?,"May 20, 2024",601,0:00:00
2021-07-07,LPVys5z3YJs,HBCU’s In EA College Football?,"May 20, 2024",601,0:00:00
2021-07-08,LPVys5z3YJs,HBCU’s In EA College Football?,"May 20, 2024",601,0:00:00
2021-07-09,LPVys5z3YJs,HBCU’s In EA College Football?,"May 20, 2024",601,0:00:00
2021-07-10,LPVys5z3YJs,HBCU’s In EA College Football?,"May 20, 2024",601,0:00:00
2021-07-11,LPVys5z3YJs,HBCU’s In EA College Football?,"May 20, 2024",601,0:00:00
2021-07-12,LPVys5z3YJs,HBCU’s In EA College Football?,"May 20, 2024",601,0:00:00
2021-07-13,LPVys5z3YJs,HBCU’s In EA College Football?,"May 20, 2024",601,0:00:00
2021-07-14,LPVys5z3YJs,HBCU’s In EA College Football?,"May 20, 2024",601,0:00:00
2021-07-15,LPVys5z3YJs,HBCU’s In EA College Football?,"May 20, 2024",601,0:00:00
2021-07-16,LPVys5z3YJs,HBCU’s In EA College Football?,"May 20, 2024",601,0:00:00
2021-07-17,LPVys5z3YJs,HBCU’s In EA College Football?,"May 20, 2024",601,0:00:00
2021-07-18,LPVys5z3YJs,HBCU’s In EA College Football?,"May 20, 2024",601,0:00:00
2021-07-19,LPVys5z3YJs,HBCU’s In EA College Football?,"May 20, 2024",601,0:00:00
2021-07-20,LPVys5z3YJs,HBCU’s In EA College Football?,"May 20, 2024",601,0:00:00
2021-07-21,LPVys5z3YJs,HBCU’s In EA College Football?,"May 20, 2024",601,0:00:00
2021-07-22,LPVys5z3YJs,HBCU’s In EA College Football?,"May 20, 2024",601,0:00:00
2021-07-23,LPVys5z3YJs,HBCU’s In EA College Football?,"May 20, 2024",601,0:00:00
2021-07-24,LPVys5z3YJs,HBCU’s In EA College Football?,"May 20, 2024",601,0:00:00
2021-07-25,LPVys5z3YJs,HBCU’s In EA College Football?,"May 20, 2024",601,0:00:00
2021-07-26,LPVys5z3YJs,HBCU’s In EA College Football?,"May 20, 2024",601,0:00:00
2021-07-27,LPVys5z3YJs,HBCU’s In EA College Football?,"May 20, 2024",601,0:00:00
2021-07-28,LPVys5z3YJs,HBCU’s In EA College Football?,"May 20, 2024",601,0:00:00
2021-07-29,LPVys5z3YJs,HBCU’s In EA College Football?,"May 20, 2024",601,0:00:00
2021-07-30,LPVys5z3YJs,HBCU’s In EA College Football?,"May 20, 2024",601,0:00:00
2021-07-31,LPVys5z3YJs,HBCU’s In EA College Football?,"May 20, 2024",601,0:00:00
2021-08-01,LPVys5z3YJs,HBCU’s In EA College Football?,"May 20, 2024",601,0:00:00
2021-08-02,LPVys5z3YJs,HBCU’s In EA College Football?,"May 20, 2024",601,0:00:00
2021-08-03,LPVys5z3YJs,HBCU’s In EA College Football?,"May 20, 2024",601,0:00:00
2021-08-04,LPVys5z3YJs,HBCU’s In EA College Football?,"May 20, 2024",601,0:00:00
2021-08-05,LPVys5z3YJs,HBCU’s In EA College Football?,"May 20, 2024",601,0:00:00
2021-08-06,LPVys5z3YJs,HBCU’s In EA College Football?,"May 20, 2024",601,0:00:00
2021-08-07,LPVys5z3YJs,HBCU’s In EA College Football?,"May 20, 2024",601,0:00:00
2021-08-08,LPVys5z3YJs,HBCU’s In EA College Football?,"May 20, 2024",601,0:00:00
2021-08-09,LPVys5z3YJs,HBCU’s In EA College Football?,"May 20, 2024",601,0:00:00
2021-08-10,LPVys5z3YJs,HBCU’s In EA College Football?,"May 20, 2024",601,0:00:00
2021-08-11,LPVys5z3YJs,HBCU’s In EA College Football?,"May 20, 2024",601,0:00:00
2021-08-12,LPVys5z3YJs,HBCU’s In EA College Football?,"May 20, 2024",601,0:00:00
2021-08-13,LPVys5z3YJs,HBCU’s In EA College Football?,"May 20, 2024",601,0:00:00
2021-08-14,LPVys5z3YJs,HBCU’s In EA College Football?,"May 20, 2024",601,0:00:00
2021-08-15,LPVys5z3YJs,HBCU’s In EA College Football?,"May 20, 2024",601,0:00:00
2021-08-16,LPVys5z3YJs,HBCU’s In EA College Football?,"May 20, 2024",601,0:00:00
2021-08-17,LPVys5z3YJs,HBCU’s In EA College Football?,"May 20, 2024",601,0:00:00
2021-08-18,LPVys5z3YJs,HBCU’s In EA College Football?,"May 20, 2024",601,0:00:00
2021-08-19,LPVys5z3YJs,HBCU’s In EA College Football?,"May 20, 2024",601,0:00:00
2021-08-20,LPVys5z3YJs,HBCU’s In EA College Football?,"May 20, 2024",601,0:00:00
2021-08-21,LPVys5z3YJs,HBCU’s In EA College Football?,"May 20, 2024",601,0:00:00
2021-08-22,LPVys5z3YJs,HBCU’s In EA College Football?,"May 20, 2024",601,0:00:00
2021-08-23,LPVys5z3YJs,HBCU’s In EA College Football?,"May 20, 2024",601,0:00:00
2021-08-24,LPVys5z3YJs,HBCU’s In EA College Football?,"May 20, 2024",601,0:00:00
2021-08-25,LPVys5z3YJs,HBCU’s In EA College Football?,"May 20, 2024",601,0:00:00
2021-08-26,LPVys5z3YJs,HBCU’s In EA College Football?,"May 20, 2024",601,0:00:00
2021-08-27,LPVys5z3YJs,HBCU’s In EA College Football?,"May 20, 2024",601,0:00:00
2021-08-28,LPVys5z3YJs,HBCU’s In EA College Football?,"May 20, 2024",601,0:00:00
2021-08-29,LPVys5z3YJs,HBCU’s In EA College Football?,"May 20, 2024",601,0:00:00
2021-08-30,LPVys5z3YJs,HBCU’s In EA College Football?,"May 20, 2024",601,0:00:00
2021-08-31,LPVys5z3YJs,HBCU’s In EA College Football?,"May 20, 2024",601,0:00:00
2021-09-01,LPVys5z3YJs,HBCU’s In EA College Football?,"May 20, 2024",601,0:00:00
2021-09-02,LPVys5z3YJs,HBCU’s In EA College Football?,"May 20, 2024",601,0:00:00
2021-09-03,LPVys5z3YJs,HBCU’s In EA College Football?,"May 20, 2024",601,0:00:00
2021-09-04,LPVys5z3YJs,HBCU’s In EA College Football?,"May 20, 2024",601,0:00:00
2021-09-05,LPVys5z3YJs,HBCU’s In EA College Football?,"May 20, 2024",601,0:00:00
2021-09-06,LPVys5z3YJs,HBCU’s In EA College Football?,"May 20, 2024",601,0:00:00
2021-09-07,LPVys5z3YJs,HBCU’s In EA College Football?,"May 20, 2024",601,0:00:00
2021-09-08,LPVys5z3YJs,HBCU’s In EA College Football?,"May 20, 2024",601,0:00:00
2021-09-09,LPVys5z3YJs,HBCU’s In EA College Football?,"May 20, 2024",601,0:00:00
2021-09-10,LPVys5z3YJs,HBCU’s In EA College Football?,"May 20, 2024",601,0:00:00
2021-09-11,LPVys5z3YJs,HBCU’s In EA College Football?,"May 20, 2024",601,0:00:00
2021-09-12,LPVys5z3YJs,HBCU’s In EA College Football?,"May 20, 2024",601,0:00:00
2021-09-13,LPVys5z3YJs,HBCU’s In EA College Football?,"May 20, 2024",601,0:00:00
2021-09-14,LPVys5z3YJs,HBCU’s In EA College Football?,"May 20, 2024",601,0:00:00
2021-09-15,LPVys5z3YJs,HBCU’s In EA College Football?,"May 20, 2024",601,0:00:00
2021-09-16,LPVys5z3YJs,HBCU’s In EA College Football?,"May 20, 2024",601,0:00:00
2021-09-17,LPVys5z3YJs,HBCU’s In EA College Football?,"May 20, 2024",601,0:00:00
2021-09-18,LPVys5z3YJs,HBCU’s In EA College Football?,"May 20, 2024",601,0:00:00
2021-09-19,LPVys5z3YJs,HBCU’s In EA College Football?,"May 20, 2024",601,0:00:00
2021-09-20,LPVys5z3YJs,HBCU’s In EA College Football?,"May 20, 2024",601,0:00:00
2021-09-21,LPVys5z3YJs,HBCU’s In EA College Football?,"May 20, 2024",601,0:00:00
2021-09-22,LPVys5z3YJs,HBCU’s In EA College Football?,"May 20, 2024",601,0:00:00
2021-09-23,LPVys5z3YJs,HBCU’s In EA College Football?,"May 20, 2024",601,0:00:00
2021-09-24,LPVys5z3YJs,HBCU’s In EA College Football?,"May 20, 2024",601,0:00:00
2021-09-25,LPVys5z3YJs,HBCU’s In EA College Football?,"May 20, 2024",601,0:00:00
2021-09-26,LPVys5z3YJs,HBCU’s In EA College Football?,"May 20, 2024",601,0:00:00
2021-09-27,LPVys5z3YJs,HBCU’s In EA College Football?,"May 20, 2024",601,0:00:00
2021-09-28,LPVys5z3YJs,HBCU’s In EA College Football?,"May 20, 2024",601,0:00:00
2021-09-29,LPVys5z3YJs,HBCU’s In EA College Football?,"May 20, 2024",601,0:00:00
2021-09-30,LPVys5z3YJs,HBCU’s In EA College Football?,"May 20, 2024",601,0:00:00
2021-10-01,LPVys5z3YJs,HBCU’s In EA College Football?,"May 20, 2024",601,0:00:00
2021-10-02,LPVys5z3YJs,HBCU’s In EA College Football?,"May 20, 2024",601,0:00:00
2021-10-03,LPVys5z3YJs,HBCU’s In EA College Football?,"May 20, 2024",601,0:00:00
2021-10-04,LPVys5z3YJs,HBCU’s In EA College Football?,"May 20, 2024",601,0:00:00
2021-10-05,LPVys5z3YJs,HBCU’s In EA College Football?,"May 20, 2024",601,0:00:00
2021-10-06,LPVys5z3YJs,HBCU’s In EA College Football?,"May 20, 2024",601,0:00:00
2021-10-07,LPVys5z3YJs,HBCU’s In EA College Football?,"May 20, 2024",601,0:00:00
2021-10-08,LPVys5z3YJs,HBCU’s In EA College Football?,"May 20, 2024",601,0:00:00
2021-10-09,LPVys5z3YJs,HBCU’s In EA College Football?,"May 20, 2024",601,0:00:00
2021-10-10,LPVys5z3YJs,HBCU’s In EA College Football?,"May 20, 2024",601,0:00:00
2021-10-11,LPVys5z3YJs,HBCU’s In EA College Football?,"May 20, 2024",601,0:00:00
2021-10-12,LPVys5z3YJs,HBCU’s In EA College Football?,"May 20, 2024",601,0:00:00
2021-10-13,LPVys5z3YJs,HBCU’s In EA College Football?,"May 20, 2024",601,0:00:00
2021-10-14,LPVys5z3YJs,HBCU’s In EA College Football?,"May 20, 2024",601,0:00:00
2021-10-15,LPVys5z3YJs,HBCU’s In EA College Football?,"May 20, 2024",601,0:00:00
2021-10-16,LPVys5z3YJs,HBCU’s In EA College Football?,"May 20, 2024",601,0:00:00
2021-10-17,LPVys5z3YJs,HBCU’s In EA College Football?,"May 20, 2024",601,0:00:00
2021-10-18,LPVys5z3YJs,HBCU’s In EA College Football?,"May 20, 2024",601,0:00:00
2021-10-19,LPVys5z3YJs,HBCU’s In EA College Football?,"May 20, 2024",601,0:00:00
2021-10-20,LPVys5z3YJs,HBCU’s In EA College Football?,"May 20, 2024",601,0:00:00
2021-10-21,LPVys5z3YJs,HBCU’s In EA College Football?,"May 20, 2024",601,0:00:00
2021-10-22,LPVys5z3YJs,HBCU’s In EA College Football?,"May 20, 2024",601,0:00:00
2021-10-23,LPVys5z3YJs,HBCU’s In EA College Football?,"May 20, 2024",601,0:00:00
2021-10-24,LPVys5z3YJs,HBCU’s In EA College Football?,"May 20, 2024",601,0:00:00
2021-10-25,LPVys5z3YJs,HBCU’s In EA College Football?,"May 20, 2024",601,0:00:00
2021-10-26,LPVys5z3YJs,HBCU’s In EA College Football?,"May 20, 2024",601,0:00:00
2021-10-27,LPVys5z3YJs,HBCU’s In EA College Football?,"May 20, 2024",601,0:00:00
2021-10-28,LPVys5z3YJs,HBCU’s In EA College Football?,"May 20, 2024",601,0:00:00
2021-10-29,LPVys5z3YJs,HBCU’s In EA College Football?,"May 20, 2024",601,0:00:00
2021-10-30,LPVys5z3YJs,HBCU’s In EA College Football?,"May 20, 2024",601,0:00:00
2021-10-31,LPVys5z3YJs,HBCU’s In EA College Football?,"May 20, 2024",601,0:00:00
2021-11-01,LPVys5z3YJs,HBCU’s In EA College Football?,"May 20, 2024",601,0:00:00
2021-11-02,LPVys5z3YJs,HBCU’s In EA College Football?,"May 20, 2024",601,0:00:00
2021-11-03,LPVys5z3YJs,HBCU’s In EA College Football?,"May 20, 2024",601,0:00:00
2021-11-04,LPVys5z3YJs,HBCU’s In EA College Football?,"May 20, 2024",601,0:00:00
2021-11-05,LPVys5z3YJs,HBCU’s In EA College Football?,"May 20, 2024",601,0:00:00
2021-11-06,LPVys5z3YJs,HBCU’s In EA College Football?,"May 20, 2024",601,0:00:00
2021-11-07,LPVys5z3YJs,HBCU’s In EA College Football?,"May 20, 2024",601,0:00:00
2021-11-08,LPVys5z3YJs,HBCU’s In EA College Football?,"May 20, 2024",601,0:00:00
2021-11-09,LPVys5z3YJs,HBCU’s In EA College Football?,"May 20, 2024",601,0:00:00
2021-11-10,LPVys5z3YJs,HBCU’s In EA College Football?,"May 20, 2024",601,0:00:00
2021-11-11,LPVys5z3YJs,HBCU’s In EA College Football?,"May 20, 2024",601,0:00:00
2021-11-12,LPVys5z3YJs,HBCU’s In EA College Football?,"May 20, 2024",601,0:00:00
2021-11-13,LPVys5z3YJs,HBCU’s In EA College Football?,"May 20, 2024",601,0:00:00
2021-11-14,LPVys5z3YJs,HBCU’s In EA College Football?,"May 20, 2024",601,0:00:00
2021-11-15,LPVys5z3YJs,HBCU’s In EA College Football?,"May 20, 2024",601,0:00:00
2021-11-16,LPVys5z3YJs,HBCU’s In EA College Football?,"May 20, 2024",601,0:00:00
2021-11-17,LPVys5z3YJs,HBCU’s In EA College Football?,"May 20, 2024",601,0:00:00
2021-11-18,LPVys5z3YJs,HBCU’s In EA College Football?,"May 20, 2024",601,0:00:00
2021-11-19,LPVys5z3YJs,HBCU’s In EA College Football?,"May 20, 2024",601,0:00:00
2021-11-20,LPVys5z3YJs,HBCU’s In EA College Football?,"May 20, 2024",601,0:00:00
2021-11-21,LPVys5z3YJs,HBCU’s In EA College Football?,"May 20, 2024",601,0:00:00
2021-11-22,LPVys5z3YJs,HBCU’s In EA College Football?,"May 20, 2024",601,0:00:00
2021-11-23,LPVys5z3YJs,HBCU’s In EA College Football?,"May 20, 2024",601,0:00:00
2021-11-24,LPVys5z3YJs,HBCU’s In EA College Football?,"May 20, 2024",601,0:00:00
2021-11-25,LPVys5z3YJs,HBCU’s In EA College Football?,"May 20, 2024",601,0:00:00
2021-11-26,LPVys5z3YJs,HBCU’s In EA College Football?,"May 20, 2024",601,0:00:00
2021-11-27,LPVys5z3YJs,HBCU’s In EA College Football?,"May 20, 2024",601,0:00:00
2021-11-28,LPVys5z3YJs,HBCU’s In EA College Football?,"May 20, 2024",601,0:00:00
2021-11-29,LPVys5z3YJs,HBCU’s In EA College Football?,"May 20, 2024",601,0:00:00
2021-11-30,LPVys5z3YJs,HBCU’s In EA College Football?,"May 20, 2024",601,0:00:00
2021-12-01,LPVys5z3YJs,HBCU’s In EA College Football?,"May 20, 2024",601,0:00:00
2021-12-02,LPVys5z3YJs,HBCU’s In EA College Football?,"May 20, 2024",601,0:00:00
2021-12-03,LPVys5z3YJs,HBCU’s In EA College Football?,"May 20, 2024",601,0:00:00
2021-12-04,LPVys5z3YJs,HBCU’s In EA College Football?,"May 20, 2024",601,0:00:00
2021-12-05,LPVys5z3YJs,HBCU’s In EA College Football?,"May 20, 2024",601,0:00:00
2021-12-06,LPVys5z3YJs,HBCU’s In EA College Football?,"May 20, 2024",601,0:00:00
2021-12-07,LPVys5z3YJs,HBCU’s In EA College Football?,"May 20, 2024",601,0:00:00
2021-12-08,LPVys5z3YJs,HBCU’s In EA College Football?,"May 20, 2024",601,0:00:00
2021-12-09,LPVys5z3YJs,HBCU’s In EA College Football?,"May 20, 2024",601,0:00:00
2021-12-10,LPVys5z3YJs,HBCU’s In EA College Football?,"May 20, 2024",601,0:00:00
2021-12-11,LPVys5z3YJs,HBCU’s In EA College Football?,"May 20, 2024",601,0:00:00
2021-12-12,LPVys5z3YJs,HBCU’s In EA College Football?,"May 20, 2024",601,0:00:00
2021-12-13,LPVys5z3YJs,HBCU’s In EA College Football?,"May 20, 2024",601,0:00:00
2021-12-14,LPVys5z3YJs,HBCU’s In EA College Football?,"May 20, 2024",601,0:00:00
2021-12-15,LPVys5z3YJs,HBCU’s In EA College Football?,"May 20, 2024",601,0:00:00
2021-12-16,LPVys5z3YJs,HBCU’s In EA College Football?,"May 20, 2024",601,0:00:00
2021-12-17,LPVys5z3YJs,HBCU’s In EA College Football?,"May 20, 2024",601,0:00:00
2021-12-18,LPVys5z3YJs,HBCU’s In EA College Football?,"May 20, 2024",601,0:00:00
2021-12-19,LPVys5z3YJs,HBCU’s In EA College Football?,"May 20, 2024",601,0:00:00
2021-12-20,LPVys5z3YJs,HBCU’s In EA College Football?,"May 20, 2024",601,0:00:00
2021-12-21,LPVys5z3YJs,HBCU’s In EA College Football?,"May 20, 2024",601,0:00:00
2021-12-22,LPVys5z3YJs,HBCU’s In EA College Football?,"May 20, 2024",601,0:00:00
2021-12-23,LPVys5z3YJs,HBCU’s In EA College Football?,"May 20, 2024",601,0:00:00
2021-12-24,LPVys5z3YJs,HBCU’s In EA College Football?,"May 20, 2024",601,0:00:00
2021-12-25,LPVys5z3YJs,HBCU’s In EA College Football?,"May 20, 2024",601,0:00:00
2021-12-26,LPVys5z3YJs,HBCU’s In EA College Football?,"May 20, 2024",601,0:00:00
2021-12-27,LPVys5z3YJs,HBCU’s In EA College Football?,"May 20, 2024",601,0:00:00
2021-12-28,LPVys5z3YJs,HBCU’s In EA College Football?,"May 20, 2024",601,0:00:00
2021-12-29,LPVys5z3YJs,HBCU’s In EA College Football?,"May 20, 2024",601,0:00:00
2021-12-30,LPVys5z3YJs,HBCU’s In EA College Football?,"May 20, 2024",601,0:00:00
2021-12-31,LPVys5z3YJs,HBCU’s In EA College Football?,"May 20, 2024",601,0:00:00
2022-01-01,LPVys5z3YJs,HBCU’s In EA College Football?,"May 20, 2024",601,0:00:00
2022-01-02,LPVys5z3YJs,HBCU’s In EA College Football?,"May 20, 2024",601,0:00:00
2022-01-03,LPVys5z3YJs,HBCU’s In EA College Football?,"May 20, 2024",601,0:00:00
2022-01-04,LPVys5z3YJs,HBCU’s In EA College Football?,"May 20, 2024",601,0:00:00
2022-01-05,LPVys5z3YJs,HBCU’s In EA College Football?,"May 20, 2024",601,0:00:00
2022-01-06,LPVys5z3YJs,HBCU’s In EA College Football?,"May 20, 2024",601,0:00:00
2022-01-07,LPVys5z3YJs,HBCU’s In EA College Football?,"May 20, 2024",601,0:00:00
2022-01-08,LPVys5z3YJs,HBCU’s In EA College Football?,"May 20, 2024",601,0:00:00
2022-01-09,LPVys5z3YJs,HBCU’s In EA College Football?,"May 20, 2024",601,0:00:00
2022-01-10,LPVys5z3YJs,HBCU’s In EA College Football?,"May 20, 2024",601,0:00:00
2022-01-11,LPVys5z3YJs,HBCU’s In EA College Football?,"May 20, 2024",601,0:00:00
2022-01-12,LPVys5z3YJs,HBCU’s In EA College Football?,"May 20, 2024",601,0:00:00
2022-01-13,LPVys5z3YJs,HBCU’s In EA College Football?,"May 20, 2024",601,0:00:00
2022-01-14,LPVys5z3YJs,HBCU’s In EA College Football?,"May 20, 2024",601,0:00:00
2022-01-15,LPVys5z3YJs,HBCU’s In EA College Football?,"May 20, 2024",601,0:00:00
2022-01-16,LPVys5z3YJs,HBCU’s In EA College Football?,"May 20, 2024",601,0:00:00
2022-01-17,LPVys5z3YJs,HBCU’s In EA College Football?,"May 20, 2024",601,0:00:00
2022-01-18,LPVys5z3YJs,HBCU’s In EA College Football?,"May 20, 2024",601,0:00:00
2022-01-19,LPVys5z3YJs,HBCU’s In EA College Football?,"May 20, 2024",601,0:00:00
2022-01-20,LPVys5z3YJs,HBCU’s In EA College Football?,"May 20, 2024",601,0:00:00
2022-01-21,LPVys5z3YJs,HBCU’s In EA College Football?,"May 20, 2024",601,0:00:00
2022-01-22,LPVys5z3YJs,HBCU’s In EA College Football?,"May 20, 2024",601,0:00:00
2022-01-23,LPVys5z3YJs,HBCU’s In EA College Football?,"May 20, 2024",601,0:00:00
2022-01-24,LPVys5z3YJs,HBCU’s In EA College Football?,"May 20, 2024",601,0:00:00
2022-01-25,LPVys5z3YJs,HBCU’s In EA College Football?,"May 20, 2024",601,0:00:00
2022-01-26,LPVys5z3YJs,HBCU’s In EA College Football?,"May 20, 2024",601,0:00:00
2022-01-27,LPVys5z3YJs,HBCU’s In EA College Football?,"May 20, 2024",601,0:00:00
2022-01-28,LPVys5z3YJs,HBCU’s In EA College Football?,"May 20, 2024",601,0:00:00
2022-01-29,LPVys5z3YJs,HBCU’s In EA College Football?,"May 20, 2024",601,0:00:00
2022-01-30,LPVys5z3YJs,HBCU’s In EA College Football?,"May 20, 2024",601,0:00:00
2022-01-31,LPVys5z3YJs,HBCU’s In EA College Football?,"May 20, 2024",601,0:00:00
2022-02-01,LPVys5z3YJs,HBCU’s In EA College Football?,"May 20, 2024",601,0:00:00
2022-02-02,LPVys5z3YJs,HBCU’s In EA College Football?,"May 20, 2024",601,0:00:00
2022-02-03,LPVys5z3YJs,HBCU’s In EA College Football?,"May 20, 2024",601,0:00:00
2022-02-04,LPVys5z3YJs,HBCU’s In EA College Football?,"May 20, 2024",601,0:00:00
2022-02-05,LPVys5z3YJs,HBCU’s In EA College Football?,"May 20, 2024",601,0:00:00
2022-02-06,LPVys5z3YJs,HBCU’s In EA College Football?,"May 20, 2024",601,0:00:00
2022-02-07,LPVys5z3YJs,HBCU’s In EA College Football?,"May 20, 2024",601,0:00:00
2022-02-08,LPVys5z3YJs,HBCU’s In EA College Football?,"May 20, 2024",601,0:00:00
2022-02-09,LPVys5z3YJs,HBCU’s In EA College Football?,"May 20, 2024",601,0:00:00
2022-02-10,LPVys5z3YJs,HBCU’s In EA College Football?,"May 20, 2024",601,0:00:00
2022-02-11,LPVys5z3YJs,HBCU’s In EA College Football?,"May 20, 2024",601,0:00:00
2022-02-12,LPVys5z3YJs,HBCU’s In EA College Football?,"May 20, 2024",601,0:00:00
2022-02-13,LPVys5z3YJs,HBCU’s In EA College Football?,"May 20, 2024",601,0:00:00
2022-02-14,LPVys5z3YJs,HBCU’s In EA College Football?,"May 20, 2024",601,0:00:00
2022-02-15,LPVys5z3YJs,HBCU’s In EA College Football?,"May 20, 2024",601,0:00:00
2022-02-16,LPVys5z3YJs,HBCU’s In EA College Football?,"May 20, 2024",601,0:00:00
2022-02-17,LPVys5z3YJs,HBCU’s In EA College Football?,"May 20, 2024",601,0:00:00
2022-02-18,LPVys5z3YJs,HBCU’s In EA College Football?,"May 20, 2024",601,0:00:00
2022-02-19,LPVys5z3YJs,HBCU’s In EA College Football?,"May 20, 2024",601,0:00:00
2022-02-20,LPVys5z3YJs,HBCU’s In EA College Football?,"May 20, 2024",601,0:00:00
2022-02-21,LPVys5z3YJs,HBCU’s In EA College Football?,"May 20, 2024",601,0:00:00
2022-02-22,LPVys5z3YJs,HBCU’s In EA College Football?,"May 20, 2024",601,0:00:00
2022-02-23,LPVys5z3YJs,HBCU’s In EA College Football?,"May 20, 2024",601,0:00:00
2022-02-24,LPVys5z3YJs,HBCU’s In EA College Football?,"May 20, 2024",601,0:00:00
2022-02-25,LPVys5z3YJs,HBCU’s In EA College Football?,"May 20, 2024",601,0:00:00
2022-02-26,LPVys5z3YJs,HBCU’s In EA College Football?,"May 20, 2024",601,0:00:00
2022-02-27,LPVys5z3YJs,HBCU’s In EA College Football?,"May 20, 2024",601,0:00:00
2022-02-28,LPVys5z3YJs,HBCU’s In EA College Football?,"May 20, 2024",601,0:00:00
2022-03-01,LPVys5z3YJs,HBCU’s In EA College Football?,"May 20, 2024",601,0:00:00
2022-03-02,LPVys5z3YJs,HBCU’s In EA College Football?,"May 20, 2024",601,0:00:00
2022-03-03,LPVys5z3YJs,HBCU’s In EA College Football?,"May 20, 2024",601,0:00:00
2022-03-04,LPVys5z3YJs,HBCU’s In EA College Football?,"May 20, 2024",601,0:00:00
2022-03-05,LPVys5z3YJs,HBCU’s In EA College Football?,"May 20, 2024",601,0:00:00
2022-03-06,LPVys5z3YJs,HBCU’s In EA College Football?,"May 20, 2024",601,0:00:00
2022-03-07,LPVys5z3YJs,HBCU’s In EA College Football?,"May 20, 2024",601,0:00:00
2022-03-08,LPVys5z3YJs,HBCU’s In EA College Football?,"May 20, 2024",601,0:00:00
2022-03-09,LPVys5z3YJs,HBCU’s In EA College Football?,"May 20, 2024",601,0:00:00
2022-03-10,LPVys5z3YJs,HBCU’s In EA College Football?,"May 20, 2024",601,0:00:00
2022-03-11,LPVys5z3YJs,HBCU’s In EA College Football?,"May 20, 2024",601,0:00:00
2022-03-12,LPVys5z3YJs,HBCU’s In EA College Football?,"May 20, 2024",601,0:00:00
2022-03-13,LPVys5z3YJs,HBCU’s In EA College Football?,"May 20, 2024",601,0:00:00
2022-03-14,LPVys5z3YJs,HBCU’s In EA College Football?,"May 20, 2024",601,0:00:00
2022-03-15,LPVys5z3YJs,HBCU’s In EA College Football?,"May 20, 2024",601,0:00:00
2022-03-16,LPVys5z3YJs,HBCU’s In EA College Football?,"May 20, 2024",601,0:00:00
2022-03-17,LPVys5z3YJs,HBCU’s In EA College Football?,"May 20, 2024",601,0:00:00
2022-03-18,LPVys5z3YJs,HBCU’s In EA College Football?,"May 20, 2024",601,0:00:00
2022-03-19,LPVys5z3YJs,HBCU’s In EA College Football?,"May 20, 2024",601,0:00:00
2022-03-20,LPVys5z3YJs,HBCU’s In EA College Football?,"May 20, 2024",601,0:00:00
2022-03-21,LPVys5z3YJs,HBCU’s In EA College Football?,"May 20, 2024",601,0:00:00
2022-03-22,LPVys5z3YJs,HBCU’s In EA College Football?,"May 20, 2024",601,0:00:00
2022-03-23,LPVys5z3YJs,HBCU’s In EA College Football?,"May 20, 2024",601,0:00:00
2022-03-24,LPVys5z3YJs,HBCU’s In EA College Football?,"May 20, 2024",601,0:00:00
2022-03-25,LPVys5z3YJs,HBCU’s In EA College Football?,"May 20, 2024",601,0:00:00
2022-03-26,LPVys5z3YJs,HBCU’s In EA College Football?,"May 20, 2024",601,0:00:00
2022-03-27,LPVys5z3YJs,HBCU’s In EA College Football?,"May 20, 2024",601,0:00:00
2022-03-28,LPVys5z3YJs,HBCU’s In EA College Football?,"May 20, 2024",601,0:00:00
2022-03-29,LPVys5z3YJs,HBCU’s In EA College Football?,"May 20, 2024",601,0:00:00
2022-03-30,LPVys5z3YJs,HBCU’s In EA College Football?,"May 20, 2024",601,0:00:00
2022-03-31,LPVys5z3YJs,HBCU’s In EA College Football?,"May 20, 2024",601,0:00:00
2022-04-01,LPVys5z3YJs,HBCU’s In EA College Football?,"May 20, 2024",601,0:00:00
2022-04-02,LPVys5z3YJs,HBCU’s In EA College Football?,"May 20, 2024",601,0:00:00
2022-04-03,LPVys5z3YJs,HBCU’s In EA College Football?,"May 20, 2024",601,0:00:00
2022-04-04,LPVys5z3YJs,HBCU’s In EA College Football?,"May 20, 2024",601,0:00:00
2022-04-05,LPVys5z3YJs,HBCU’s In EA College Football?,"May 20, 2024",601,0:00:00
2022-04-06,LPVys5z3YJs,HBCU’s In EA College Football?,"May 20, 2024",601,0:00:00
2022-04-07,LPVys5z3YJs,HBCU’s In EA College Football?,"May 20, 2024",601,0:00:00
2022-04-08,LPVys5z3YJs,HBCU’s In EA College Football?,"May 20, 2024",601,0:00:00
2022-04-09,LPVys5z3YJs,HBCU’s In EA College Football?,"May 20, 2024",601,0:00:00
2022-04-10,LPVys5z3YJs,HBCU’s In EA College Football?,"May 20, 2024",601,0:00:00
2022-04-11,LPVys5z3YJs,HBCU’s In EA College Football?,"May 20, 2024",601,0:00:00
2022-04-12,LPVys5z3YJs,HBCU’s In EA College Football?,"May 20, 2024",601,0:00:00
2022-04-13,LPVys5z3YJs,HBCU’s In EA College Football?,"May 20, 2024",601,0:00:00
2022-04-14,LPVys5z3YJs,HBCU’s In EA College Football?,"May 20, 2024",601,0:00:00
2022-04-15,LPVys5z3YJs,HBCU’s In EA College Football?,"May 20, 2024",601,0:00:00
2022-04-16,LPVys5z3YJs,HBCU’s In EA College Football?,"May 20, 2024",601,0:00:00
2022-04-17,LPVys5z3YJs,HBCU’s In EA College Football?,"May 20, 2024",601,0:00:00
2022-04-18,LPVys5z3YJs,HBCU’s In EA College Football?,"May 20, 2024",601,0:00:00
2022-04-19,LPVys5z3YJs,HBCU’s In EA College Football?,"May 20, 2024",601,0:00:00
2022-04-20,LPVys5z3YJs,HBCU’s In EA College Football?,"May 20, 2024",601,0:00:00
2022-04-21,LPVys5z3YJs,HBCU’s In EA College Football?,"May 20, 2024",601,0:00:00
2022-04-22,LPVys5z3YJs,HBCU’s In EA College Football?,"May 20, 2024",601,0:00:00
2022-04-23,LPVys5z3YJs,HBCU’s In EA College Football?,"May 20, 2024",601,0:00:00
2022-04-24,LPVys5z3YJs,HBCU’s In EA College Football?,"May 20, 2024",601,0:00:00
2022-04-25,LPVys5z3YJs,HBCU’s In EA College Football?,"May 20, 2024",601,0:00:00
2022-04-26,LPVys5z3YJs,HBCU’s In EA College Football?,"May 20, 2024",601,0:00:00
2022-04-27,LPVys5z3YJs,HBCU’s In EA College Football?,"May 20, 2024",601,0:00:00
2022-04-28,LPVys5z3YJs,HBCU’s In EA College Football?,"May 20, 2024",601,0:00:00
2022-04-29,LPVys5z3YJs,HBCU’s In EA College Football?,"May 20, 2024",601,0:00:00
2022-04-30,LPVys5z3YJs,HBCU’s In EA College Football?,"May 20, 2024",601,0:00:00
2022-05-01,LPVys5z3YJs,HBCU’s In EA College Football?,"May 20, 2024",601,0:00:00
2022-05-02,LPVys5z3YJs,HBCU’s In EA College Football?,"May 20, 2024",601,0:00:00
2022-05-03,LPVys5z3YJs,HBCU’s In EA College Football?,"May 20, 2024",601,0:00:00
2022-05-04,LPVys5z3YJs,HBCU’s In EA College Football?,"May 20, 2024",601,0:00:00
2022-05-05,LPVys5z3YJs,HBCU’s In EA College Football?,"May 20, 2024",601,0:00:00
2022-05-06,LPVys5z3YJs,HBCU’s In EA College Football?,"May 20, 2024",601,0:00:00
2022-05-07,LPVys5z3YJs,HBCU’s In EA College Football?,"May 20, 2024",601,0:00:00
2022-05-08,LPVys5z3YJs,HBCU’s In EA College Football?,"May 20, 2024",601,0:00:00
2022-05-09,LPVys5z3YJs,HBCU’s In EA College Football?,"May 20, 2024",601,0:00:00
2022-05-10,LPVys5z3YJs,HBCU’s In EA College Football?,"May 20, 2024",601,0:00:00
2022-05-11,LPVys5z3YJs,HBCU’s In EA College Football?,"May 20, 2024",601,0:00:00
2022-05-12,LPVys5z3YJs,HBCU’s In EA College Football?,"May 20, 2024",601,0:00:00
2022-05-13,LPVys5z3YJs,HBCU’s In EA College Football?,"May 20, 2024",601,0:00:00
2022-05-14,LPVys5z3YJs,HBCU’s In EA College Football?,"May 20, 2024",601,0:00:00
2022-05-15,LPVys5z3YJs,HBCU’s In EA College Football?,"May 20, 2024",601,0:00:00
2022-05-16,LPVys5z3YJs,HBCU’s In EA College Football?,"May 20, 2024",601,0:00:00
2022-05-17,LPVys5z3YJs,HBCU’s In EA College Football?,"May 20, 2024",601,0:00:00
2022-05-18,LPVys5z3YJs,HBCU’s In EA College Football?,"May 20, 2024",601,0:00:00
2022-05-19,LPVys5z3YJs,HBCU’s In EA College Football?,"May 20, 2024",601,0:00:00
2022-05-20,LPVys5z3YJs,HBCU’s In EA College Football?,"May 20, 2024",601,0:00:00
2022-05-21,LPVys5z3YJs,HBCU’s In EA College Football?,"May 20, 2024",601,0:00:00
2022-05-22,LPVys5z3YJs,HBCU’s In EA College Football?,"May 20, 2024",601,0:00:00
2022-05-23,LPVys5z3YJs,HBCU’s In EA College Football?,"May 20, 2024",601,0:00:00
2022-05-24,LPVys5z3YJs,HBCU’s In EA College Football?,"May 20, 2024",601,0:00:00
2022-05-25,LPVys5z3YJs,HBCU’s In EA College Football?,"May 20, 2024",601,0:00:00
2022-05-26,LPVys5z3YJs,HBCU’s In EA College Football?,"May 20, 2024",601,0:00:00
2022-05-27,LPVys5z3YJs,HBCU’s In EA College Football?,"May 20, 2024",601,0:00:00
2022-05-28,LPVys5z3YJs,HBCU’s In EA College Football?,"May 20, 2024",601,0:00:00
2022-05-29,LPVys5z3YJs,HBCU’s In EA College Football?,"May 20, 2024",601,0:00:00
2022-05-30,LPVys5z3YJs,HBCU’s In EA College Football?,"May 20, 2024",601,0:00:00
2022-05-31,LPVys5z3YJs,HBCU’s In EA College Football?,"May 20, 2024",601,0:00:00
2022-06-01,LPVys5z3YJs,HBCU’s In EA College Football?,"May 20, 2024",601,0:00:00
2022-06-02,LPVys5z3YJs,HBCU’s In EA College Football?,"May 20, 2024",601,0:00:00
2022-06-03,LPVys5z3YJs,HBCU’s In EA College Football?,"May 20, 2024",601,0:00:00
2022-06-04,LPVys5z3YJs,HBCU’s In EA College Football?,"May 20, 2024",601,0:00:00
2022-06-05,LPVys5z3YJs,HBCU’s In EA College Football?,"May 20, 2024",601,0:00:00
2022-06-06,LPVys5z3YJs,HBCU’s In EA College Football?,"May 20, 2024",601,0:00:00
2022-06-07,LPVys5z3YJs,HBCU’s In EA College Football?,"May 20, 2024",601,0:00:00
2022-06-08,LPVys5z3YJs,HBCU’s In EA College Football?,"May 20, 2024",601,0:00:00
2022-06-09,LPVys5z3YJs,HBCU’s In EA College Football?,"May 20, 2024",601,0:00:00
2022-06-10,LPVys5z3YJs,HBCU’s In EA College Football?,"May 20, 2024",601,0:00:00
2022-06-11,LPVys5z3YJs,HBCU’s In EA College Football?,"May 20, 2024",601,0:00:00
2022-06-12,LPVys5z3YJs,HBCU’s In EA College Football?,"May 20, 2024",601,0:00:00
2022-06-13,LPVys5z3YJs,HBCU’s In EA College Football?,"May 20, 2024",601,0:00:00
2022-06-14,LPVys5z3YJs,HBCU’s In EA College Football?,"May 20, 2024",601,0:00:00
2022-06-15,LPVys5z3YJs,HBCU’s In EA College Football?,"May 20, 2024",601,0:00:00
2022-06-16,LPVys5z3YJs,HBCU’s In EA College Football?,"May 20, 2024",601,0:00:00
2022-06-17,LPVys5z3YJs,HBCU’s In EA College Football?,"May 20, 2024",601,0:00:00
2022-06-18,LPVys5z3YJs,HBCU’s In EA College Football?,"May 20, 2024",601,0:00:00
2022-06-19,LPVys5z3YJs,HBCU’s In EA College Football?,"May 20, 2024",601,0:00:00
2022-06-20,LPVys5z3YJs,HBCU’s In EA College Football?,"May 20, 2024",601,0:00:00
2022-06-21,LPVys5z3YJs,HBCU’s In EA College Football?,"May 20, 2024",601,0:00:00
2022-06-22,LPVys5z3YJs,HBCU’s In EA College Football?,"May 20, 2024",601,0:00:00
2022-06-23,LPVys5z3YJs,HBCU’s In EA College Football?,"May 20, 2024",601,0:00:00
2022-06-24,LPVys5z3YJs,HBCU’s In EA College Football?,"May 20, 2024",601,0:00:00
2022-06-25,LPVys5z3YJs,HBCU’s In EA College Football?,"May 20, 2024",601,0:00:00
2022-06-26,LPVys5z3YJs,HBCU’s In EA College Football?,"May 20, 2024",601,0:00:00
2022-06-27,LPVys5z3YJs,HBCU’s In EA College Football?,"May 20, 2024",601,0:00:00
2022-06-28,LPVys5z3YJs,HBCU’s In EA College Football?,"May 20, 2024",601,0:00:00
2022-06-29,LPVys5z3YJs,HBCU’s In EA College Football?,"May 20, 2024",601,0:00:00
2022-06-30,LPVys5z3YJs,HBCU’s In EA College Football?,"May 20, 2024",601,0:00:00
2022-07-01,LPVys5z3YJs,HBCU’s In EA College Football?,"May 20, 2024",601,0:00:00
2022-07-02,LPVys5z3YJs,HBCU’s In EA College Football?,"May 20, 2024",601,0:00:00
2022-07-03,LPVys5z3YJs,HBCU’s In EA College Football?,"May 20, 2024",601,0:00:00
2022-07-04,LPVys5z3YJs,HBCU’s In EA College Football?,"May 20, 2024",601,0:00:00
2022-07-05,LPVys5z3YJs,HBCU’s In EA College Football?,"May 20, 2024",601,0:00:00
2022-07-06,LPVys5z3YJs,HBCU’s In EA College Football?,"May 20, 2024",601,0:00:00
2022-07-07,LPVys5z3YJs,HBCU’s In EA College Football?,"May 20, 2024",601,0:00:00
2022-07-08,LPVys5z3YJs,HBCU’s In EA College Football?,"May 20, 2024",601,0:00:00
2022-07-09,LPVys5z3YJs,HBCU’s In EA College Football?,"May 20, 2024",601,0:00:00
2022-07-10,LPVys5z3YJs,HBCU’s In EA College Football?,"May 20, 2024",601,0:00:00
2022-07-11,LPVys5z3YJs,HBCU’s In EA College Football?,"May 20, 2024",601,0:00:00
2022-07-12,LPVys5z3YJs,HBCU’s In EA College Football?,"May 20, 2024",601,0:00:00
2022-07-13,LPVys5z3YJs,HBCU’s In EA College Football?,"May 20, 2024",601,0:00:00
2022-07-14,LPVys5z3YJs,HBCU’s In EA College Football?,"May 20, 2024",601,0:00:00
2022-07-15,LPVys5z3YJs,HBCU’s In EA College Football?,"May 20, 2024",601,0:00:00
2022-07-16,LPVys5z3YJs,HBCU’s In EA College Football?,"May 20, 2024",601,0:00:00
2022-07-17,LPVys5z3YJs,HBCU’s In EA College Football?,"May 20, 2024",601,0:00:00
2022-07-18,LPVys5z3YJs,HBCU’s In EA College Football?,"May 20, 2024",601,0:00:00
2022-07-19,LPVys5z3YJs,HBCU’s In EA College Football?,"May 20, 2024",601,0:00:00
2022-07-20,LPVys5z3YJs,HBCU’s In EA College Football?,"May 20, 2024",601,0:00:00
2022-07-21,LPVys5z3YJs,HBCU’s In EA College Football?,"May 20, 2024",601,0:00:00
2022-07-22,LPVys5z3YJs,HBCU’s In EA College Football?,"May 20, 2024",601,0:00:00
2022-07-23,LPVys5z3YJs,HBCU’s In EA College Football?,"May 20, 2024",601,0:00:00
2022-07-24,LPVys5z3YJs,HBCU’s In EA College Football?,"May 20, 2024",601,0:00:00
2022-07-25,LPVys5z3YJs,HBCU’s In EA College Football?,"May 20, 2024",601,0:00:00
2022-07-26,LPVys5z3YJs,HBCU’s In EA College Football?,"May 20, 2024",601,0:00:00
2022-07-27,LPVys5z3YJs,HBCU’s In EA College Football?,"May 20, 2024",601,0:00:00
2022-07-28,LPVys5z3YJs,HBCU’s In EA College Football?,"May 20, 2024",601,0:00:00
2022-07-29,LPVys5z3YJs,HBCU’s In EA College Football?,"May 20, 2024",601,0:00:00
2022-07-30,LPVys5z3YJs,HBCU’s In EA College Football?,"May 20, 2024",601,0:00:00
2022-07-31,LPVys5z3YJs,HBCU’s In EA College Football?,"May 20, 2024",601,0:00:00
2022-08-01,LPVys5z3YJs,HBCU’s In EA College Football?,"May 20, 2024",601,0:00:00
2022-08-02,LPVys5z3YJs,HBCU’s In EA College Football?,"May 20, 2024",601,0:00:00
2022-08-03,LPVys5z3YJs,HBCU’s In EA College Football?,"May 20, 2024",601,0:00:00
2022-08-04,LPVys5z3YJs,HBCU’s In EA College Football?,"May 20, 2024",601,0:00:00
2022-08-05,LPVys5z3YJs,HBCU’s In EA College Football?,"May 20, 2024",601,0:00:00
2022-08-06,LPVys5z3YJs,HBCU’s In EA College Football?,"May 20, 2024",601,0:00:00
2022-08-07,LPVys5z3YJs,HBCU’s In EA College Football?,"May 20, 2024",601,0:00:00
2022-08-08,LPVys5z3YJs,HBCU’s In EA College Football?,"May 20, 2024",601,0:00:00
2022-08-09,LPVys5z3YJs,HBCU’s In EA College Football?,"May 20, 2024",601,0:00:00
2022-08-10,LPVys5z3YJs,HBCU’s In EA College Football?,"May 20, 2024",601,0:00:00
2022-08-11,LPVys5z3YJs,HBCU’s In EA College Football?,"May 20, 2024",601,0:00:00
2022-08-12,LPVys5z3YJs,HBCU’s In EA College Football?,"May 20, 2024",601,0:00:00
2022-08-13,LPVys5z3YJs,HBCU’s In EA College Football?,"May 20, 2024",601,0:00:00
2022-08-14,LPVys5z3YJs,HBCU’s In EA College Football?,"May 20, 2024",601,0:00:00
2022-08-15,LPVys5z3YJs,HBCU’s In EA College Football?,"May 20, 2024",601,0:00:00
2022-08-16,LPVys5z3YJs,HBCU’s In EA College Football?,"May 20, 2024",601,0:00:00
2022-08-17,LPVys5z3YJs,HBCU’s In EA College Football?,"May 20, 2024",601,0:00:00
2022-08-18,LPVys5z3YJs,HBCU’s In EA College Football?,"May 20, 2024",601,0:00:00
2022-08-19,LPVys5z3YJs,HBCU’s In EA College Football?,"May 20, 2024",601,0:00:00
2022-08-20,LPVys5z3YJs,HBCU’s In EA College Football?,"May 20, 2024",601,0:00:00
2022-08-21,LPVys5z3YJs,HBCU’s In EA College Football?,"May 20, 2024",601,0:00:00
2022-08-22,LPVys5z3YJs,HBCU’s In EA College Football?,"May 20, 2024",601,0:00:00
2022-08-23,LPVys5z3YJs,HBCU’s In EA College Football?,"May 20, 2024",601,0:00:00
2022-08-24,LPVys5z3YJs,HBCU’s In EA College Football?,"May 20, 2024",601,0:00:00
2022-08-25,LPVys5z3YJs,HBCU’s In EA College Football?,"May 20, 2024",601,0:00:00
2022-08-26,LPVys5z3YJs,HBCU’s In EA College Football?,"May 20, 2024",601,0:00:00
2022-08-27,LPVys5z3YJs,HBCU’s In EA College Football?,"May 20, 2024",601,0:00:00
2022-08-28,LPVys5z3YJs,HBCU’s In EA College Football?,"May 20, 2024",601,0:00:00
2022-08-29,LPVys5z3YJs,HBCU’s In EA College Football?,"May 20, 2024",601,0:00:00
2022-08-30,LPVys5z3YJs,HBCU’s In EA College Football?,"May 20, 2024",601,0:00:00
2022-08-31,LPVys5z3YJs,HBCU’s In EA College Football?,"May 20, 2024",601,0:00:00
2022-09-01,LPVys5z3YJs,HBCU’s In EA College Football?,"May 20, 2024",601,0:00:00
2022-09-02,LPVys5z3YJs,HBCU’s In EA College Football?,"May 20, 2024",601,0:00:00
2022-09-03,LPVys5z3YJs,HBCU’s In EA College Football?,"May 20, 2024",601,0:00:00
2022-09-04,LPVys5z3YJs,HBCU’s In EA College Football?,"May 20, 2024",601,0:00:00
2022-09-05,LPVys5z3YJs,HBCU’s In EA College Football?,"May 20, 2024",601,0:00:00
2022-09-06,LPVys5z3YJs,HBCU’s In EA College Football?,"May 20, 2024",601,0:00:00
2022-09-07,LPVys5z3YJs,HBCU’s In EA College Football?,"May 20, 2024",601,0:00:00
2022-09-08,LPVys5z3YJs,HBCU’s In EA College Football?,"May 20, 2024",601,0:00:00
2022-09-09,LPVys5z3YJs,HBCU’s In EA College Football?,"May 20, 2024",601,0:00:00
2022-09-10,LPVys5z3YJs,HBCU’s In EA College Football?,"May 20, 2024",601,0:00:00
2022-09-11,LPVys5z3YJs,HBCU’s In EA College Football?,"May 20, 2024",601,0:00:00
2022-09-12,LPVys5z3YJs,HBCU’s In EA College Football?,"May 20, 2024",601,0:00:00
2022-09-13,LPVys5z3YJs,HBCU’s In EA College Football?,"May 20, 2024",601,0:00:00
2022-09-14,LPVys5z3YJs,HBCU’s In EA College Football?,"May 20, 2024",601,0:00:00
2022-09-15,LPVys5z3YJs,HBCU’s In EA College Football?,"May 20, 2024",601,0:00:00
2022-09-16,LPVys5z3YJs,HBCU’s In EA College Football?,"May 20, 2024",601,0:00:00
2022-09-17,LPVys5z3YJs,HBCU’s In EA College Football?,"May 20, 2024",601,0:00:00
2022-09-18,LPVys5z3YJs,HBCU’s In EA College Football?,"May 20, 2024",601,0:00:00
2022-09-19,LPVys5z3YJs,HBCU’s In EA College Football?,"May 20, 2024",601,0:00:00
2022-09-20,LPVys5z3YJs,HBCU’s In EA College Football?,"May 20, 2024",601,0:00:00
2022-09-21,LPVys5z3YJs,HBCU’s In EA College Football?,"May 20, 2024",601,0:00:00
2022-09-22,LPVys5z3YJs,HBCU’s In EA College Football?,"May 20, 2024",601,0:00:00
2022-09-23,LPVys5z3YJs,HBCU’s In EA College Football?,"May 20, 2024",601,0:00:00
2022-09-24,LPVys5z3YJs,HBCU’s In EA College Football?,"May 20, 2024",601,0:00:00
2022-09-25,LPVys5z3YJs,HBCU’s In EA College Football?,"May 20, 2024",601,0:00:00
2022-09-26,LPVys5z3YJs,HBCU’s In EA College Football?,"May 20, 2024",601,0:00:00
2022-09-27,LPVys5z3YJs,HBCU’s In EA College Football?,"May 20, 2024",601,0:00:00
2022-09-28,LPVys5z3YJs,HBCU’s In EA College Football?,"May 20, 2024",601,0:00:00
2022-09-29,LPVys5z3YJs,HBCU’s In EA College Football?,"May 20, 2024",601,0:00:00
2022-09-30,LPVys5z3YJs,HBCU’s In EA College Football?,"May 20, 2024",601,0:00:00
2022-10-01,LPVys5z3YJs,HBCU’s In EA College Football?,"May 20, 2024",601,0:00:00
2022-10-02,LPVys5z3YJs,HBCU’s In EA College Football?,"May 20, 2024",601,0:00:00
2022-10-03,LPVys5z3YJs,HBCU’s In EA College Football?,"May 20, 2024",601,0:00:00
2022-10-04,LPVys5z3YJs,HBCU’s In EA College Football?,"May 20, 2024",601,0:00:00
2022-10-05,LPVys5z3YJs,HBCU’s In EA College Football?,"May 20, 2024",601,0:00:00
2022-10-06,LPVys5z3YJs,HBCU’s In EA College Football?,"May 20, 2024",601,0:00:00
2022-10-07,LPVys5z3YJs,HBCU’s In EA College Football?,"May 20, 2024",601,0:00:00
2022-10-08,LPVys5z3YJs,HBCU’s In EA College Football?,"May 20, 2024",601,0:00:00
2022-10-09,LPVys5z3YJs,HBCU’s In EA College Football?,"May 20, 2024",601,0:00:00
2022-10-10,LPVys5z3YJs,HBCU’s In EA College Football?,"May 20, 2024",601,0:00:00
2022-10-11,LPVys5z3YJs,HBCU’s In EA College Football?,"May 20, 2024",601,0:00:00
2022-10-12,LPVys5z3YJs,HBCU’s In EA College Football?,"May 20, 2024",601,0:00:00
2022-10-13,LPVys5z3YJs,HBCU’s In EA College Football?,"May 20, 2024",601,0:00:00
2022-10-14,LPVys5z3YJs,HBCU’s In EA College Football?,"May 20, 2024",601,0:00:00
2022-10-15,LPVys5z3YJs,HBCU’s In EA College Football?,"May 20, 2024",601,0:00:00
2022-10-16,LPVys5z3YJs,HBCU’s In EA College Football?,"May 20, 2024",601,0:00:00
2022-10-17,LPVys5z3YJs,HBCU’s In EA College Football?,"May 20, 2024",601,0:00:00
2022-10-18,LPVys5z3YJs,HBCU’s In EA College Football?,"May 20, 2024",601,0:00:00
2022-10-19,LPVys5z3YJs,HBCU’s In EA College Football?,"May 20, 2024",601,0:00:00
2022-10-20,LPVys5z3YJs,HBCU’s In EA College Football?,"May 20, 2024",601,0:00:00
2022-10-21,LPVys5z3YJs,HBCU’s In EA College Football?,"May 20, 2024",601,0:00:00
2022-10-22,LPVys5z3YJs,HBCU’s In EA College Football?,"May 20, 2024",601,0:00:00
2022-10-23,LPVys5z3YJs,HBCU’s In EA College Football?,"May 20, 2024",601,0:00:00
2022-10-24,LPVys5z3YJs,HBCU’s In EA College Football?,"May 20, 2024",601,0:00:00
2022-10-25,LPVys5z3YJs,HBCU’s In EA College Football?,"May 20, 2024",601,0:00:00
2022-10-26,LPVys5z3YJs,HBCU’s In EA College Football?,"May 20, 2024",601,0:00:00
2022-10-27,LPVys5z3YJs,HBCU’s In EA College Football?,"May 20, 2024",601,0:00:00
2022-10-28,LPVys5z3YJs,HBCU’s In EA College Football?,"May 20, 2024",601,0:00:00
2022-10-29,LPVys5z3YJs,HBCU’s In EA College Football?,"May 20, 2024",601,0:00:00
2022-10-30,LPVys5z3YJs,HBCU’s In EA College Football?,"May 20, 2024",601,0:00:00
2022-10-31,LPVys5z3YJs,HBCU’s In EA College Football?,"May 20, 2024",601,0:00:00
2022-11-01,LPVys5z3YJs,HBCU’s In EA College Football?,"May 20, 2024",601,0:00:00
2022-11-02,LPVys5z3YJs,HBCU’s In EA College Football?,"May 20, 2024",601,0:00:00
2022-11-03,LPVys5z3YJs,HBCU’s In EA College Football?,"May 20, 2024",601,0:00:00
2022-11-04,LPVys5z3YJs,HBCU’s In EA College Football?,"May 20, 2024",601,0:00:00
2022-11-05,LPVys5z3YJs,HBCU’s In EA College Football?,"May 20, 2024",601,0:00:00
2022-11-06,LPVys5z3YJs,HBCU’s In EA College Football?,"May 20, 2024",601,0:00:00
2022-11-07,LPVys5z3YJs,HBCU’s In EA College Football?,"May 20, 2024",601,0:00:00
2022-11-08,LPVys5z3YJs,HBCU’s In EA College Football?,"May 20, 2024",601,0:00:00
2022-11-09,LPVys5z3YJs,HBCU’s In EA College Football?,"May 20, 2024",601,0:00:00
2022-11-10,LPVys5z3YJs,HBCU’s In EA College Football?,"May 20, 2024",601,0:00:00
2022-11-11,LPVys5z3YJs,HBCU’s In EA College Football?,"May 20, 2024",601,0:00:00
2022-11-12,LPVys5z3YJs,HBCU’s In EA College Football?,"May 20, 2024",601,0:00:00
2022-11-13,LPVys5z3YJs,HBCU’s In EA College Football?,"May 20, 2024",601,0:00:00
2022-11-14,LPVys5z3YJs,HBCU’s In EA College Football?,"May 20, 2024",601,0:00:00
2022-11-15,LPVys5z3YJs,HBCU’s In EA College Football?,"May 20, 2024",601,0:00:00
2022-11-16,LPVys5z3YJs,HBCU’s In EA College Football?,"May 20, 2024",601,0:00:00
2022-11-17,LPVys5z3YJs,HBCU’s In EA College Football?,"May 20, 2024",601,0:00:00
2022-11-18,LPVys5z3YJs,HBCU’s In EA College Football?,"May 20, 2024",601,0:00:00
2022-11-19,LPVys5z3YJs,HBCU’s In EA College Football?,"May 20, 2024",601,0:00:00
2022-11-20,LPVys5z3YJs,HBCU’s In EA College Football?,"May 20, 2024",601,0:00:00
2022-11-21,LPVys5z3YJs,HBCU’s In EA College Football?,"May 20, 2024",601,0:00:00
2022-11-22,LPVys5z3YJs,HBCU’s In EA College Football?,"May 20, 2024",601,0:00:00
2022-11-23,LPVys5z3YJs,HBCU’s In EA College Football?,"May 20, 2024",601,0:00:00
2022-11-24,LPVys5z3YJs,HBCU’s In EA College Football?,"May 20, 2024",601,0:00:00
2022-11-25,LPVys5z3YJs,HBCU’s In EA College Football?,"May 20, 2024",601,0:00:00
2022-11-26,LPVys5z3YJs,HBCU’s In EA College Football?,"May 20, 2024",601,0:00:00
2022-11-27,LPVys5z3YJs,HBCU’s In EA College Football?,"May 20, 2024",601,0:00:00
2022-11-28,LPVys5z3YJs,HBCU’s In EA College Football?,"May 20, 2024",601,0:00:00
2022-11-29,LPVys5z3YJs,HBCU’s In EA College Football?,"May 20, 2024",601,0:00:00
2022-11-30,LPVys5z3YJs,HBCU’s In EA College Football?,"May 20, 2024",601,0:00:00
2022-12-01,LPVys5z3YJs,HBCU’s In EA College Football?,"May 20, 2024",601,0:00:00
2022-12-02,LPVys5z3YJs,HBCU’s In EA College Football?,"May 20, 2024",601,0:00:00
2022-12-03,LPVys5z3YJs,HBCU’s In EA College Football?,"May 20, 2024",601,0:00:00
2022-12-04,LPVys5z3YJs,HBCU’s In EA College Football?,"May 20, 2024",601,0:00:00
2022-12-05,LPVys5z3YJs,HBCU’s In EA College Football?,"May 20, 2024",601,0:00:00
2022-12-06,LPVys5z3YJs,HBCU’s In EA College Football?,"May 20, 2024",601,0:00:00
2022-12-07,LPVys5z3YJs,HBCU’s In EA College Football?,"May 20, 2024",601,0:00:00
2022-12-08,LPVys5z3YJs,HBCU’s In EA College Football?,"May 20, 2024",601,0:00:00
2022-12-09,LPVys5z3YJs,HBCU’s In EA College Football?,"May 20, 2024",601,0:00:00
2022-12-10,LPVys5z3YJs,HBCU’s In EA College Football?,"May 20, 2024",601,0:00:00
2022-12-11,LPVys5z3YJs,HBCU’s In EA College Football?,"May 20, 2024",601,0:00:00
2022-12-12,LPVys5z3YJs,HBCU’s In EA College Football?,"May 20, 2024",601,0:00:00
2022-12-13,LPVys5z3YJs,HBCU’s In EA College Football?,"May 20, 2024",601,0:00:00
2022-12-14,LPVys5z3YJs,HBCU’s In EA College Football?,"May 20, 2024",601,0:00:00
2022-12-15,LPVys5z3YJs,HBCU’s In EA College Football?,"May 20, 2024",601,0:00:00
2022-12-16,LPVys5z3YJs,HBCU’s In EA College Football?,"May 20, 2024",601,0:00:00
2022-12-17,LPVys5z3YJs,HBCU’s In EA College Football?,"May 20, 2024",601,0:00:00
2022-12-18,LPVys5z3YJs,HBCU’s In EA College Football?,"May 20, 2024",601,0:00:00
2022-12-19,LPVys5z3YJs,HBCU’s In EA College Football?,"May 20, 2024",601,0:00:00
2022-12-20,LPVys5z3YJs,HBCU’s In EA College Football?,"May 20, 2024",601,0:00:00
2022-12-21,LPVys5z3YJs,HBCU’s In EA College Football?,"May 20, 2024",601,0:00:00
2022-12-22,LPVys5z3YJs,HBCU’s In EA College Football?,"May 20, 2024",601,0:00:00
2022-12-23,LPVys5z3YJs,HBCU’s In EA College Football?,"May 20, 2024",601,0:00:00
2022-12-24,LPVys5z3YJs,HBCU’s In EA College Football?,"May 20, 2024",601,0:00:00
2022-12-25,LPVys5z3YJs,HBCU’s In EA College Football?,"May 20, 2024",601,0:00:00
2022-12-26,LPVys5z3YJs,HBCU’s In EA College Football?,"May 20, 2024",601,0:00:00
2022-12-27,LPVys5z3YJs,HBCU’s In EA College Football?,"May 20, 2024",601,0:00:00
2022-12-28,LPVys5z3YJs,HBCU’s In EA College Football?,"May 20, 2024",601,0:00:00
2022-12-29,LPVys5z3YJs,HBCU’s In EA College Football?,"May 20, 2024",601,0:00:00
2022-12-30,LPVys5z3YJs,HBCU’s In EA College Football?,"May 20, 2024",601,0:00:00
2022-12-31,LPVys5z3YJs,HBCU’s In EA College Football?,"May 20, 2024",601,0:00:00
2023-01-01,LPVys5z3YJs,HBCU’s In EA College Football?,"May 20, 2024",601,0:00:00
2023-01-02,LPVys5z3YJs,HBCU’s In EA College Football?,"May 20, 2024",601,0:00:00
2023-01-03,LPVys5z3YJs,HBCU’s In EA College Football?,"May 20, 2024",601,0:00:00
2023-01-04,LPVys5z3YJs,HBCU’s In EA College Football?,"May 20, 2024",601,0:00:00
2023-01-05,LPVys5z3YJs,HBCU’s In EA College Football?,"May 20, 2024",601,0:00:00
2023-01-06,LPVys5z3YJs,HBCU’s In EA College Football?,"May 20, 2024",601,0:00:00
2023-01-07,LPVys5z3YJs,HBCU’s In EA College Football?,"May 20, 2024",601,0:00:00
2023-01-08,LPVys5z3YJs,HBCU’s In EA College Football?,"May 20, 2024",601,0:00:00
2023-01-09,LPVys5z3YJs,HBCU’s In EA College Football?,"May 20, 2024",601,0:00:00
2023-01-10,LPVys5z3YJs,HBCU’s In EA College Football?,"May 20, 2024",601,0:00:00
2023-01-11,LPVys5z3YJs,HBCU’s In EA College Football?,"May 20, 2024",601,0:00:00
2023-01-12,LPVys5z3YJs,HBCU’s In EA College Football?,"May 20, 2024",601,0:00:00
2023-01-13,LPVys5z3YJs,HBCU’s In EA College Football?,"May 20, 2024",601,0:00:00
2023-01-14,LPVys5z3YJs,HBCU’s In EA College Football?,"May 20, 2024",601,0:00:00
2023-01-15,LPVys5z3YJs,HBCU’s In EA College Football?,"May 20, 2024",601,0:00:00
2023-01-16,LPVys5z3YJs,HBCU’s In EA College Football?,"May 20, 2024",601,0:00:00
2023-01-17,LPVys5z3YJs,HBCU’s In EA College Football?,"May 20, 2024",601,0:00:00
2023-01-18,LPVys5z3YJs,HBCU’s In EA College Football?,"May 20, 2024",601,0:00:00
2023-01-19,LPVys5z3YJs,HBCU’s In EA College Football?,"May 20, 2024",601,0:00:00
2023-01-20,LPVys5z3YJs,HBCU’s In EA College Football?,"May 20, 2024",601,0:00:00
2023-01-21,LPVys5z3YJs,HBCU’s In EA College Football?,"May 20, 2024",601,0:00:00
2023-01-22,LPVys5z3YJs,HBCU’s In EA College Football?,"May 20, 2024",601,0:00:00
2023-01-23,LPVys5z3YJs,HBCU’s In EA College Football?,"May 20, 2024",601,0:00:00
2023-01-24,LPVys5z3YJs,HBCU’s In EA College Football?,"May 20, 2024",601,0:00:00
2023-01-25,LPVys5z3YJs,HBCU’s In EA College Football?,"May 20, 2024",601,0:00:00
2023-01-26,LPVys5z3YJs,HBCU’s In EA College Football?,"May 20, 2024",601,0:00:00
2023-01-27,LPVys5z3YJs,HBCU’s In EA College Football?,"May 20, 2024",601,0:00:00
2023-01-28,LPVys5z3YJs,HBCU’s In EA College Football?,"May 20, 2024",601,0:00:00
2023-01-29,LPVys5z3YJs,HBCU’s In EA College Football?,"May 20, 2024",601,0:00:00
2023-01-30,LPVys5z3YJs,HBCU’s In EA College Football?,"May 20, 2024",601,0:00:00
2023-01-31,LPVys5z3YJs,HBCU’s In EA College Football?,"May 20, 2024",601,0:00:00
2023-02-01,LPVys5z3YJs,HBCU’s In EA College Football?,"May 20, 2024",601,0:00:00
2023-02-02,LPVys5z3YJs,HBCU’s In EA College Football?,"May 20, 2024",601,0:00:00
2023-02-03,LPVys5z3YJs,HBCU’s In EA College Football?,"May 20, 2024",601,0:00:00
2023-02-04,LPVys5z3YJs,HBCU’s In EA College Football?,"May 20, 2024",601,0:00:00
2023-02-05,LPVys5z3YJs,HBCU’s In EA College Football?,"May 20, 2024",601,0:00:00
2023-02-06,LPVys5z3YJs,HBCU’s In EA College Football?,"May 20, 2024",601,0:00:00
2023-02-07,LPVys5z3YJs,HBCU’s In EA College Football?,"May 20, 2024",601,0:00:00
2023-02-08,LPVys5z3YJs,HBCU’s In EA College Football?,"May 20, 2024",601,0:00:00
2023-02-09,LPVys5z3YJs,HBCU’s In EA College Football?,"May 20, 2024",601,0:00:00
2023-02-10,LPVys5z3YJs,HBCU’s In EA College Football?,"May 20, 2024",601,0:00:00
2023-02-11,LPVys5z3YJs,HBCU’s In EA College Football?,"May 20, 2024",601,0:00:00
2023-02-12,LPVys5z3YJs,HBCU’s In EA College Football?,"May 20, 2024",601,0:00:00
2023-02-13,LPVys5z3YJs,HBCU’s In EA College Football?,"May 20, 2024",601,0:00:00
2023-02-14,LPVys5z3YJs,HBCU’s In EA College Football?,"May 20, 2024",601,0:00:00
2023-02-15,LPVys5z3YJs,HBCU’s In EA College Football?,"May 20, 2024",601,0:00:00
2023-02-16,LPVys5z3YJs,HBCU’s In EA College Football?,"May 20, 2024",601,0:00:00
2023-02-17,LPVys5z3YJs,HBCU’s In EA College Football?,"May 20, 2024",601,0:00:00
2023-02-18,LPVys5z3YJs,HBCU’s In EA College Football?,"May 20, 2024",601,0:00:00
2023-02-19,LPVys5z3YJs,HBCU’s In EA College Football?,"May 20, 2024",601,0:00:00
2023-02-20,LPVys5z3YJs,HBCU’s In EA College Football?,"May 20, 2024",601,0:00:00
2023-02-21,LPVys5z3YJs,HBCU’s In EA College Football?,"May 20, 2024",601,0:00:00
2023-02-22,LPVys5z3YJs,HBCU’s In EA College Football?,"May 20, 2024",601,0:00:00
2023-02-23,LPVys5z3YJs,HBCU’s In EA College Football?,"May 20, 2024",601,0:00:00
2023-02-24,LPVys5z3YJs,HBCU’s In EA College Football?,"May 20, 2024",601,0:00:00
2023-02-25,LPVys5z3YJs,HBCU’s In EA College Football?,"May 20, 2024",601,0:00:00
2023-02-26,LPVys5z3YJs,HBCU’s In EA College Football?,"May 20, 2024",601,0:00:00
2023-02-27,LPVys5z3YJs,HBCU’s In EA College Football?,"May 20, 2024",601,0:00:00
2023-02-28,LPVys5z3YJs,HBCU’s In EA College Football?,"May 20, 2024",601,0:00:00
2023-03-01,LPVys5z3YJs,HBCU’s In EA College Football?,"May 20, 2024",601,0:00:00
2023-03-02,LPVys5z3YJs,HBCU’s In EA College Football?,"May 20, 2024",601,0:00:00
2023-03-03,LPVys5z3YJs,HBCU’s In EA College Football?,"May 20, 2024",601,0:00:00
2023-03-04,LPVys5z3YJs,HBCU’s In EA College Football?,"May 20, 2024",601,0:00:00
2023-03-05,LPVys5z3YJs,HBCU’s In EA College Football?,"May 20, 2024",601,0:00:00
2023-03-06,LPVys5z3YJs,HBCU’s In EA College Football?,"May 20, 2024",601,0:00:00
2023-03-07,LPVys5z3YJs,HBCU’s In EA College Football?,"May 20, 2024",601,0:00:00
2023-03-08,LPVys5z3YJs,HBCU’s In EA College Football?,"May 20, 2024",601,0:00:00
2023-03-09,LPVys5z3YJs,HBCU’s In EA College Football?,"May 20, 2024",601,0:00:00
2023-03-10,LPVys5z3YJs,HBCU’s In EA College Football?,"May 20, 2024",601,0:00:00
2023-03-11,LPVys5z3YJs,HBCU’s In EA College Football?,"May 20, 2024",601,0:00:00
2023-03-12,LPVys5z3YJs,HBCU’s In EA College Football?,"May 20, 2024",601,0:00:00
2023-03-13,LPVys5z3YJs,HBCU’s In EA College Football?,"May 20, 2024",601,0:00:00
2023-03-14,LPVys5z3YJs,HBCU’s In EA College Football?,"May 20, 2024",601,0:00:00
2023-03-15,LPVys5z3YJs,HBCU’s In EA College Football?,"May 20, 2024",601,0:00:00
2023-03-16,LPVys5z3YJs,HBCU’s In EA College Football?,"May 20, 2024",601,0:00:00
2023-03-17,LPVys5z3YJs,HBCU’s In EA College Football?,"May 20, 2024",601,0:00:00
2023-03-18,LPVys5z3YJs,HBCU’s In EA College Football?,"May 20, 2024",601,0:00:00
2023-03-19,LPVys5z3YJs,HBCU’s In EA College Football?,"May 20, 2024",601,0:00:00
2023-03-20,LPVys5z3YJs,HBCU’s In EA College Football?,"May 20, 2024",601,0:00:00
2023-03-21,LPVys5z3YJs,HBCU’s In EA College Football?,"May 20, 2024",601,0:00:00
2023-03-22,LPVys5z3YJs,HBCU’s In EA College Football?,"May 20, 2024",601,0:00:00
2023-03-23,LPVys5z3YJs,HBCU’s In EA College Football?,"May 20, 2024",601,0:00:00
2023-03-24,LPVys5z3YJs,HBCU’s In EA College Football?,"May 20, 2024",601,0:00:00
2023-03-25,LPVys5z3YJs,HBCU’s In EA College Football?,"May 20, 2024",601,0:00:00
2023-03-26,LPVys5z3YJs,HBCU’s In EA College Football?,"May 20, 2024",601,0:00:00
2023-03-27,LPVys5z3YJs,HBCU’s In EA College Football?,"May 20, 2024",601,0:00:00
2023-03-28,LPVys5z3YJs,HBCU’s In EA College Football?,"May 20, 2024",601,0:00:00
2023-03-29,LPVys5z3YJs,HBCU’s In EA College Football?,"May 20, 2024",601,0:00:00
2023-03-30,LPVys5z3YJs,HBCU’s In EA College Football?,"May 20, 2024",601,0:00:00
2023-03-31,LPVys5z3YJs,HBCU’s In EA College Football?,"May 20, 2024",601,0:00:00
2023-04-01,LPVys5z3YJs,HBCU’s In EA College Football?,"May 20, 2024",601,0:00:00
2023-04-02,LPVys5z3YJs,HBCU’s In EA College Football?,"May 20, 2024",601,0:00:00
2023-04-03,LPVys5z3YJs,HBCU’s In EA College Football?,"May 20, 2024",601,0:00:00
2023-04-04,LPVys5z3YJs,HBCU’s In EA College Football?,"May 20, 2024",601,0:00:00
2023-04-05,LPVys5z3YJs,HBCU’s In EA College Football?,"May 20, 2024",601,0:00:00
2023-04-06,LPVys5z3YJs,HBCU’s In EA College Football?,"May 20, 2024",601,0:00:00
2023-04-07,LPVys5z3YJs,HBCU’s In EA College Football?,"May 20, 2024",601,0:00:00
2023-04-08,LPVys5z3YJs,HBCU’s In EA College Football?,"May 20, 2024",601,0:00:00
2023-04-09,LPVys5z3YJs,HBCU’s In EA College Football?,"May 20, 2024",601,0:00:00
2023-04-10,LPVys5z3YJs,HBCU’s In EA College Football?,"May 20, 2024",601,0:00:00
2023-04-11,LPVys5z3YJs,HBCU’s In EA College Football?,"May 20, 2024",601,0:00:00
2023-04-12,LPVys5z3YJs,HBCU’s In EA College Football?,"May 20, 2024",601,0:00:00
2023-04-13,LPVys5z3YJs,HBCU’s In EA College Football?,"May 20, 2024",601,0:00:00
2023-04-14,LPVys5z3YJs,HBCU’s In EA College Football?,"May 20, 2024",601,0:00:00
2023-04-15,LPVys5z3YJs,HBCU’s In EA College Football?,"May 20, 2024",601,0:00:00
2023-04-16,LPVys5z3YJs,HBCU’s In EA College Football?,"May 20, 2024",601,0:00:00
2023-04-17,LPVys5z3YJs,HBCU’s In EA College Football?,"May 20, 2024",601,0:00:00
2023-04-18,LPVys5z3YJs,HBCU’s In EA College Football?,"May 20, 2024",601,0:00:00
2023-04-19,LPVys5z3YJs,HBCU’s In EA College Football?,"May 20, 2024",601,0:00:00
2023-04-20,LPVys5z3YJs,HBCU’s In EA College Football?,"May 20, 2024",601,0:00:00
2023-04-21,LPVys5z3YJs,HBCU’s In EA College Football?,"May 20, 2024",601,0:00:00
2023-04-22,LPVys5z3YJs,HBCU’s In EA College Football?,"May 20, 2024",601,0:00:00
2023-04-23,LPVys5z3YJs,HBCU’s In EA College Football?,"May 20, 2024",601,0:00:00
2023-04-24,LPVys5z3YJs,HBCU’s In EA College Football?,"May 20, 2024",601,0:00:00
2023-04-25,LPVys5z3YJs,HBCU’s In EA College Football?,"May 20, 2024",601,0:00:00
2023-04-26,LPVys5z3YJs,HBCU’s In EA College Football?,"May 20, 2024",601,0:00:00
2023-04-27,LPVys5z3YJs,HBCU’s In EA College Football?,"May 20, 2024",601,0:00:00
2023-04-28,LPVys5z3YJs,HBCU’s In EA College Football?,"May 20, 2024",601,0:00:00
2023-04-29,LPVys5z3YJs,HBCU’s In EA College Football?,"May 20, 2024",601,0:00:00
2023-04-30,LPVys5z3YJs,HBCU’s In EA College Football?,"May 20, 2024",601,0:00:00
2023-05-01,LPVys5z3YJs,HBCU’s In EA College Football?,"May 20, 2024",601,0:00:00
2023-05-02,LPVys5z3YJs,HBCU’s In EA College Football?,"May 20, 2024",601,0:00:00
2023-05-03,LPVys5z3YJs,HBCU’s In EA College Football?,"May 20, 2024",601,0:00:00
2023-05-04,LPVys5z3YJs,HBCU’s In EA College Football?,"May 20, 2024",601,0:00:00
2023-05-05,LPVys5z3YJs,HBCU’s In EA College Football?,"May 20, 2024",601,0:00:00
2023-05-06,LPVys5z3YJs,HBCU’s In EA College Football?,"May 20, 2024",601,0:00:00
2023-05-07,LPVys5z3YJs,HBCU’s In EA College Football?,"May 20, 2024",601,0:00:00
2023-05-08,LPVys5z3YJs,HBCU’s In EA College Football?,"May 20, 2024",601,0:00:00
2023-05-09,LPVys5z3YJs,HBCU’s In EA College Football?,"May 20, 2024",601,0:00:00
2023-05-10,LPVys5z3YJs,HBCU’s In EA College Football?,"May 20, 2024",601,0:00:00
2023-05-11,LPVys5z3YJs,HBCU’s In EA College Football?,"May 20, 2024",601,0:00:00
2023-05-12,LPVys5z3YJs,HBCU’s In EA College Football?,"May 20, 2024",601,0:00:00
2023-05-13,LPVys5z3YJs,HBCU’s In EA College Football?,"May 20, 2024",601,0:00:00
2023-05-14,LPVys5z3YJs,HBCU’s In EA College Football?,"May 20, 2024",601,0:00:00
2023-05-15,LPVys5z3YJs,HBCU’s In EA College Football?,"May 20, 2024",601,0:00:00
2023-05-16,LPVys5z3YJs,HBCU’s In EA College Football?,"May 20, 2024",601,0:00:00
2023-05-17,LPVys5z3YJs,HBCU’s In EA College Football?,"May 20, 2024",601,0:00:00
2023-05-18,LPVys5z3YJs,HBCU’s In EA College Football?,"May 20, 2024",601,0:00:00
2023-05-19,LPVys5z3YJs,HBCU’s In EA College Football?,"May 20, 2024",601,0:00:00
2023-05-20,LPVys5z3YJs,HBCU’s In EA College Football?,"May 20, 2024",601,0:00:00
2023-05-21,LPVys5z3YJs,HBCU’s In EA College Football?,"May 20, 2024",601,0:00:00
2023-05-22,LPVys5z3YJs,HBCU’s In EA College Football?,"May 20, 2024",601,0:00:00
2023-05-23,LPVys5z3YJs,HBCU’s In EA College Football?,"May 20, 2024",601,0:00:00
2023-05-24,LPVys5z3YJs,HBCU’s In EA College Football?,"May 20, 2024",601,0:00:00
2023-05-25,LPVys5z3YJs,HBCU’s In EA College Football?,"May 20, 2024",601,0:00:00
2023-05-26,LPVys5z3YJs,HBCU’s In EA College Football?,"May 20, 2024",601,0:00:00
2023-05-27,LPVys5z3YJs,HBCU’s In EA College Football?,"May 20, 2024",601,0:00:00
2023-05-28,LPVys5z3YJs,HBCU’s In EA College Football?,"May 20, 2024",601,0:00:00
2023-05-29,LPVys5z3YJs,HBCU’s In EA College Football?,"May 20, 2024",601,0:00:00
2023-05-30,LPVys5z3YJs,HBCU’s In EA College Football?,"May 20, 2024",601,0:00:00
2023-05-31,LPVys5z3YJs,HBCU’s In EA College Football?,"May 20, 2024",601,0:00:00
2023-06-01,LPVys5z3YJs,HBCU’s In EA College Football?,"May 20, 2024",601,0:00:00
2023-06-02,LPVys5z3YJs,HBCU’s In EA College Football?,"May 20, 2024",601,0:00:00
2023-06-03,LPVys5z3YJs,HBCU’s In EA College Football?,"May 20, 2024",601,0:00:00
2023-06-04,LPVys5z3YJs,HBCU’s In EA College Football?,"May 20, 2024",601,0:00:00
2023-06-05,LPVys5z3YJs,HBCU’s In EA College Football?,"May 20, 2024",601,0:00:00
2023-06-06,LPVys5z3YJs,HBCU’s In EA College Football?,"May 20, 2024",601,0:00:00
2023-06-07,LPVys5z3YJs,HBCU’s In EA College Football?,"May 20, 2024",601,0:00:00
2023-06-08,LPVys5z3YJs,HBCU’s In EA College Football?,"May 20, 2024",601,0:00:00
2023-06-09,LPVys5z3YJs,HBCU’s In EA College Football?,"May 20, 2024",601,0:00:00
2023-06-10,LPVys5z3YJs,HBCU’s In EA College Football?,"May 20, 2024",601,0:00:00
2023-06-11,LPVys5z3YJs,HBCU’s In EA College Football?,"May 20, 2024",601,0:00:00
2023-06-12,LPVys5z3YJs,HBCU’s In EA College Football?,"May 20, 2024",601,0:00:00
2023-06-13,LPVys5z3YJs,HBCU’s In EA College Football?,"May 20, 2024",601,0:00:00
2023-06-14,LPVys5z3YJs,HBCU’s In EA College Football?,"May 20, 2024",601,0:00:00
2023-06-15,LPVys5z3YJs,HBCU’s In EA College Football?,"May 20, 2024",601,0:00:00
2023-06-16,LPVys5z3YJs,HBCU’s In EA College Football?,"May 20, 2024",601,0:00:00
2023-06-17,LPVys5z3YJs,HBCU’s In EA College Football?,"May 20, 2024",601,0:00:00
2023-06-18,LPVys5z3YJs,HBCU’s In EA College Football?,"May 20, 2024",601,0:00:00
2023-06-19,LPVys5z3YJs,HBCU’s In EA College Football?,"May 20, 2024",601,0:00:00
2023-06-20,LPVys5z3YJs,HBCU’s In EA College Football?,"May 20, 2024",601,0:00:00
2023-06-21,LPVys5z3YJs,HBCU’s In EA College Football?,"May 20, 2024",601,0:00:00
2023-06-22,LPVys5z3YJs,HBCU’s In EA College Football?,"May 20, 2024",601,0:00:00
2023-06-23,LPVys5z3YJs,HBCU’s In EA College Football?,"May 20, 2024",601,0:00:00
2023-06-24,LPVys5z3YJs,HBCU’s In EA College Football?,"May 20, 2024",601,0:00:00
2023-06-25,LPVys5z3YJs,HBCU’s In EA College Football?,"May 20, 2024",601,0:00:00
2023-06-26,LPVys5z3YJs,HBCU’s In EA College Football?,"May 20, 2024",601,0:00:00
2023-06-27,LPVys5z3YJs,HBCU’s In EA College Football?,"May 20, 2024",601,0:00:00
2023-06-28,LPVys5z3YJs,HBCU’s In EA College Football?,"May 20, 2024",601,0:00:00
2023-06-29,LPVys5z3YJs,HBCU’s In EA College Football?,"May 20, 2024",601,0:00:00
2023-06-30,LPVys5z3YJs,HBCU’s In EA College Football?,"May 20, 2024",601,0:00:00
2023-07-01,LPVys5z3YJs,HBCU’s In EA College Football?,"May 20, 2024",601,0:00:00
2023-07-02,LPVys5z3YJs,HBCU’s In EA College Football?,"May 20, 2024",601,0:00:00
2023-07-03,LPVys5z3YJs,HBCU’s In EA College Football?,"May 20, 2024",601,0:00:00
2023-07-04,LPVys5z3YJs,HBCU’s In EA College Football?,"May 20, 2024",601,0:00:00
2023-07-05,LPVys5z3YJs,HBCU’s In EA College Football?,"May 20, 2024",601,0:00:00
2023-07-06,LPVys5z3YJs,HBCU’s In EA College Football?,"May 20, 2024",601,0:00:00
2023-07-07,LPVys5z3YJs,HBCU’s In EA College Football?,"May 20, 2024",601,0:00:00
2023-07-08,LPVys5z3YJs,HBCU’s In EA College Football?,"May 20, 2024",601,0:00:00
2023-07-09,LPVys5z3YJs,HBCU’s In EA College Football?,"May 20, 2024",601,0:00:00
2023-07-10,LPVys5z3YJs,HBCU’s In EA College Football?,"May 20, 2024",601,0:00:00
2023-07-11,LPVys5z3YJs,HBCU’s In EA College Football?,"May 20, 2024",601,0:00:00
2023-07-12,LPVys5z3YJs,HBCU’s In EA College Football?,"May 20, 2024",601,0:00:00
2023-07-13,LPVys5z3YJs,HBCU’s In EA College Football?,"May 20, 2024",601,0:00:00
2023-07-14,LPVys5z3YJs,HBCU’s In EA College Football?,"May 20, 2024",601,0:00:00
2023-07-15,LPVys5z3YJs,HBCU’s In EA College Football?,"May 20, 2024",601,0:00:00
2023-07-16,LPVys5z3YJs,HBCU’s In EA College Football?,"May 20, 2024",601,0:00:00
2023-07-17,LPVys5z3YJs,HBCU’s In EA College Football?,"May 20, 2024",601,0:00:00
2023-07-18,LPVys5z3YJs,HBCU’s In EA College Football?,"May 20, 2024",601,0:00:00
2023-07-19,LPVys5z3YJs,HBCU’s In EA College Football?,"May 20, 2024",601,0:00:00
2023-07-20,LPVys5z3YJs,HBCU’s In EA College Football?,"May 20, 2024",601,0:00:00
2023-07-21,LPVys5z3YJs,HBCU’s In EA College Football?,"May 20, 2024",601,0:00:00
2023-07-22,LPVys5z3YJs,HBCU’s In EA College Football?,"May 20, 2024",601,0:00:00
2023-07-23,LPVys5z3YJs,HBCU’s In EA College Football?,"May 20, 2024",601,0:00:00
2023-07-24,LPVys5z3YJs,HBCU’s In EA College Football?,"May 20, 2024",601,0:00:00
2023-07-25,LPVys5z3YJs,HBCU’s In EA College Football?,"May 20, 2024",601,0:00:00
2023-07-26,LPVys5z3YJs,HBCU’s In EA College Football?,"May 20, 2024",601,0:00:00
2023-07-27,LPVys5z3YJs,HBCU’s In EA College Football?,"May 20, 2024",601,0:00:00
2023-07-28,LPVys5z3YJs,HBCU’s In EA College Football?,"May 20, 2024",601,0:00:00
2023-07-29,LPVys5z3YJs,HBCU’s In EA College Football?,"May 20, 2024",601,0:00:00
2023-07-30,LPVys5z3YJs,HBCU’s In EA College Football?,"May 20, 2024",601,0:00:00
2023-07-31,LPVys5z3YJs,HBCU’s In EA College Football?,"May 20, 2024",601,0:00:00
2023-08-01,LPVys5z3YJs,HBCU’s In EA College Football?,"May 20, 2024",601,0:00:00
2023-08-02,LPVys5z3YJs,HBCU’s In EA College Football?,"May 20, 2024",601,0:00:00
2023-08-03,LPVys5z3YJs,HBCU’s In EA College Football?,"May 20, 2024",601,0:00:00
2023-08-04,LPVys5z3YJs,HBCU’s In EA College Football?,"May 20, 2024",601,0:00:00
2023-08-05,LPVys5z3YJs,HBCU’s In EA College Football?,"May 20, 2024",601,0:00:00
2023-08-06,LPVys5z3YJs,HBCU’s In EA College Football?,"May 20, 2024",601,0:00:00
2023-08-07,LPVys5z3YJs,HBCU’s In EA College Football?,"May 20, 2024",601,0:00:00
2023-08-08,LPVys5z3YJs,HBCU’s In EA College Football?,"May 20, 2024",601,0:00:00
2023-08-09,LPVys5z3YJs,HBCU’s In EA College Football?,"May 20, 2024",601,0:00:00
2023-08-10,LPVys5z3YJs,HBCU’s In EA College Football?,"May 20, 2024",601,0:00:00
2023-08-11,LPVys5z3YJs,HBCU’s In EA College Football?,"May 20, 2024",601,0:00:00
2023-08-12,LPVys5z3YJs,HBCU’s In EA College Football?,"May 20, 2024",601,0:00:00
2023-08-13,LPVys5z3YJs,HBCU’s In EA College Football?,"May 20, 2024",601,0:00:00
2023-08-14,LPVys5z3YJs,HBCU’s In EA College Football?,"May 20, 2024",601,0:00:00
2023-08-15,LPVys5z3YJs,HBCU’s In EA College Football?,"May 20, 2024",601,0:00:00
2023-08-16,LPVys5z3YJs,HBCU’s In EA College Football?,"May 20, 2024",601,0:00:00
2023-08-17,LPVys5z3YJs,HBCU’s In EA College Football?,"May 20, 2024",601,0:00:00
2023-08-18,LPVys5z3YJs,HBCU’s In EA College Football?,"May 20, 2024",601,0:00:00
2023-08-19,LPVys5z3YJs,HBCU’s In EA College Football?,"May 20, 2024",601,0:00:00
2023-08-20,LPVys5z3YJs,HBCU’s In EA College Football?,"May 20, 2024",601,0:00:00
2023-08-21,LPVys5z3YJs,HBCU’s In EA College Football?,"May 20, 2024",601,0:00:00
2023-08-22,LPVys5z3YJs,HBCU’s In EA College Football?,"May 20, 2024",601,0:00:00
2023-08-23,LPVys5z3YJs,HBCU’s In EA College Football?,"May 20, 2024",601,0:00:00
2023-08-24,LPVys5z3YJs,HBCU’s In EA College Football?,"May 20, 2024",601,0:00:00
2023-08-25,LPVys5z3YJs,HBCU’s In EA College Football?,"May 20, 2024",601,0:00:00
2023-08-26,LPVys5z3YJs,HBCU’s In EA College Football?,"May 20, 2024",601,0:00:00
2023-08-27,LPVys5z3YJs,HBCU’s In EA College Football?,"May 20, 2024",601,0:00:00
2023-08-28,LPVys5z3YJs,HBCU’s In EA College Football?,"May 20, 2024",601,0:00:00
2023-08-29,LPVys5z3YJs,HBCU’s In EA College Football?,"May 20, 2024",601,0:00:00
2023-08-30,LPVys5z3YJs,HBCU’s In EA College Football?,"May 20, 2024",601,0:00:00
2023-08-31,LPVys5z3YJs,HBCU’s In EA College Football?,"May 20, 2024",601,0:00:00
2023-09-01,LPVys5z3YJs,HBCU’s In EA College Football?,"May 20, 2024",601,0:00:00
2023-09-02,LPVys5z3YJs,HBCU’s In EA College Football?,"May 20, 2024",601,0:00:00
2023-09-03,LPVys5z3YJs,HBCU’s In EA College Football?,"May 20, 2024",601,0:00:00
2023-09-04,LPVys5z3YJs,HBCU’s In EA College Football?,"May 20, 2024",601,0:00:00
2023-09-05,LPVys5z3YJs,HBCU’s In EA College Football?,"May 20, 2024",601,0:00:00
2023-09-06,LPVys5z3YJs,HBCU’s In EA College Football?,"May 20, 2024",601,0:00:00
2023-09-07,LPVys5z3YJs,HBCU’s In EA College Football?,"May 20, 2024",601,0:00:00
2023-09-08,LPVys5z3YJs,HBCU’s In EA College Football?,"May 20, 2024",601,0:00:00
2023-09-09,LPVys5z3YJs,HBCU’s In EA College Football?,"May 20, 2024",601,0:00:00
2023-09-10,LPVys5z3YJs,HBCU’s In EA College Football?,"May 20, 2024",601,0:00:00
2023-09-11,LPVys5z3YJs,HBCU’s In EA College Football?,"May 20, 2024",601,0:00:00
2023-09-12,LPVys5z3YJs,HBCU’s In EA College Football?,"May 20, 2024",601,0:00:00
2023-09-13,LPVys5z3YJs,HBCU’s In EA College Football?,"May 20, 2024",601,0:00:00
2023-09-14,LPVys5z3YJs,HBCU’s In EA College Football?,"May 20, 2024",601,0:00:00
2023-09-15,LPVys5z3YJs,HBCU’s In EA College Football?,"May 20, 2024",601,0:00:00
2023-09-16,LPVys5z3YJs,HBCU’s In EA College Football?,"May 20, 2024",601,0:00:00
2023-09-17,LPVys5z3YJs,HBCU’s In EA College Football?,"May 20, 2024",601,0:00:00
2023-09-18,LPVys5z3YJs,HBCU’s In EA College Football?,"May 20, 2024",601,0:00:00
2023-09-19,LPVys5z3YJs,HBCU’s In EA College Football?,"May 20, 2024",601,0:00:00
2023-09-20,LPVys5z3YJs,HBCU’s In EA College Football?,"May 20, 2024",601,0:00:00
2023-09-21,LPVys5z3YJs,HBCU’s In EA College Football?,"May 20, 2024",601,0:00:00
2023-09-22,LPVys5z3YJs,HBCU’s In EA College Football?,"May 20, 2024",601,0:00:00
2023-09-23,LPVys5z3YJs,HBCU’s In EA College Football?,"May 20, 2024",601,0:00:00
2023-09-24,LPVys5z3YJs,HBCU’s In EA College Football?,"May 20, 2024",601,0:00:00
2023-09-25,LPVys5z3YJs,HBCU’s In EA College Football?,"May 20, 2024",601,0:00:00
2023-09-26,LPVys5z3YJs,HBCU’s In EA College Football?,"May 20, 2024",601,0:00:00
2023-09-27,LPVys5z3YJs,HBCU’s In EA College Football?,"May 20, 2024",601,0:00:00
2023-09-28,LPVys5z3YJs,HBCU’s In EA College Football?,"May 20, 2024",601,0:00:00
2023-09-29,LPVys5z3YJs,HBCU’s In EA College Football?,"May 20, 2024",601,0:00:00
2023-09-30,LPVys5z3YJs,HBCU’s In EA College Football?,"May 20, 2024",601,0:00:00
2023-10-01,LPVys5z3YJs,HBCU’s In EA College Football?,"May 20, 2024",601,0:00:00
2023-10-02,LPVys5z3YJs,HBCU’s In EA College Football?,"May 20, 2024",601,0:00:00
2023-10-03,LPVys5z3YJs,HBCU’s In EA College Football?,"May 20, 2024",601,0:00:00
2023-10-04,LPVys5z3YJs,HBCU’s In EA College Football?,"May 20, 2024",601,0:00:00
2023-10-05,LPVys5z3YJs,HBCU’s In EA College Football?,"May 20, 2024",601,0:00:00
2023-10-06,LPVys5z3YJs,HBCU’s In EA College Football?,"May 20, 2024",601,0:00:00
2023-10-07,LPVys5z3YJs,HBCU’s In EA College Football?,"May 20, 2024",601,0:00:00
2023-10-08,LPVys5z3YJs,HBCU’s In EA College Football?,"May 20, 2024",601,0:00:00
2023-10-09,LPVys5z3YJs,HBCU’s In EA College Football?,"May 20, 2024",601,0:00:00
2023-10-10,LPVys5z3YJs,HBCU’s In EA College Football?,"May 20, 2024",601,0:00:00
2023-10-11,LPVys5z3YJs,HBCU’s In EA College Football?,"May 20, 2024",601,0:00:00
2023-10-12,LPVys5z3YJs,HBCU’s In EA College Football?,"May 20, 2024",601,0:00:00
2023-10-13,LPVys5z3YJs,HBCU’s In EA College Football?,"May 20, 2024",601,0:00:00
2023-10-14,LPVys5z3YJs,HBCU’s In EA College Football?,"May 20, 2024",601,0:00:00
2023-10-15,LPVys5z3YJs,HBCU’s In EA College Football?,"May 20, 2024",601,0:00:00
2023-10-16,LPVys5z3YJs,HBCU’s In EA College Football?,"May 20, 2024",601,0:00:00
2023-10-17,LPVys5z3YJs,HBCU’s In EA College Football?,"May 20, 2024",601,0:00:00
2023-10-18,LPVys5z3YJs,HBCU’s In EA College Football?,"May 20, 2024",601,0:00:00
2023-10-19,LPVys5z3YJs,HBCU’s In EA College Football?,"May 20, 2024",601,0:00:00
2023-10-20,LPVys5z3YJs,HBCU’s In EA College Football?,"May 20, 2024",601,0:00:00
2023-10-21,LPVys5z3YJs,HBCU’s In EA College Football?,"May 20, 2024",601,0:00:00
2023-10-22,LPVys5z3YJs,HBCU’s In EA College Football?,"May 20, 2024",601,0:00:00
2023-10-23,LPVys5z3YJs,HBCU’s In EA College Football?,"May 20, 2024",601,0:00:00
2023-10-24,LPVys5z3YJs,HBCU’s In EA College Football?,"May 20, 2024",601,0:00:00
2023-10-25,LPVys5z3YJs,HBCU’s In EA College Football?,"May 20, 2024",601,0:00:00
2023-10-26,LPVys5z3YJs,HBCU’s In EA College Football?,"May 20, 2024",601,0:00:00
2023-10-27,LPVys5z3YJs,HBCU’s In EA College Football?,"May 20, 2024",601,0:00:00
2023-10-28,LPVys5z3YJs,HBCU’s In EA College Football?,"May 20, 2024",601,0:00:00
2023-10-29,LPVys5z3YJs,HBCU’s In EA College Football?,"May 20, 2024",601,0:00:00
2023-10-30,LPVys5z3YJs,HBCU’s In EA College Football?,"May 20, 2024",601,0:00:00
2023-10-31,LPVys5z3YJs,HBCU’s In EA College Football?,"May 20, 2024",601,0:00:00
2023-11-01,LPVys5z3YJs,HBCU’s In EA College Football?,"May 20, 2024",601,0:00:00
2023-11-02,LPVys5z3YJs,HBCU’s In EA College Football?,"May 20, 2024",601,0:00:00
2023-11-03,LPVys5z3YJs,HBCU’s In EA College Football?,"May 20, 2024",601,0:00:00
2023-11-04,LPVys5z3YJs,HBCU’s In EA College Football?,"May 20, 2024",601,0:00:00
2023-11-05,LPVys5z3YJs,HBCU’s In EA College Football?,"May 20, 2024",601,0:00:00
2023-11-06,LPVys5z3YJs,HBCU’s In EA College Football?,"May 20, 2024",601,0:00:00
2023-11-07,LPVys5z3YJs,HBCU’s In EA College Football?,"May 20, 2024",601,0:00:00
2023-11-08,LPVys5z3YJs,HBCU’s In EA College Football?,"May 20, 2024",601,0:00:00
2023-11-09,LPVys5z3YJs,HBCU’s In EA College Football?,"May 20, 2024",601,0:00:00
2023-11-10,LPVys5z3YJs,HBCU’s In EA College Football?,"May 20, 2024",601,0:00:00
2023-11-11,LPVys5z3YJs,HBCU’s In EA College Football?,"May 20, 2024",601,0:00:00
2023-11-12,LPVys5z3YJs,HBCU’s In EA College Football?,"May 20, 2024",601,0:00:00
2023-11-13,LPVys5z3YJs,HBCU’s In EA College Football?,"May 20, 2024",601,0:00:00
2023-11-14,LPVys5z3YJs,HBCU’s In EA College Football?,"May 20, 2024",601,0:00:00
2023-11-15,LPVys5z3YJs,HBCU’s In EA College Football?,"May 20, 2024",601,0:00:00
2023-11-16,LPVys5z3YJs,HBCU’s In EA College Football?,"May 20, 2024",601,0:00:00
2023-11-17,LPVys5z3YJs,HBCU’s In EA College Football?,"May 20, 2024",601,0:00:00
2023-11-18,LPVys5z3YJs,HBCU’s In EA College Football?,"May 20, 2024",601,0:00:00
2023-11-19,LPVys5z3YJs,HBCU’s In EA College Football?,"May 20, 2024",601,0:00:00
2023-11-20,LPVys5z3YJs,HBCU’s In EA College Football?,"May 20, 2024",601,0:00:00
2023-11-21,LPVys5z3YJs,HBCU’s In EA College Football?,"May 20, 2024",601,0:00:00
2023-11-22,LPVys5z3YJs,HBCU’s In EA College Football?,"May 20, 2024",601,0:00:00
2023-11-23,LPVys5z3YJs,HBCU’s In EA College Football?,"May 20, 2024",601,0:00:00
2023-11-24,LPVys5z3YJs,HBCU’s In EA College Football?,"May 20, 2024",601,0:00:00
2023-11-25,LPVys5z3YJs,HBCU’s In EA College Football?,"May 20, 2024",601,0:00:00
2023-11-26,LPVys5z3YJs,HBCU’s In EA College Football?,"May 20, 2024",601,0:00:00
2023-11-27,LPVys5z3YJs,HBCU’s In EA College Football?,"May 20, 2024",601,0:00:00
2023-11-28,LPVys5z3YJs,HBCU’s In EA College Football?,"May 20, 2024",601,0:00:00
2023-11-29,LPVys5z3YJs,HBCU’s In EA College Football?,"May 20, 2024",601,0:00:00
2023-11-30,LPVys5z3YJs,HBCU’s In EA College Football?,"May 20, 2024",601,0:00:00
2023-12-01,LPVys5z3YJs,HBCU’s In EA College Football?,"May 20, 2024",601,0:00:00
2023-12-02,LPVys5z3YJs,HBCU’s In EA College Football?,"May 20, 2024",601,0:00:00
2023-12-03,LPVys5z3YJs,HBCU’s In EA College Football?,"May 20, 2024",601,0:00:00
2023-12-04,LPVys5z3YJs,HBCU’s In EA College Football?,"May 20, 2024",601,0:00:00
2023-12-05,LPVys5z3YJs,HBCU’s In EA College Football?,"May 20, 2024",601,0:00:00
2023-12-06,LPVys5z3YJs,HBCU’s In EA College Football?,"May 20, 2024",601,0:00:00
2023-12-07,LPVys5z3YJs,HBCU’s In EA College Football?,"May 20, 2024",601,0:00:00
2023-12-08,LPVys5z3YJs,HBCU’s In EA College Football?,"May 20, 2024",601,0:00:00
2023-12-09,LPVys5z3YJs,HBCU’s In EA College Football?,"May 20, 2024",601,0:00:00
2023-12-10,LPVys5z3YJs,HBCU’s In EA College Football?,"May 20, 2024",601,0:00:00
2023-12-11,LPVys5z3YJs,HBCU’s In EA College Football?,"May 20, 2024",601,0:00:00
2023-12-12,LPVys5z3YJs,HBCU’s In EA College Football?,"May 20, 2024",601,0:00:00
2023-12-13,LPVys5z3YJs,HBCU’s In EA College Football?,"May 20, 2024",601,0:00:00
2023-12-14,LPVys5z3YJs,HBCU’s In EA College Football?,"May 20, 2024",601,0:00:00
2023-12-15,LPVys5z3YJs,HBCU’s In EA College Football?,"May 20, 2024",601,0:00:00
2023-12-16,LPVys5z3YJs,HBCU’s In EA College Football?,"May 20, 2024",601,0:00:00
2023-12-17,LPVys5z3YJs,HBCU’s In EA College Football?,"May 20, 2024",601,0:00:00
2023-12-18,LPVys5z3YJs,HBCU’s In EA College Football?,"May 20, 2024",601,0:00:00
2023-12-19,LPVys5z3YJs,HBCU’s In EA College Football?,"May 20, 2024",601,0:00:00
2023-12-20,LPVys5z3YJs,HBCU’s In EA College Football?,"May 20, 2024",601,0:00:00
2023-12-21,LPVys5z3YJs,HBCU’s In EA College Football?,"May 20, 2024",601,0:00:00
2023-12-22,LPVys5z3YJs,HBCU’s In EA College Football?,"May 20, 2024",601,0:00:00
2023-12-23,LPVys5z3YJs,HBCU’s In EA College Football?,"May 20, 2024",601,0:00:00
2023-12-24,LPVys5z3YJs,HBCU’s In EA College Football?,"May 20, 2024",601,0:00:00
2023-12-25,LPVys5z3YJs,HBCU’s In EA College Football?,"May 20, 2024",601,0:00:00
2023-12-26,LPVys5z3YJs,HBCU’s In EA College Football?,"May 20, 2024",601,0:00:00
2023-12-27,LPVys5z3YJs,HBCU’s In EA College Football?,"May 20, 2024",601,0:00:00
2023-12-28,LPVys5z3YJs,HBCU’s In EA College Football?,"May 20, 2024",601,0:00:00
2023-12-29,LPVys5z3YJs,HBCU’s In EA College Football?,"May 20, 2024",601,0:00:00
2023-12-30,LPVys5z3YJs,HBCU’s In EA College Football?,"May 20, 2024",601,0:00:00
2023-12-31,LPVys5z3YJs,HBCU’s In EA College Football?,"May 20, 2024",601,0:00:00
2024-01-01,LPVys5z3YJs,HBCU’s In EA College Football?,"May 20, 2024",601,0:00:00
2024-01-02,LPVys5z3YJs,HBCU’s In EA College Football?,"May 20, 2024",601,0:00:00
2024-01-03,LPVys5z3YJs,HBCU’s In EA College Football?,"May 20, 2024",601,0:00:00
2024-01-04,LPVys5z3YJs,HBCU’s In EA College Football?,"May 20, 2024",601,0:00:00
2024-01-05,LPVys5z3YJs,HBCU’s In EA College Football?,"May 20, 2024",601,0:00:00
2024-01-06,LPVys5z3YJs,HBCU’s In EA College Football?,"May 20, 2024",601,0:00:00
2024-01-07,LPVys5z3YJs,HBCU’s In EA College Football?,"May 20, 2024",601,0:00:00
2024-01-08,LPVys5z3YJs,HBCU’s In EA College Football?,"May 20, 2024",601,0:00:00
2024-01-09,LPVys5z3YJs,HBCU’s In EA College Football?,"May 20, 2024",601,0:00:00
2024-01-10,LPVys5z3YJs,HBCU’s In EA College Football?,"May 20, 2024",601,0:00:00
2024-01-11,LPVys5z3YJs,HBCU’s In EA College Football?,"May 20, 2024",601,0:00:00
2024-01-12,LPVys5z3YJs,HBCU’s In EA College Football?,"May 20, 2024",601,0:00:00
2024-01-13,LPVys5z3YJs,HBCU’s In EA College Football?,"May 20, 2024",601,0:00:00
2024-01-14,LPVys5z3YJs,HBCU’s In EA College Football?,"May 20, 2024",601,0:00:00
2024-01-15,LPVys5z3YJs,HBCU’s In EA College Football?,"May 20, 2024",601,0:00:00
2024-01-16,LPVys5z3YJs,HBCU’s In EA College Football?,"May 20, 2024",601,0:00:00
2024-01-17,LPVys5z3YJs,HBCU’s In EA College Football?,"May 20, 2024",601,0:00:00
2024-01-18,LPVys5z3YJs,HBCU’s In EA College Football?,"May 20, 2024",601,0:00:00
2024-01-19,LPVys5z3YJs,HBCU’s In EA College Football?,"May 20, 2024",601,0:00:00
2024-01-20,LPVys5z3YJs,HBCU’s In EA College Football?,"May 20, 2024",601,0:00:00
2024-01-21,LPVys5z3YJs,HBCU’s In EA College Football?,"May 20, 2024",601,0:00:00
2024-01-22,LPVys5z3YJs,HBCU’s In EA College Football?,"May 20, 2024",601,0:00:00
2024-01-23,LPVys5z3YJs,HBCU’s In EA College Football?,"May 20, 2024",601,0:00:00
2024-01-24,LPVys5z3YJs,HBCU’s In EA College Football?,"May 20, 2024",601,0:00:00
2024-01-25,LPVys5z3YJs,HBCU’s In EA College Football?,"May 20, 2024",601,0:00:00
2024-01-26,LPVys5z3YJs,HBCU’s In EA College Football?,"May 20, 2024",601,0:00:00
2024-01-27,LPVys5z3YJs,HBCU’s In EA College Football?,"May 20, 2024",601,0:00:00
2024-01-28,LPVys5z3YJs,HBCU’s In EA College Football?,"May 20, 2024",601,0:00:00
2024-01-29,LPVys5z3YJs,HBCU’s In EA College Football?,"May 20, 2024",601,0:00:00
2024-01-30,LPVys5z3YJs,HBCU’s In EA College Football?,"May 20, 2024",601,0:00:00
2024-01-31,LPVys5z3YJs,HBCU’s In EA College Football?,"May 20, 2024",601,0:00:00
2024-02-01,LPVys5z3YJs,HBCU’s In EA College Football?,"May 20, 2024",601,0:00:00
2024-02-02,LPVys5z3YJs,HBCU’s In EA College Football?,"May 20, 2024",601,0:00:00
2024-02-03,LPVys5z3YJs,HBCU’s In EA College Football?,"May 20, 2024",601,0:00:00
2024-02-04,LPVys5z3YJs,HBCU’s In EA College Football?,"May 20, 2024",601,0:00:00
2024-02-05,LPVys5z3YJs,HBCU’s In EA College Football?,"May 20, 2024",601,0:00:00
2024-02-06,LPVys5z3YJs,HBCU’s In EA College Football?,"May 20, 2024",601,0:00:00
2024-02-07,LPVys5z3YJs,HBCU’s In EA College Football?,"May 20, 2024",601,0:00:00
2024-02-08,LPVys5z3YJs,HBCU’s In EA College Football?,"May 20, 2024",601,0:00:00
2024-02-09,LPVys5z3YJs,HBCU’s In EA College Football?,"May 20, 2024",601,0:00:00
2024-02-10,LPVys5z3YJs,HBCU’s In EA College Football?,"May 20, 2024",601,0:00:00
2024-02-11,LPVys5z3YJs,HBCU’s In EA College Football?,"May 20, 2024",601,0:00:00
2024-02-12,LPVys5z3YJs,HBCU’s In EA College Football?,"May 20, 2024",601,0:00:00
2024-02-13,LPVys5z3YJs,HBCU’s In EA College Football?,"May 20, 2024",601,0:00:00
2024-02-14,LPVys5z3YJs,HBCU’s In EA College Football?,"May 20, 2024",601,0:00:00
2024-02-15,LPVys5z3YJs,HBCU’s In EA College Football?,"May 20, 2024",601,0:00:00
2024-02-16,LPVys5z3YJs,HBCU’s In EA College Football?,"May 20, 2024",601,0:00:00
2024-02-17,LPVys5z3YJs,HBCU’s In EA College Football?,"May 20, 2024",601,0:00:00
2024-02-18,LPVys5z3YJs,HBCU’s In EA College Football?,"May 20, 2024",601,0:00:00
2024-02-19,LPVys5z3YJs,HBCU’s In EA College Football?,"May 20, 2024",601,0:00:00
2024-02-20,LPVys5z3YJs,HBCU’s In EA College Football?,"May 20, 2024",601,0:00:00
2024-02-21,LPVys5z3YJs,HBCU’s In EA College Football?,"May 20, 2024",601,0:00:00
2024-02-22,LPVys5z3YJs,HBCU’s In EA College Football?,"May 20, 2024",601,0:00:00
2024-02-23,LPVys5z3YJs,HBCU’s In EA College Football?,"May 20, 2024",601,0:00:00
2024-02-24,LPVys5z3YJs,HBCU’s In EA College Football?,"May 20, 2024",601,0:00:00
2024-02-25,LPVys5z3YJs,HBCU’s In EA College Football?,"May 20, 2024",601,0:00:00
2024-02-26,LPVys5z3YJs,HBCU’s In EA College Football?,"May 20, 2024",601,0:00:00
2024-02-27,LPVys5z3YJs,HBCU’s In EA College Football?,"May 20, 2024",601,0:00:00
2024-02-28,LPVys5z3YJs,HBCU’s In EA College Football?,"May 20, 2024",601,0:00:00
2024-02-29,LPVys5z3YJs,HBCU’s In EA College Football?,"May 20, 2024",601,0:00:00
2024-03-01,LPVys5z3YJs,HBCU’s In EA College Football?,"May 20, 2024",601,0:00:00
2024-03-02,LPVys5z3YJs,HBCU’s In EA College Football?,"May 20, 2024",601,0:00:00
2024-03-03,LPVys5z3YJs,HBCU’s In EA College Football?,"May 20, 2024",601,0:00:00
2024-03-04,LPVys5z3YJs,HBCU’s In EA College Football?,"May 20, 2024",601,0:00:00
2024-03-05,LPVys5z3YJs,HBCU’s In EA College Football?,"May 20, 2024",601,0:00:00
2024-03-06,LPVys5z3YJs,HBCU’s In EA College Football?,"May 20, 2024",601,0:00:00
2024-03-07,LPVys5z3YJs,HBCU’s In EA College Football?,"May 20, 2024",601,0:00:00
2024-03-08,LPVys5z3YJs,HBCU’s In EA College Football?,"May 20, 2024",601,0:00:00
2024-03-09,LPVys5z3YJs,HBCU’s In EA College Football?,"May 20, 2024",601,0:00:00
2024-03-10,LPVys5z3YJs,HBCU’s In EA College Football?,"May 20, 2024",601,0:00:00
2024-03-11,LPVys5z3YJs,HBCU’s In EA College Football?,"May 20, 2024",601,0:00:00
2024-03-12,LPVys5z3YJs,HBCU’s In EA College Football?,"May 20, 2024",601,0:00:00
2024-03-13,LPVys5z3YJs,HBCU’s In EA College Football?,"May 20, 2024",601,0:00:00
2024-03-14,LPVys5z3YJs,HBCU’s In EA College Football?,"May 20, 2024",601,0:00:00
2024-03-15,LPVys5z3YJs,HBCU’s In EA College Football?,"May 20, 2024",601,0:00:00
2024-03-16,LPVys5z3YJs,HBCU’s In EA College Football?,"May 20, 2024",601,0:00:00
2024-03-17,LPVys5z3YJs,HBCU’s In EA College Football?,"May 20, 2024",601,0:00:00
2024-03-18,LPVys5z3YJs,HBCU’s In EA College Football?,"May 20, 2024",601,0:00:00
2024-03-19,LPVys5z3YJs,HBCU’s In EA College Football?,"May 20, 2024",601,0:00:00
2024-03-20,LPVys5z3YJs,HBCU’s In EA College Football?,"May 20, 2024",601,0:00:00
2024-03-21,LPVys5z3YJs,HBCU’s In EA College Football?,"May 20, 2024",601,0:00:00
2024-03-22,LPVys5z3YJs,HBCU’s In EA College Football?,"May 20, 2024",601,0:00:00
2024-03-23,LPVys5z3YJs,HBCU’s In EA College Football?,"May 20, 2024",601,0:00:00
2024-03-24,LPVys5z3YJs,HBCU’s In EA College Football?,"May 20, 2024",601,0:00:00
2024-03-25,LPVys5z3YJs,HBCU’s In EA College Football?,"May 20, 2024",601,0:00:00
2024-03-26,LPVys5z3YJs,HBCU’s In EA College Football?,"May 20, 2024",601,0:00:00
2024-03-27,LPVys5z3YJs,HBCU’s In EA College Football?,"May 20, 2024",601,0:00:00
2024-03-28,LPVys5z3YJs,HBCU’s In EA College Football?,"May 20, 2024",601,0:00:00
2024-03-29,LPVys5z3YJs,HBCU’s In EA College Football?,"May 20, 2024",601,0:00:00
2024-03-30,LPVys5z3YJs,HBCU’s In EA College Football?,"May 20, 2024",601,0:00:00
2024-03-31,LPVys5z3YJs,HBCU’s In EA College Football?,"May 20, 2024",601,0:00:00
2024-04-01,LPVys5z3YJs,HBCU’s In EA College Football?,"May 20, 2024",601,0:00:00
2024-04-02,LPVys5z3YJs,HBCU’s In EA College Football?,"May 20, 2024",601,0:00:00
2024-04-03,LPVys5z3YJs,HBCU’s In EA College Football?,"May 20, 2024",601,0:00:00
2024-04-04,LPVys5z3YJs,HBCU’s In EA College Football?,"May 20, 2024",601,0:00:00
2024-04-05,LPVys5z3YJs,HBCU’s In EA College Football?,"May 20, 2024",601,0:00:00
2024-04-06,LPVys5z3YJs,HBCU’s In EA College Football?,"May 20, 2024",601,0:00:00
2024-04-07,LPVys5z3YJs,HBCU’s In EA College Football?,"May 20, 2024",601,0:00:00
2024-04-08,LPVys5z3YJs,HBCU’s In EA College Football?,"May 20, 2024",601,0:00:00
2024-04-09,LPVys5z3YJs,HBCU’s In EA College Football?,"May 20, 2024",601,0:00:00
2024-04-10,LPVys5z3YJs,HBCU’s In EA College Football?,"May 20, 2024",601,0:00:00
2024-04-11,LPVys5z3YJs,HBCU’s In EA College Football?,"May 20, 2024",601,0:00:00
2024-04-12,LPVys5z3YJs,HBCU’s In EA College Football?,"May 20, 2024",601,0:00:00
2024-04-13,LPVys5z3YJs,HBCU’s In EA College Football?,"May 20, 2024",601,0:00:00
2024-04-14,LPVys5z3YJs,HBCU’s In EA College Football?,"May 20, 2024",601,0:00:00
2024-04-15,LPVys5z3YJs,HBCU’s In EA College Football?,"May 20, 2024",601,0:00:00
2024-04-16,LPVys5z3YJs,HBCU’s In EA College Football?,"May 20, 2024",601,0:00:00
2024-04-17,LPVys5z3YJs,HBCU’s In EA College Football?,"May 20, 2024",601,0:00:00
2024-04-18,LPVys5z3YJs,HBCU’s In EA College Football?,"May 20, 2024",601,0:00:00
2024-04-19,LPVys5z3YJs,HBCU’s In EA College Football?,"May 20, 2024",601,0:00:00
2024-04-20,LPVys5z3YJs,HBCU’s In EA College Football?,"May 20, 2024",601,0:00:00
2024-04-21,LPVys5z3YJs,HBCU’s In EA College Football?,"May 20, 2024",601,0:00:00
2024-04-22,LPVys5z3YJs,HBCU’s In EA College Football?,"May 20, 2024",601,0:00:00
2024-04-23,LPVys5z3YJs,HBCU’s In EA College Football?,"May 20, 2024",601,0:00:00
2024-04-24,LPVys5z3YJs,HBCU’s In EA College Football?,"May 20, 2024",601,0:00:00
2024-04-25,LPVys5z3YJs,HBCU’s In EA College Football?,"May 20, 2024",601,0:00:00
2024-04-26,LPVys5z3YJs,HBCU’s In EA College Football?,"May 20, 2024",601,0:00:00
2024-04-27,LPVys5z3YJs,HBCU’s In EA College Football?,"May 20, 2024",601,0:00:00
2024-04-28,LPVys5z3YJs,HBCU’s In EA College Football?,"May 20, 2024",601,0:00:00
2024-04-29,LPVys5z3YJs,HBCU’s In EA College Football?,"May 20, 2024",601,0:00:00
2024-04-30,LPVys5z3YJs,HBCU’s In EA College Football?,"May 20, 2024",601,0:00:00
2024-05-01,LPVys5z3YJs,HBCU’s In EA College Football?,"May 20, 2024",601,0:00:00
2024-05-02,LPVys5z3YJs,HBCU’s In EA College Football?,"May 20, 2024",601,0:00:00
2024-05-03,LPVys5z3YJs,HBCU’s In EA College Football?,"May 20, 2024",601,0:00:00
2024-05-04,LPVys5z3YJs,HBCU’s In EA College Football?,"May 20, 2024",601,0:00:00
2024-05-05,LPVys5z3YJs,HBCU’s In EA College Football?,"May 20, 2024",601,0:00:00
2024-05-06,LPVys5z3YJs,HBCU’s In EA College Football?,"May 20, 2024",601,0:00:00
2024-05-07,LPVys5z3YJs,HBCU’s In EA College Football?,"May 20, 2024",601,0:00:00
2024-05-08,LPVys5z3YJs,HBCU’s In EA College Football?,"May 20, 2024",601,0:00:00
2024-05-09,LPVys5z3YJs,HBCU’s In EA College Football?,"May 20, 2024",601,0:00:00
2024-05-10,LPVys5z3YJs,HBCU’s In EA College Football?,"May 20, 2024",601,0:00:00
2024-05-11,LPVys5z3YJs,HBCU’s In EA College Football?,"May 20, 2024",601,0:00:00
2024-05-12,LPVys5z3YJs,HBCU’s In EA College Football?,"May 20, 2024",601,0:00:00
2024-05-13,LPVys5z3YJs,HBCU’s In EA College Football?,"May 20, 2024",601,0:00:00
2024-05-14,LPVys5z3YJs,HBCU’s In EA College Football?,"May 20, 2024",601,0:00:00
2024-05-15,LPVys5z3YJs,HBCU’s In EA College Football?,"May 20, 2024",601,0:00:00
2024-05-16,LPVys5z3YJs,HBCU’s In EA College Football?,"May 20, 2024",601,0:00:00
2024-05-17,LPVys5z3YJs,HBCU’s In EA College Football?,"May 20, 2024",601,0:00:00
2024-05-18,LPVys5z3YJs,HBCU’s In EA College Football?,"May 20, 2024",601,0:00:00
2024-05-19,LPVys5z3YJs,HBCU’s In EA College Football?,"May 20, 2024",601,0:03:06
2024-05-20,LPVys5z3YJs,HBCU’s In EA College Football?,"May 20, 2024",601,0:03:24
2024-05-21,LPVys5z3YJs,HBCU’s In EA College Football?,"May 20, 2024",601,0:03:24
2024-05-22,LPVys5z3YJs,HBCU’s In EA College Football?,"May 20, 2024",601,0:02:56
2024-05-23,LPVys5z3YJs,HBCU’s In EA College Football?,"May 20, 2024",601,0:02:49
2024-05-24,LPVys5z3YJs,HBCU’s In EA College Football?,"May 20, 2024",601,0:03:13
2024-05-25,LPVys5z3YJs,HBCU’s In EA College Football?,"May 20, 2024",601,0:03:41
2024-05-26,LPVys5z3YJs,HBCU’s In EA College Football?,"May 20, 2024",601,0:03:27
2024-05-27,LPVys5z3YJs,HBCU’s In EA College Football?,"May 20, 2024",601,0:03:39
2024-05-28,LPVys5z3YJs,HBCU’s In EA College Football?,"May 20, 2024",601,0:03:27
2024-05-29,LPVys5z3YJs,HBCU’s In EA College Football?,"May 20, 2024",601,0:02:56
2024-05-30,LPVys5z3YJs,HBCU’s In EA College Football?,"May 20, 2024",601,0:03:21
2024-05-31,LPVys5z3YJs,HBCU’s In EA College Football?,"May 20, 2024",601,0:02:35
2024-06-01,LPVys5z3YJs,HBCU’s In EA College Football?,"May 20, 2024",601,0:02:51
2024-06-02,LPVys5z3YJs,HBCU’s In EA College Football?,"May 20, 2024",601,0:03:00
2024-06-03,LPVys5z3YJs,HBCU’s In EA College Football?,"May 20, 2024",601,0:02:44
2024-06-04,LPVys5z3YJs,HBCU’s In EA College Football?,"May 20, 2024",601,0:03:27
2024-06-05,LPVys5z3YJs,HBCU’s In EA College Football?,"May 20, 2024",601,0:02:14
2024-06-06,LPVys5z3YJs,HBCU’s In EA College Football?,"May 20, 2024",601,0:03:10
2024-06-07,LPVys5z3YJs,HBCU’s In EA College Football?,"May 20, 2024",601,0:02:16
2024-06-08,LPVys5z3YJs,HBCU’s In EA College Football?,"May 20, 2024",601,0:02:01
2024-06-09,LPVys5z3YJs,HBCU’s In EA College Football?,"May 20, 2024",601,0:03:00
2024-06-10,LPVys5z3YJs,HBCU’s In EA College Football?,"May 20, 2024",601,0:02:57
2024-06-11,LPVys5z3YJs,HBCU’s In EA College Football?,"May 20, 2024",601,0:02:36
2024-06-12,LPVys5z3YJs,HBCU’s In EA College Football?,"May 20, 2024",601,0:03:00
2024-06-13,LPVys5z3YJs,HBCU’s In EA College Football?,"May 20, 2024",601,0:02:02
2024-06-14,LPVys5z3YJs,HBCU’s In EA College Football?,"May 20, 2024",601,0:02:52
2024-06-15,LPVys5z3YJs,HBCU’s In EA College Football?,"May 20, 2024",601,0:02:44
2024-06-16,LPVys5z3YJs,HBCU’s In EA College Football?,"May 20, 2024",601,0:03:04
2024-06-17,LPVys5z3YJs,HBCU’s In EA College Football?,"May 20, 2024",601,0:03:28
2024-06-18,LPVys5z3YJs,HBCU’s In EA College Football?,"May 20, 2024",601,0:02:51
2024-06-19,LPVys5z3YJs,HBCU’s In EA College Football?,"May 20, 2024",601,0:03:00
2024-06-20,LPVys5z3YJs,HBCU’s In EA College Football?,"May 20, 2024",601,0:02:23
2024-06-21,LPVys5z3YJs,HBCU’s In EA College Football?,"May 20, 2024",601,0:02:22
2024-06-22,LPVys5z3YJs,HBCU’s In EA College Football?,"May 20, 2024",601,0:04:10
2024-06-23,LPVys5z3YJs,HBCU’s In EA College Football?,"May 20, 2024",601,0:03:06
2024-06-24,LPVys5z3YJs,HBCU’s In EA College Football?,"May 20, 2024",601,0:02:48
2024-06-25,LPVys5z3YJs,HBCU’s In EA College Football?,"May 20, 2024",601,0:03:31
2024-06-26,LPVys5z3YJs,HBCU’s In EA College Football?,"May 20, 2024",601,0:02:02
2024-06-27,LPVys5z3YJs,HBCU’s In EA College Football?,"May 20, 2024",601,0:02:06
2024-06-28,LPVys5z3YJs,HBCU’s In EA College Football?,"May 20, 2024",601,0:02:16
2024-06-29,LPVys5z3YJs,HBCU’s In EA College Football?,"May 20, 2024",601,0:02:39
2024-06-30,LPVys5z3YJs,HBCU’s In EA College Football?,"May 20, 2024",601,0:02:04
2024-07-01,LPVys5z3YJs,HBCU’s In EA College Football?,"May 20, 2024",601,0:03:14
2024-07-02,LPVys5z3YJs,HBCU’s In EA College Football?,"May 20, 2024",601,0:02:33
2024-07-03,LPVys5z3YJs,HBCU’s In EA College Football?,"May 20, 2024",601,0:02:21
2024-07-04,LPVys5z3YJs,HBCU’s In EA College Football?,"May 20, 2024",601,0:02:43
2024-07-05,LPVys5z3YJs,HBCU’s In EA College Football?,"May 20, 2024",601,0:02:56
2024-07-06,LPVys5z3YJs,HBCU’s In EA College Football?,"May 20, 2024",601,0:02:25
2024-07-07,LPVys5z3YJs,HBCU’s In EA College Football?,"May 20, 2024",601,0:03:09
2024-07-08,LPVys5z3YJs,HBCU’s In EA College Football?,"May 20, 2024",601,0:02:05
2024-07-09,LPVys5z3YJs,HBCU’s In EA College Football?,"May 20, 2024",601,0:03:06
2024-07-10,LPVys5z3YJs,HBCU’s In EA College Football?,"May 20, 2024",601,0:03:09
2024-07-11,LPVys5z3YJs,HBCU’s In EA College Football?,"May 20, 2024",601,0:02:16
2024-07-12,LPVys5z3YJs,HBCU’s In EA College Football?,"May 20, 2024",601,0:02:02
2024-07-13,LPVys5z3YJs,HBCU’s In EA College Football?,"May 20, 2024",601,0:02:03
2024-07-14,LPVys5z3YJs,HBCU’s In EA College Football?,"May 20, 2024",601,0:02:33
2024-07-15,LPVys5z3YJs,HBCU’s In EA College Football?,"May 20, 2024",601,0:02:19
2024-07-16,LPVys5z3YJs,HBCU’s In EA College Football?,"May 20, 2024",601,0:01:57
2024-07-17,LPVys5z3YJs,HBCU’s In EA College Football?,"May 20, 2024",601,0:02:04
2024-07-18,LPVys5z3YJs,HBCU’s In EA College Football?,"May 20, 2024",601,0:02:17
2024-07-19,LPVys5z3YJs,HBCU’s In EA College Football?,"May 20, 2024",601,0:01:56
2024-07-20,LPVys5z3YJs,HBCU’s In EA College Football?,"May 20, 2024",601,0:01:46
2024-07-21,LPVys5z3YJs,HBCU’s In EA College Football?,"May 20, 2024",601,0:01:34
2024-07-22,LPVys5z3YJs,HBCU’s In EA College Football?,"May 20, 2024",601,0:01:40
2024-07-23,LPVys5z3YJs,HBCU’s In EA College Football?,"May 20, 2024",601,0:01:43
2024-07-24,LPVys5z3YJs,HBCU’s In EA College Football?,"May 20, 2024",601,0:01:44
2024-07-25,LPVys5z3YJs,HBCU’s In EA College Football?,"May 20, 2024",601,0:01:59
2024-07-26,LPVys5z3YJs,HBCU’s In EA College Football?,"May 20, 2024",601,0:01:11
2024-07-27,LPVys5z3YJs,HBCU’s In EA College Football?,"May 20, 2024",601,0:01:28
2024-07-28,LPVys5z3YJs,HBCU’s In EA College Football?,"May 20, 2024",601,0:01:05
2024-07-29,LPVys5z3YJs,HBCU’s In EA College Football?,"May 20, 2024",601,0:01:17
2024-07-30,LPVys5z3YJs,HBCU’s In EA College Football?,"May 20, 2024",601,0:01:50
2024-07-31,LPVys5z3YJs,HBCU’s In EA College Football?,"May 20, 2024",601,0:01:29
2024-08-01,LPVys5z3YJs,HBCU’s In EA College Football?,"May 20, 2024",601,0:01:33
2024-08-02,LPVys5z3YJs,HBCU’s In EA College Football?,"May 20, 2024",601,0:01:24
2024-08-03,LPVys5z3YJs,HBCU’s In EA College Football?,"May 20, 2024",601,0:01:50
2024-08-04,LPVys5z3YJs,HBCU’s In EA College Football?,"May 20, 2024",601,0:01:29
2024-08-05,LPVys5z3YJs,HBCU’s In EA College Football?,"May 20, 2024",601,0:01:33
2024-08-06,LPVys5z3YJs,HBCU’s In EA College Football?,"May 20, 2024",601,0:03:48
2024-08-07,LPVys5z3YJs,HBCU’s In EA College Football?,"May 20, 2024",601,0:01:34
2024-08-08,LPVys5z3YJs,HBCU’s In EA College Football?,"May 20, 2024",601,0:01:44
2024-08-09,LPVys5z3YJs,HBCU’s In EA College Football?,"May 20, 2024",601,0:01:15
2024-08-10,LPVys5z3YJs,HBCU’s In EA College Football?,"May 20, 2024",601,0:02:11
2024-08-11,LPVys5z3YJs,HBCU’s In EA College Football?,"May 20, 2024",601,0:02:28
2024-08-12,LPVys5z3YJs,HBCU’s In EA College Football?,"May 20, 2024",601,0:02:46
2024-08-13,LPVys5z3YJs,HBCU’s In EA College Football?,"May 20, 2024",601,0:02:17
2024-08-14,LPVys5z3YJs,HBCU’s In EA College Football?,"May 20, 2024",601,0:02:28
2024-08-15,LPVys5z3YJs,HBCU’s In EA College Football?,"May 20, 2024",601,0:00:58
2024-08-16,LPVys5z3YJs,HBCU’s In EA College Football?,"May 20, 2024",601,0:01:17
2024-08-17,LPVys5z3YJs,HBCU’s In EA College Football?,"May 20, 2024",601,0:02:48
2024-08-18,LPVys5z3YJs,HBCU’s In EA College Football?,"May 20, 2024",601,0:01:19
2024-08-19,LPVys5z3YJs,HBCU’s In EA College Football?,"May 20, 2024",601,0:04:00
2024-08-20,LPVys5z3YJs,HBCU’s In EA College Football?,"May 20, 2024",601,0:01:02
2024-08-21,LPVys5z3YJs,HBCU’s In EA College Football?,"May 20, 2024",601,0:01:16
2024-08-22,LPVys5z3YJs,HBCU’s In EA College Football?,"May 20, 2024",601,0:02:02
2024-08-23,LPVys5z3YJs,HBCU’s In EA College Football?,"May 20, 2024",601,0:01:42
2024-08-24,LPVys5z3YJs,HBCU’s In EA College Football?,"May 20, 2024",601,0:02:43
2024-08-25,LPVys5z3YJs,HBCU’s In EA College Football?,"May 20, 2024",601,0:01:32
2024-08-26,LPVys5z3YJs,HBCU’s In EA College Football?,"May 20, 2024",601,0:02:09
2024-08-27,LPVys5z3YJs,HBCU’s In EA College Football?,"May 20, 2024",601,0:02:39
2024-08-28,LPVys5z3YJs,HBCU’s In EA College Football?,"May 20, 2024",601,0:01:17
2024-08-29,LPVys5z3YJs,HBCU’s In EA College Football?,"May 20, 2024",601,0:01:41
2024-08-30,LPVys5z3YJs,HBCU’s In EA College Football?,"May 20, 2024",601,0:01:47
2024-08-31,LPVys5z3YJs,HBCU’s In EA College Football?,"May 20, 2024",601,0:01:45
2024-09-01,LPVys5z3YJs,HBCU’s In EA College Football?,"May 20, 2024",601,0:01:15
2024-09-02,LPVys5z3YJs,HBCU’s In EA College Football?,"May 20, 2024",601,0:00:49
2024-09-03,LPVys5z3YJs,HBCU’s In EA College Football?,"May 20, 2024",601,0:01:48
2024-09-04,LPVys5z3YJs,HBCU’s In EA College Football?,"May 20, 2024",601,0:01:35
2024-09-05,LPVys5z3YJs,HBCU’s In EA College Football?,"May 20, 2024",601,0:02:08
2024-09-06,LPVys5z3YJs,HBCU’s In EA College Football?,"May 20, 2024",601,0:01:42
2024-09-07,LPVys5z3YJs,HBCU’s In EA College Football?,"May 20, 2024",601,0:01:34
2024-09-08,LPVys5z3YJs,HBCU’s In EA College Football?,"May 20, 2024",601,0:01:30
2024-09-09,LPVys5z3YJs,HBCU’s In EA College Football?,"May 20, 2024",601,0:00:16
2024-09-10,LPVys5z3YJs,HBCU’s In EA College Football?,"May 20, 2024",601,0:01:33
2024-09-11,LPVys5z3YJs,HBCU’s In EA College Football?,"May 20, 2024",601,0:01:23
2024-09-12,LPVys5z3YJs,HBCU’s In EA College Football?,"May 20, 2024",601,0:01:01
2024-09-13,LPVys5z3YJs,HBCU’s In EA College Football?,"May 20, 2024",601,0:01:46
2024-09-14,LPVys5z3YJs,HBCU’s In EA College Football?,"May 20, 2024",601,0:00:59
2024-09-15,LPVys5z3YJs,HBCU’s In EA College Football?,"May 20, 2024",601,0:01:17
2024-09-16,LPVys5z3YJs,HBCU’s In EA College Football?,"May 20, 2024",601,0:01:52
2024-09-17,LPVys5z3YJs,HBCU’s In EA College Football?,"May 20, 2024",601,0:00:39
2024-09-18,LPVys5z3YJs,HBCU’s In EA College Football?,"May 20, 2024",601,0:00:40
2024-09-19,LPVys5z3YJs,HBCU’s In EA College Football?,"May 20, 2024",601,0:02:29
2024-09-20,LPVys5z3YJs,HBCU’s In EA College Football?,"May 20, 2024",601,0:01:40
2024-09-21,LPVys5z3YJs,HBCU’s In EA College Football?,"May 20, 2024",601,0:00:50
2024-09-22,LPVys5z3YJs,HBCU’s In EA College Football?,"May 20, 2024",601,0:00:51
2024-09-23,LPVys5z3YJs,HBCU’s In EA College Football?,"May 20, 2024",601,0:00:44
2024-09-24,LPVys5z3YJs,HBCU’s In EA College Football?,"May 20, 2024",601,0:00:57
2024-09-25,LPVys5z3YJs,HBCU’s In EA College Football?,"May 20, 2024",601,0:01:40
2024-09-26,LPVys5z3YJs,HBCU’s In EA College Football?,"May 20, 2024",601,0:04:17
2024-09-27,LPVys5z3YJs,HBCU’s In EA College Football?,"May 20, 2024",601,0:00:30
2024-09-28,LPVys5z3YJs,HBCU’s In EA College Football?,"May 20, 2024",601,0:01:27
2024-09-29,LPVys5z3YJs,HBCU’s In EA College Football?,"May 20, 2024",601,0:01:17
2024-09-30,LPVys5z3YJs,HBCU’s In EA College Football?,"May 20, 2024",601,0:02:59
2024-10-01,LPVys5z3YJs,HBCU’s In EA College Football?,"May 20, 2024",601,0:01:36
2024-10-02,LPVys5z3YJs,HBCU’s In EA College Football?,"May 20, 2024",601,0:03:18
2024-10-03,LPVys5z3YJs,HBCU’s In EA College Football?,"May 20, 2024",601,0:02:09
2024-10-04,LPVys5z3YJs,HBCU’s In EA College Football?,"May 20, 2024",601,0:01:01
2024-10-05,LPVys5z3YJs,HBCU’s In EA College Football?,"May 20, 2024",601,0:01:00
2024-10-06,LPVys5z3YJs,HBCU’s In EA College Football?,"May 20, 2024",601,0:02:08
2024-10-07,LPVys5z3YJs,HBCU’s In EA College Football?,"May 20, 2024",601,0:00:49
2024-10-08,LPVys5z3YJs,HBCU’s In EA College Football?,"May 20, 2024",601,0:00:36
2024-10-09,LPVys5z3YJs,HBCU’s In EA College Football?,"May 20, 2024",601,0:01:44
2024-10-10,LPVys5z3YJs,HBCU’s In EA College Football?,"May 20, 2024",601,0:00:57
2024-10-11,LPVys5z3YJs,HBCU’s In EA College Football?,"May 20, 2024",601,0:02:28
2024-10-12,LPVys5z3YJs,HBCU’s In EA College Football?,"May 20, 2024",601,0:01:20
2024-10-13,LPVys5z3YJs,HBCU’s In EA College Football?,"May 20, 2024",601,0:02:48
2024-10-14,LPVys5z3YJs,HBCU’s In EA College Football?,"May 20, 2024",601,0:01:29
2024-10-15,LPVys5z3YJs,HBCU’s In EA College Football?,"May 20, 2024",601,0:04:13
2024-10-16,LPVys5z3YJs,HBCU’s In EA College Football?,"May 20, 2024",601,0:01:30
2024-10-17,LPVys5z3YJs,HBCU’s In EA College Football?,"May 20, 2024",601,0:00:36
2024-10-18,LPVys5z3YJs,HBCU’s In EA College Football?,"May 20, 2024",601,0:00:06
2024-10-19,LPVys5z3YJs,HBCU’s In EA College Football?,"May 20, 2024",601,0:01:36
2024-10-20,LPVys5z3YJs,HBCU’s In EA College Football?,"May 20, 2024",601,0:01:36
2024-10-21,LPVys5z3YJs,HBCU’s In EA College Football?,"May 20, 2024",601,0:00:49
2024-10-22,LPVys5z3YJs,HBCU’s In EA College Football?,"May 20, 2024",601,0:01:58
2024-10-23,LPVys5z3YJs,HBCU’s In EA College Football?,"May 20, 2024",601,0:00:43
2024-10-24,LPVys5z3YJs,HBCU’s In EA College Football?,"May 20, 2024",601,0:00:59
2024-10-25,LPVys5z3YJs,HBCU’s In EA College Football?,"May 20, 2024",601,0:01:22
2024-10-26,LPVys5z3YJs,HBCU’s In EA College Football?,"May 20, 2024",601,0:02:16
2024-10-27,LPVys5z3YJs,HBCU’s In EA College Football?,"May 20, 2024",601,0:01:15
2024-10-28,LPVys5z3YJs,HBCU’s In EA College Football?,"May 20, 2024",601,0:01:18
2024-10-29,LPVys5z3YJs,HBCU’s In EA College Football?,"May 20, 2024",601,0:00:23
2024-10-30,LPVys5z3YJs,HBCU’s In EA College Football?,"May 20, 2024",601,0:04:20
2024-10-31,LPVys5z3YJs,HBCU’s In EA College Football?,"May 20, 2024",601,0:01:04
2024-11-01,LPVys5z3YJs,HBCU’s In EA College Football?,"May 20, 2024",601,0:02:18
2024-11-02,LPVys5z3YJs,HBCU’s In EA College Football?,"May 20, 2024",601,0:03:24
2024-11-03,LPVys5z3YJs,HBCU’s In EA College Football?,"May 20, 2024",601,0:01:04
2024-11-04,LPVys5z3YJs,HBCU’s In EA College Football?,"May 20, 2024",601,0:01:57
2024-11-05,LPVys5z3YJs,HBCU’s In EA College Football?,"May 20, 2024",601,0:01:32
2024-11-06,LPVys5z3YJs,HBCU’s In EA College Football?,"May 20, 2024",601,0:03:48
2024-11-07,LPVys5z3YJs,HBCU’s In EA College Football?,"May 20, 2024",601,0:00:27
2024-11-08,LPVys5z3YJs,HBCU’s In EA College Football?,"May 20, 2024",601,0:00:28
2024-11-09,LPVys5z3YJs,HBCU’s In EA College Football?,"May 20, 2024",601,0:10:00
2024-11-10,LPVys5z3YJs,HBCU’s In EA College Football?,"May 20, 2024",601,0:01:02
2024-11-11,LPVys5z3YJs,HBCU’s In EA College Football?,"May 20, 2024",601,0:00:15
2024-11-12,LPVys5z3YJs,HBCU’s In EA College Football?,"May 20, 2024",601,0:10:00
2024-11-13,LPVys5z3YJs,HBCU’s In EA College Football?,"May 20, 2024",601,0:05:00
2024-11-14,LPVys5z3YJs,HBCU’s In EA College Football?,"May 20, 2024",601,0:00:04
2024-11-15,LPVys5z3YJs,HBCU’s In EA College Football?,"May 20, 2024",601,0:01:16
2024-11-16,LPVys5z3YJs,HBCU’s In EA College Football?,"May 20, 2024",601,0:01:08
2024-11-17,LPVys5z3YJs,HBCU’s In EA College Football?,"May 20, 2024",601,0:01:21
2024-11-18,LPVys5z3YJs,HBCU’s In EA College Football?,"May 20, 2024",601,0:00:00
2024-11-19,LPVys5z3YJs,HBCU’s In EA College Football?,"May 20, 2024",601,0:05:39
2024-11-20,LPVys5z3YJs,HBCU’s In EA College Football?,"May 20, 2024",601,0:00:13
2024-11-21,LPVys5z3YJs,HBCU’s In EA College Football?,"May 20, 2024",601,0:00:37
2024-11-22,LPVys5z3YJs,HBCU’s In EA College Football?,"May 20, 2024",601,0:03:32
2024-11-23,LPVys5z3YJs,HBCU’s In EA College Football?,"May 20, 2024",601,0:00:27
2024-11-24,LPVys5z3YJs,HBCU’s In EA College Football?,"May 20, 2024",601,0:01:12
2024-11-25,LPVys5z3YJs,HBCU’s In EA College Football?,"May 20, 2024",601,0:00:22
2024-11-26,LPVys5z3YJs,HBCU’s In EA College Football?,"May 20, 2024",601,0:00:48
2024-11-27,LPVys5z3YJs,HBCU’s In EA College Football?,"May 20, 2024",601,0:00:44
2024-11-28,LPVys5z3YJs,HBCU’s In EA College Football?,"May 20, 2024",601,0:01:20
2024-11-29,LPVys5z3YJs,HBCU’s In EA College Football?,"May 20, 2024",601,0:02:30
2024-11-30,LPVys5z3YJs,HBCU’s In EA College Football?,"May 20, 2024",601,0:01:59
2024-12-01,LPVys5z3YJs,HBCU’s In EA College Football?,"May 20, 2024",601,0:01:21
2024-12-02,LPVys5z3YJs,HBCU’s In EA College Football?,"May 20, 2024",601,0:03:28
2024-12-03,LPVys5z3YJs,HBCU’s In EA College Football?,"May 20, 2024",601,0:00:29
2024-12-04,LPVys5z3YJs,HBCU’s In EA College Football?,"May 20, 2024",601,0:01:30
2024-12-05,LPVys5z3YJs,HBCU’s In EA College Football?,"May 20, 2024",601,0:03:38
2024-12-06,LPVys5z3YJs,HBCU’s In EA College Football?,"May 20, 2024",601,0:01:05
2024-12-07,LPVys5z3YJs,HBCU’s In EA College Football?,"May 20, 2024",601,0:01:56
2024-12-08,LPVys5z3YJs,HBCU’s In EA College Football?,"May 20, 2024",601,0:00:24
2024-12-09,LPVys5z3YJs,HBCU’s In EA College Football?,"May 20, 2024",601,0:00:49
2024-12-10,LPVys5z3YJs,HBCU’s In EA College Football?,"May 20, 2024",601,0:00:21
2024-12-11,LPVys5z3YJs,HBCU’s In EA College Football?,"May 20, 2024",601,0:00:32
2024-12-12,LPVys5z3YJs,HBCU’s In EA College Football?,"May 20, 2024",601,0:01:08
2024-12-13,LPVys5z3YJs,HBCU’s In EA College Football?,"May 20, 2024",601,0:02:32
2024-12-14,LPVys5z3YJs,HBCU’s In EA College Football?,"May 20, 2024",601,0:00:40
2024-12-15,LPVys5z3YJs,HBCU’s In EA College Football?,"May 20, 2024",601,0:03:34
2024-12-16,LPVys5z3YJs,HBCU’s In EA College Football?,"May 20, 2024",601,0:03:29
2024-12-17,LPVys5z3YJs,HBCU’s In EA College Football?,"May 20, 2024",601,0:01:28
2024-12-18,LPVys5z3YJs,HBCU’s In EA College Football?,"May 20, 2024",601,0:00:28
2024-12-19,LPVys5z3YJs,HBCU’s In EA College Football?,"May 20, 2024",601,0:02:07
2024-12-20,LPVys5z3YJs,HBCU’s In EA College Football?,"May 20, 2024",601,0:00:23
2024-12-21,LPVys5z3YJs,HBCU’s In EA College Football?,"May 20, 2024",601,0:00:13
2024-12-22,LPVys5z3YJs,HBCU’s In EA College Football?,"May 20, 2024",601,0:00:45
2024-12-23,LPVys5z3YJs,HBCU’s In EA College Football?,"May 20, 2024",601,0:01:33
2024-12-24,LPVys5z3YJs,HBCU’s In EA College Football?,"May 20, 2024",601,0:03:57
2024-12-25,LPVys5z3YJs,HBCU’s In EA College Football?,"May 20, 2024",601,0:00:11
2024-12-26,LPVys5z3YJs,HBCU’s In EA College Football?,"May 20, 2024",601,0:02:11
2024-12-27,LPVys5z3YJs,HBCU’s In EA College Football?,"May 20, 2024",601,0:01:05
2024-12-28,LPVys5z3YJs,HBCU’s In EA College Football?,"May 20, 2024",601,0:03:15
2024-12-29,LPVys5z3YJs,HBCU’s In EA College Football?,"May 20, 2024",601,0:04:45
2024-12-30,LPVys5z3YJs,HBCU’s In EA College Football?,"May 20, 2024",601,0:00:00
2024-12-31,LPVys5z3YJs,HBCU’s In EA College Football?,"May 20, 2024",601,0:00:34
2025-01-01,LPVys5z3YJs,HBCU’s In EA College Football?,"May 20, 2024",601,0:01:41
2025-01-02,LPVys5z3YJs,HBCU’s In EA College Football?,"May 20, 2024",601,0:03:42
2025-01-03,LPVys5z3YJs,HBCU’s In EA College Football?,"May 20, 2024",601,0:00:37
2025-01-04,LPVys5z3YJs,HBCU’s In EA College Football?,"May 20, 2024",601,0:00:12
2025-01-05,LPVys5z3YJs,HBCU’s In EA College Football?,"May 20, 2024",601,0:00:11
2025-01-06,LPVys5z3YJs,HBCU’s In EA College Football?,"May 20, 2024",601,0:03:20
2025-01-07,LPVys5z3YJs,HBCU’s In EA College Football?,"May 20, 2024",601,0:00:19
2025-01-08,LPVys5z3YJs,HBCU’s In EA College Football?,"May 20, 2024",601,0:01:25
2025-01-09,LPVys5z3YJs,HBCU’s In EA College Football?,"May 20, 2024",601,0:00:15
2025-01-10,LPVys5z3YJs,HBCU’s In EA College Football?,"May 20, 2024",601,0:09:53
2025-01-11,LPVys5z3YJs,HBCU’s In EA College Football?,"May 20, 2024",601,0:01:42
2025-01-12,LPVys5z3YJs,HBCU’s In EA College Football?,"May 20, 2024",601,0:00:33
2025-01-13,LPVys5z3YJs,HBCU’s In EA College Football?,"May 20, 2024",601,0:03:26
2025-01-14,LPVys5z3YJs,HBCU’s In EA College Football?,"May 20, 2024",601,0:00:42
2025-01-15,LPVys5z3YJs,HBCU’s In EA College Football?,"May 20, 2024",601,0:09:32
2025-01-16,LPVys5z3YJs,HBCU’s In EA College Football?,"May 20, 2024",601,0:01:04
2025-01-17,LPVys5z3YJs,HBCU’s In EA College Football?,"May 20, 2024",601,0:00:18
2025-01-18,LPVys5z3YJs,HBCU’s In EA College Football?,"May 20, 2024",601,0:00:04
2025-01-19,LPVys5z3YJs,HBCU’s In EA College Football?,"May 20, 2024",601,0:00:00
2025-01-20,LPVys5z3YJs,HBCU’s In EA College Football?,"May 20, 2024",601,0:00:12
2025-01-21,LPVys5z3YJs,HBCU’s In EA College Football?,"May 20, 2024",601,0:00:12
2025-01-22,LPVys5z3YJs,HBCU’s In EA College Football?,"May 20, 2024",601,0:03:28
2025-01-23,LPVys5z3YJs,HBCU’s In EA College Football?,"May 20, 2024",601,0:01:04
2025-01-24,LPVys5z3YJs,HBCU’s In EA College Football?,"May 20, 2024",601,0:03:30
2025-01-25,LPVys5z3YJs,HBCU’s In EA College Football?,"May 20, 2024",601,0:00:08
2025-01-26,LPVys5z3YJs,HBCU’s In EA College Football?,"May 20, 2024",601,0:00:16
2025-01-27,LPVys5z3YJs,HBCU’s In EA College Football?,"May 20, 2024",601,0:00:35
2025-01-28,LPVys5z3YJs,HBCU’s In EA College Football?,"May 20, 2024",601,0:00:00
2025-01-29,LPVys5z3YJs,HBCU’s In EA College Football?,"May 20, 2024",601,0:05:20
2025-01-30,LPVys5z3YJs,HBCU’s In EA College Football?,"May 20, 2024",601,0:00:00
2025-01-31,LPVys5z3YJs,HBCU’s In EA College Football?,"May 20, 2024",601,0:00:00
2025-02-01,LPVys5z3YJs,HBCU’s In EA College Football?,"May 20, 2024",601,0:01:56
2025-02-02,LPVys5z3YJs,HBCU’s In EA College Football?,"May 20, 2024",601,0:00:00
2025-02-03,LPVys5z3YJs,HBCU’s In EA College Football?,"May 20, 2024",601,0:01:23
2025-02-04,LPVys5z3YJs,HBCU’s In EA College Football?,"May 20, 2024",601,0:01:55
2025-02-05,LPVys5z3YJs,HBCU’s In EA College Football?,"May 20, 2024",601,0:00:28
2025-02-06,LPVys5z3YJs,HBCU’s In EA College Football?,"May 20, 2024",601,0:00:10
2025-02-07,LPVys5z3YJs,HBCU’s In EA College Football?,"May 20, 2024",601,0:00:38
2025-02-08,LPVys5z3YJs,HBCU’s In EA College Football?,"May 20, 2024",601,0:03:58
2025-02-09,LPVys5z3YJs,HBCU’s In EA College Football?,"May 20, 2024",601,0:00:37
2025-02-10,LPVys5z3YJs,HBCU’s In EA College Football?,"May 20, 2024",601,0:00:00
2025-02-11,LPVys5z3YJs,HBCU’s In EA College Football?,"May 20, 2024",601,0:00:13
2025-02-12,LPVys5z3YJs,HBCU’s In EA College Football?,"May 20, 2024",601,0:04:09
2025-02-13,LPVys5z3YJs,HBCU’s In EA College Football?,"May 20, 2024",601,0:00:05
2025-02-14,LPVys5z3YJs,HBCU’s In EA College Football?,"May 20, 2024",601,0:01:32
2025-02-15,LPVys5z3YJs,HBCU’s In EA College Football?,"May 20, 2024",601,0:00:43
2025-02-16,LPVys5z3YJs,HBCU’s In EA College Football?,"May 20, 2024",601,0:01:09
2025-02-17,LPVys5z3YJs,HBCU’s In EA College Football?,"May 20, 2024",601,0:01:31
2025-02-18,LPVys5z3YJs,HBCU’s In EA College Football?,"May 20, 2024",601,0:00:00
2025-02-19,LPVys5z3YJs,HBCU’s In EA College Football?,"May 20, 2024",601,0:04:38
2025-02-20,LPVys5z3YJs,HBCU’s In EA College Football?,"May 20, 2024",601,0:02:41
2025-02-21,LPVys5z3YJs,HBCU’s In EA College Football?,"May 20, 2024",601,0:00:00
2025-02-22,LPVys5z3YJs,HBCU’s In EA College Football?,"May 20, 2024",601,0:00:22
2025-02-23,LPVys5z3YJs,HBCU’s In EA College Football?,"May 20, 2024",601,0:00:33
2025-02-24,LPVys5z3YJs,HBCU’s In EA College Football?,"May 20, 2024",601,0:00:51
2025-02-25,LPVys5z3YJs,HBCU’s In EA College Football?,"May 20, 2024",601,0:00:02
2025-02-26,LPVys5z3YJs,HBCU’s In EA College Football?,"May 20, 2024",601,0:00:00
2025-02-27,LPVys5z3YJs,HBCU’s In EA College Football?,"May 20, 2024",601,0:00:12
2025-02-28,LPVys5z3YJs,HBCU’s In EA College Football?,"May 20, 2024",601,0:00:50
2025-03-01,LPVys5z3YJs,HBCU’s In EA College Football?,"May 20, 2024",601,0:01:21
2025-03-02,LPVys5z3YJs,HBCU’s In EA College Football?,"May 20, 2024",601,0:00:05
2025-03-03,LPVys5z3YJs,HBCU’s In EA College Football?,"May 20, 2024",601,0:00:31
2025-03-04,LPVys5z3YJs,HBCU’s In EA College Football?,"May 20, 2024",601,0:00:00
2025-03-05,LPVys5z3YJs,HBCU’s In EA College Football?,"May 20, 2024",601,0:00:00
2025-03-06,LPVys5z3YJs,HBCU’s In EA College Football?,"May 20, 2024",601,0:00:02
2025-03-07,LPVys5z3YJs,HBCU’s In EA College Football?,"May 20, 2024",601,0:00:00
2025-03-08,LPVys5z3YJs,HBCU’s In EA College Football?,"May 20, 2024",601,0:00:09
2025-03-09,LPVys5z3YJs,HBCU’s In EA College Football?,"May 20, 2024",601,0:02:11
2025-03-10,LPVys5z3YJs,HBCU’s In EA College Football?,"May 20, 2024",601,0:00:40
2025-03-11,LPVys5z3YJs,HBCU’s In EA College Football?,"May 20, 2024",601,0:01:14
2025-03-12,LPVys5z3YJs,HBCU’s In EA College Football?,"May 20, 2024",601,0:01:45
2025-03-13,LPVys5z3YJs,HBCU’s In EA College Football?,"May 20, 2024",601,0:00:16
2025-03-14,LPVys5z3YJs,HBCU’s In EA College Football?,"May 20, 2024",601,0:00:00
2025-03-15,LPVys5z3YJs,HBCU’s In EA College Football?,"May 20, 2024",601,0:00:13
2025-03-16,LPVys5z3YJs,HBCU’s In EA College Football?,"May 20, 2024",601,0:00:00
2025-03-17,LPVys5z3YJs,HBCU’s In EA College Football?,"May 20, 2024",601,0:00:14
2025-03-18,LPVys5z3YJs,HBCU’s In EA College Football?,"May 20, 2024",601,0:00:00
2025-03-19,LPVys5z3YJs,HBCU’s In EA College Football?,"May 20, 2024",601,0:00:00
2025-03-20,LPVys5z3YJs,HBCU’s In EA College Football?,"May 20, 2024",601,0:04:11
2025-03-21,LPVys5z3YJs,HBCU’s In EA College Football?,"May 20, 2024",601,0:00:11
2025-03-22,LPVys5z3YJs,HBCU’s In EA College Football?,"May 20, 2024",601,0:00:00
2025-03-23,LPVys5z3YJs,HBCU’s In EA College Football?,"May 20, 2024",601,0:00:00
2025-03-24,LPVys5z3YJs,HBCU’s In EA College Football?,"May 20, 2024",601,0:03:00
2025-03-25,LPVys5z3YJs,HBCU’s In EA College Football?,"May 20, 2024",601,0:00:00
2025-03-26,LPVys5z3YJs,HBCU’s In EA College Football?,"May 20, 2024",601,0:00:00
2025-03-27,LPVys5z3YJs,HBCU’s In EA College Football?,"May 20, 2024",601,0:00:00
2025-03-28,LPVys5z3YJs,HBCU’s In EA College Football?,"May 20, 2024",601,0:00:00
2025-03-29,LPVys5z3YJs,HBCU’s In EA College Football?,"May 20, 2024",601,0:00:00
2025-03-30,LPVys5z3YJs,HBCU’s In EA College Football?,"May 20, 2024",601,0:00:00
2025-03-31,LPVys5z3YJs,HBCU’s In EA College Football?,"May 20, 2024",601,0:00:09
2025-04-01,LPVys5z3YJs,HBCU’s In EA College Football?,"May 20, 2024",601,0:00:01
2025-04-02,LPVys5z3YJs,HBCU’s In EA College Football?,"May 20, 2024",601,0:00:00
2025-04-03,LPVys5z3YJs,HBCU’s In EA College Football?,"May 20, 2024",601,0:00:14
2025-04-04,LPVys5z3YJs,HBCU’s In EA College Football?,"May 20, 2024",601,0:00:00
2025-04-05,LPVys5z3YJs,HBCU’s In EA College Football?,"May 20, 2024",601,0:00:00
2025-04-06,LPVys5z3YJs,HBCU’s In EA College Football?,"May 20, 2024",601,0:00:00
2025-04-07,LPVys5z3YJs,HBCU’s In EA College Football?,"May 20, 2024",601,0:02:05
2025-04-08,LPVys5z3YJs,HBCU’s In EA College Football?,"May 20, 2024",601,0:00:38
2025-04-09,LPVys5z3YJs,HBCU’s In EA College Football?,"May 20, 2024",601,0:00:54
2025-04-10,LPVys5z3YJs,HBCU’s In EA College Football?,"May 20, 2024",601,0:00:21
2025-04-11,LPVys5z3YJs,HBCU’s In EA College Football?,"May 20, 2024",601,0:00:00
2025-04-12,LPVys5z3YJs,HBCU’s In EA College Football?,"May 20, 2024",601,0:00:29
2025-04-13,LPVys5z3YJs,HBCU’s In EA College Football?,"May 20, 2024",601,0:05:08
2025-04-14,LPVys5z3YJs,HBCU’s In EA College Football?,"May 20, 2024",601,0:00:00
2025-04-15,LPVys5z3YJs,HBCU’s In EA College Football?,"May 20, 2024",601,0:00:00
2025-04-16,LPVys5z3YJs,HBCU’s In EA College Football?,"May 20, 2024",601,0:01:13
2025-04-17,LPVys5z3YJs,HBCU’s In EA College Football?,"May 20, 2024",601,0:01:19
2025-04-18,LPVys5z3YJs,HBCU’s In EA College Football?,"May 20, 2024",601,0:00:10
2025-04-19,LPVys5z3YJs,HBCU’s In EA College Football?,"May 20, 2024",601,0:00:00
2025-04-20,LPVys5z3YJs,HBCU’s In EA College Football?,"May 20, 2024",601,0:00:03
2025-04-21,LPVys5z3YJs,HBCU’s In EA College Football?,"May 20, 2024",601,0:00:35
2025-04-22,LPVys5z3YJs,HBCU’s In EA College Football?,"May 20, 2024",601,0:00:00
2025-04-23,LPVys5z3YJs,HBCU’s In EA College Football?,"May 20, 2024",601,0:00:34
2025-04-24,LPVys5z3YJs,HBCU’s In EA College Football?,"May 20, 2024",601,0:00:00
2025-04-25,LPVys5z3YJs,HBCU’s In EA College Football?,"May 20, 2024",601,0:00:00
2025-04-26,LPVys5z3YJs,HBCU’s In EA College Football?,"May 20, 2024",601,0:00:31
2025-04-27,LPVys5z3YJs,HBCU’s In EA College Football?,"May 20, 2024",601,0:00:00
2025-04-28,LPVys5z3YJs,HBCU’s In EA College Football?,"May 20, 2024",601,0:00:00
2025-04-29,LPVys5z3YJs,HBCU’s In EA College Football?,"May 20, 2024",601,0:00:00
2025-04-30,LPVys5z3YJs,HBCU’s In EA College Football?,"May 20, 2024",601,0:01:36
2025-05-01,LPVys5z3YJs,HBCU’s In EA College Football?,"May 20, 2024",601,0:00:00
2025-05-02,LPVys5z3YJs,HBCU’s In EA College Football?,"May 20, 2024",601,0:00:00
2025-05-03,LPVys5z3YJs,HBCU’s In EA College Football?,"May 20, 2024",601,0:00:00
2025-05-04,LPVys5z3YJs,HBCU’s In EA College Football?,"May 20, 2024",601,0:01:42
2025-05-05,LPVys5z3YJs,HBCU’s In EA College Football?,"May 20, 2024",601,0:00:00
2025-05-06,LPVys5z3YJs,HBCU’s In EA College Football?,"May 20, 2024",601,0:00:00
2025-05-07,LPVys5z3YJs,HBCU’s In EA College Football?,"May 20, 2024",601,0:00:00
2025-05-08,LPVys5z3YJs,HBCU’s In EA College Football?,"May 20, 2024",601,0:01:40
2025-05-09,LPVys5z3YJs,HBCU’s In EA College Football?,"May 20, 2024",601,0:00:00
2025-05-10,LPVys5z3YJs,HBCU’s In EA College Football?,"May 20, 2024",601,0:05:00
2025-05-11,LPVys5z3YJs,HBCU’s In EA College Football?,"May 20, 2024",601,0:00:00
2025-05-12,LPVys5z3YJs,HBCU’s In EA College Football?,"May 20, 2024",601,0:00:54
2025-05-13,LPVys5z3YJs,HBCU’s In EA College Football?,"May 20, 2024",601,0:00:00
2025-05-14,LPVys5z3YJs,HBCU’s In EA College Football?,"May 20, 2024",601,0:00:00
2025-05-15,LPVys5z3YJs,HBCU’s In EA College Football?,"May 20, 2024",601,0:00:39
2025-05-16,LPVys5z3YJs,HBCU’s In EA College Football?,"May 20, 2024",601,0:00:00
2025-05-17,LPVys5z3YJs,HBCU’s In EA College Football?,"May 20, 2024",601,0:00:00
2025-05-18,LPVys5z3YJs,HBCU’s In EA College Football?,"May 20, 2024",601,0:10:00
2025-05-19,LPVys5z3YJs,HBCU’s In EA College Football?,"May 20, 2024",601,0:05:12
2025-05-20,LPVys5z3YJs,HBCU’s In EA College Football?,"May 20, 2024",601,0:00:00
2025-05-21,LPVys5z3YJs,HBCU’s In EA College Football?,"May 20, 2024",601,0:00:00
2025-05-22,LPVys5z3YJs,HBCU’s In EA College Football?,"May 20, 2024",601,0:00:00
2025-05-23,LPVys5z3YJs,HBCU’s In EA College Football?,"May 20, 2024",601,0:00:00
2025-05-24,LPVys5z3YJs,HBCU’s In EA College Football?,"May 20, 2024",601,0:00:00
2025-05-25,LPVys5z3YJs,HBCU’s In EA College Football?,"May 20, 2024",601,0:00:00
2025-05-26,LPVys5z3YJs,HBCU’s In EA College Football?,"May 20, 2024",601,0:03:39
2025-05-27,LPVys5z3YJs,HBCU’s In EA College Football?,"May 20, 2024",601,0:00:00
2025-05-28,LPVys5z3YJs,HBCU’s In EA College Football?,"May 20, 2024",601,0:00:00
2025-05-29,LPVys5z3YJs,HBCU’s In EA College Football?,"May 20, 2024",601,0:00:00
2025-05-30,LPVys5z3YJs,HBCU’s In EA College Football?,"May 20, 2024",601,0:00:00
2025-05-31,LPVys5z3YJs,HBCU’s In EA College Football?,"May 20, 2024",601,0:01:19
2025-06-01,LPVys5z3YJs,HBCU’s In EA College Football?,"May 20, 2024",601,0:00:24
2025-06-02,LPVys5z3YJs,HBCU’s In EA College Football?,"May 20, 2024",601,0:00:00
2025-06-03,LPVys5z3YJs,HBCU’s In EA College Football?,"May 20, 2024",601,0:09:52
2025-06-04,LPVys5z3YJs,HBCU’s In EA College Football?,"May 20, 2024",601,0:00:00
2025-06-05,LPVys5z3YJs,HBCU’s In EA College Football?,"May 20, 2024",601,0:00:00
2025-06-06,LPVys5z3YJs,HBCU’s In EA College Football?,"May 20, 2024",601,0:00:00
2025-06-07,LPVys5z3YJs,HBCU’s In EA College Football?,"May 20, 2024",601,0:00:00
2025-06-08,LPVys5z3YJs,HBCU’s In EA College Football?,"May 20, 2024",601,0:00:00
2025-06-09,LPVys5z3YJs,HBCU’s In EA College Football?,"May 20, 2024",601,0:00:01
2025-06-10,LPVys5z3YJs,HBCU’s In EA College Football?,"May 20, 2024",601,0:00:00
2025-06-11,LPVys5z3YJs,HBCU’s In EA College Football?,"May 20, 2024",601,0:05:10
2025-06-12,LPVys5z3YJs,HBCU’s In EA College Football?,"May 20, 2024",601,0:00:00
2025-06-13,LPVys5z3YJs,HBCU’s In EA College Football?,"May 20, 2024",601,0:00:00
2025-06-14,LPVys5z3YJs,HBCU’s In EA College Football?,"May 20, 2024",601,0:00:00
2025-06-15,LPVys5z3YJs,HBCU’s In EA College Football?,"May 20, 2024",601,0:00:00
2025-06-16,LPVys5z3YJs,HBCU’s In EA College Football?,"May 20, 2024",601,0:00:05
2025-06-17,LPVys5z3YJs,HBCU’s In EA College Football?,"May 20, 2024",601,0:00:00
2025-06-18,LPVys5z3YJs,HBCU’s In EA College Football?,"May 20, 2024",601,0:00:00
2025-06-19,LPVys5z3YJs,HBCU’s In EA College Football?,"May 20, 2024",601,
2025-06-20,LPVys5z3YJs,HBCU’s In EA College Football?,"May 20, 2024",601,0:00:03
2025-06-21,LPVys5z3YJs,HBCU’s In EA College Football?,"May 20, 2024",601,0:00:01
2025-06-22,LPVys5z3YJs,HBCU’s In EA College Football?,"May 20, 2024",601,0:00:07
2025-06-23,LPVys5z3YJs,HBCU’s In EA College Football?,"May 20, 2024",601,0:00:00
2025-06-24,LPVys5z3YJs,HBCU’s In EA College Football?,"May 20, 2024",601,0:00:00
2025-06-25,LPVys5z3YJs,HBCU’s In EA College Football?,"May 20, 2024",601,0:00:00
2025-06-26,LPVys5z3YJs,HBCU’s In EA College Football?,"May 20, 2024",601,0:00:25
2025-06-27,LPVys5z3YJs,HBCU’s In EA College Football?,"May 20, 2024",601,0:00:00
2025-06-28,LPVys5z3YJs,HBCU’s In EA College Football?,"May 20, 2024",601,0:00:00
2025-06-29,LPVys5z3YJs,HBCU’s In EA College Football?,"May 20, 2024",601,0:00:06
2025-06-30,LPVys5z3YJs,HBCU’s In EA College Football?,"May 20, 2024",601,0:00:00
2025-07-01,LPVys5z3YJs,HBCU’s In EA College Football?,"May 20, 2024",601,0:00:00
2025-07-02,LPVys5z3YJs,HBCU’s In EA College Football?,"May 20, 2024",601,0:00:00
2025-07-03,LPVys5z3YJs,HBCU’s In EA College Football?,"May 20, 2024",601,
2025-07-04,LPVys5z3YJs,HBCU’s In EA College Football?,"May 20, 2024",601,0:03:02
2025-07-05,LPVys5z3YJs,HBCU’s In EA College Football?,"May 20, 2024",601,0:00:00
2025-07-06,LPVys5z3YJs,HBCU’s In EA College Football?,"May 20, 2024",601,
2025-07-07,LPVys5z3YJs,HBCU’s In EA College Football?,"May 20, 2024",601,0:00:00
2025-07-08,LPVys5z3YJs,HBCU’s In EA College Football?,"May 20, 2024",601,0:00:00
2025-07-09,LPVys5z3YJs,HBCU’s In EA College Football?,"May 20, 2024",601,0:00:00
2025-07-10,LPVys5z3YJs,HBCU’s In EA College Football?,"May 20, 2024",601,0:00:00
2025-07-11,LPVys5z3YJs,HBCU’s In EA College Football?,"May 20, 2024",601,0:02:18
2025-07-12,LPVys5z3YJs,HBCU’s In EA College Football?,"May 20, 2024",601,0:00:00
2025-07-13,LPVys5z3YJs,HBCU’s In EA College Football?,"May 20, 2024",601,0:00:00
2025-07-14,LPVys5z3YJs,HBCU’s In EA College Football?,"May 20, 2024",601,0:00:00
2025-07-15,LPVys5z3YJs,HBCU’s In EA College Football?,"May 20, 2024",601,0:00:00
2025-07-16,LPVys5z3YJs,HBCU’s In EA College Football?,"May 20, 2024",601,0:00:00
2025-07-17,LPVys5z3YJs,HBCU’s In EA College Football?,"May 20, 2024",601,0:00:26
2025-07-18,LPVys5z3YJs,HBCU’s In EA College Football?,"May 20, 2024",601,
2025-07-19,LPVys5z3YJs,HBCU’s In EA College Football?,"May 20, 2024",601,0:00:00
2025-07-20,LPVys5z3YJs,HBCU’s In EA College Football?,"May 20, 2024",601,0:00:00
2025-07-21,LPVys5z3YJs,HBCU’s In EA College Football?,"May 20, 2024",601,0:01:37
2025-07-22,LPVys5z3YJs,HBCU’s In EA College Football?,"May 20, 2024",601,0:00:00
2025-07-23,LPVys5z3YJs,HBCU’s In EA College Football?,"May 20, 2024",601,0:00:00
2025-07-24,LPVys5z3YJs,HBCU’s In EA College Football?,"May 20, 2024",601,0:00:00
2025-07-25,LPVys5z3YJs,HBCU’s In EA College Football?,"May 20, 2024",601,0:00:00
2025-07-26,LPVys5z3YJs,HBCU’s In EA College Football?,"May 20, 2024",601,0:00:00
2025-07-27,LPVys5z3YJs,HBCU’s In EA College Football?,"May 20, 2024",601,0:00:00
2025-07-28,LPVys5z3YJs,HBCU’s In EA College Football?,"May 20, 2024",601,0:00:00
2025-07-29,LPVys5z3YJs,HBCU’s In EA College Football?,"May 20, 2024",601,0:00:00
2025-07-30,LPVys5z3YJs,HBCU’s In EA College Football?,"May 20, 2024",601,0:00:00
2025-07-31,LPVys5z3YJs,HBCU’s In EA College Football?,"May 20, 2024",601,0:00:00
2025-08-01,LPVys5z3YJs,HBCU’s In EA College Football?,"May 20, 2024",601,0:00:00
2025-08-02,LPVys5z3YJs,HBCU’s In EA College Football?,"May 20, 2024",601,0:00:21
2025-08-03,LPVys5z3YJs,HBCU’s In EA College Football?,"May 20, 2024",601,0:00:00
2025-08-04,LPVys5z3YJs,HBCU’s In EA College Football?,"May 20, 2024",601,0:00:00
2025-08-05,LPVys5z3YJs,HBCU’s In EA College Football?,"May 20, 2024",601,0:00:00
2025-08-06,LPVys5z3YJs,HBCU’s In EA College Football?,"May 20, 2024",601,0:00:00
2025-08-07,LPVys5z3YJs,HBCU’s In EA College Football?,"May 20, 2024",601,0:00:00
2025-08-08,LPVys5z3YJs,HBCU’s In EA College Football?,"May 20, 2024",601,0:01:23
2025-08-09,LPVys5z3YJs,HBCU’s In EA College Football?,"May 20, 2024",601,0:00:00
2025-08-10,LPVys5z3YJs,HBCU’s In EA College Football?,"May 20, 2024",601,0:00:27
2025-08-11,LPVys5z3YJs,HBCU’s In EA College Football?,"May 20, 2024",601,0:00:55
2025-08-12,LPVys5z3YJs,HBCU’s In EA College Football?,"May 20, 2024",601,0:00:00
2025-08-13,LPVys5z3YJs,HBCU’s In EA College Football?,"May 20, 2024",601,0:00:00
2025-08-14,LPVys5z3YJs,HBCU’s In EA College Football?,"May 20, 2024",601,0:00:00
2025-08-15,LPVys5z3YJs,HBCU’s In EA College Football?,"May 20, 2024",601,0:00:00
2025-08-16,LPVys5z3YJs,HBCU’s In EA College Football?,"May 20, 2024",601,0:00:00
2025-08-17,LPVys5z3YJs,HBCU’s In EA College Football?,"May 20, 2024",601,0:00:00
2025-08-18,LPVys5z3YJs,HBCU’s In EA College Football?,"May 20, 2024",601,0:00:00
2025-08-19,LPVys5z3YJs,HBCU’s In EA College Football?,"May 20, 2024",601,0:00:00
2025-08-20,LPVys5z3YJs,HBCU’s In EA College Football?,"May 20, 2024",601,0:00:00
2025-08-21,LPVys5z3YJs,HBCU’s In EA College Football?,"May 20, 2024",601,0:00:00
2025-08-22,LPVys5z3YJs,HBCU’s In EA College Football?,"May 20, 2024",601,0:10:00
2025-08-23,LPVys5z3YJs,HBCU’s In EA College Football?,"May 20, 2024",601,0:00:16
2025-08-24,LPVys5z3YJs,HBCU’s In EA College Football?,"May 20, 2024",601,0:00:00
2025-08-25,LPVys5z3YJs,HBCU’s In EA College Football?,"May 20, 2024",601,0:00:00
2025-08-26,LPVys5z3YJs,HBCU’s In EA College Football?,"May 20, 2024",601,0:00:00
2025-08-27,LPVys5z3YJs,HBCU’s In EA College Football?,"May 20, 2024",601,0:00:00
2025-08-28,LPVys5z3YJs,HBCU’s In EA College Football?,"May 20, 2024",601,0:00:10
2025-08-29,LPVys5z3YJs,HBCU’s In EA College Football?,"May 20, 2024",601,0:00:00
2025-08-30,LPVys5z3YJs,HBCU’s In EA College Football?,"May 20, 2024",601,0:00:00
2025-08-31,LPVys5z3YJs,HBCU’s In EA College Football?,"May 20, 2024",601,0:00:48
2025-09-01,LPVys5z3YJs,HBCU’s In EA College Football?,"May 20, 2024",601,0:00:00
2025-09-02,LPVys5z3YJs,HBCU’s In EA College Football?,"May 20, 2024",601,0:00:00
2025-09-03,LPVys5z3YJs,HBCU’s In EA College Football?,"May 20, 2024",601,0:00:00
2025-09-04,LPVys5z3YJs,HBCU’s In EA College Football?,"May 20, 2024",601,0:00:00
2025-09-05,LPVys5z3YJs,HBCU’s In EA College Football?,"May 20, 2024",601,0:00:00
2025-09-06,LPVys5z3YJs,HBCU’s In EA College Football?,"May 20, 2024",601,0:00:00
2025-09-07,LPVys5z3YJs,HBCU’s In EA College Football?,"May 20, 2024",601,0:00:00
2025-09-08,LPVys5z3YJs,HBCU’s In EA College Football?,"May 20, 2024",601,0:00:00
2025-09-09,LPVys5z3YJs,HBCU’s In EA College Football?,"May 20, 2024",601,0:00:00
2025-09-10,LPVys5z3YJs,HBCU’s In EA College Football?,"May 20, 2024",601,0:00:00
2025-09-11,LPVys5z3YJs,HBCU’s In EA College Football?,"May 20, 2024",601,0:00:00
2025-09-12,LPVys5z3YJs,HBCU’s In EA College Football?,"May 20, 2024",601,0:00:00
2025-09-13,LPVys5z3YJs,HBCU’s In EA College Football?,"May 20, 2024",601,0:00:11
2025-09-14,LPVys5z3YJs,HBCU’s In EA College Football?,"May 20, 2024",601,0:00:00
2025-09-15,LPVys5z3YJs,HBCU’s In EA College Football?,"May 20, 2024",601,0:00:00
2025-09-16,LPVys5z3YJs,HBCU’s In EA College Football?,"May 20, 2024",601,0:00:00
2025-09-17,LPVys5z3YJs,HBCU’s In EA College Football?,"May 20, 2024",601,0:00:00
2025-09-18,LPVys5z3YJs,HBCU’s In EA College Football?,"May 20, 2024",601,0:00:36
2025-09-19,LPVys5z3YJs,HBCU’s In EA College Football?,"May 20, 2024",601,0:00:00
2025-09-20,LPVys5z3YJs,HBCU’s In EA College Football?,"May 20, 2024",601,0:00:00
2025-09-21,LPVys5z3YJs,HBCU’s In EA College Football?,"May 20, 2024",601,0:00:00
2025-09-22,LPVys5z3YJs,HBCU’s In EA College Football?,"May 20, 2024",601,0:00:00
2025-09-23,LPVys5z3YJs,HBCU’s In EA College Football?,"May 20, 2024",601,0:00:00
2025-09-24,LPVys5z3YJs,HBCU’s In EA College Football?,"May 20, 2024",601,0:00:43
2025-09-25,LPVys5z3YJs,HBCU’s In EA College Football?,"May 20, 2024",601,0:00:00
2025-09-26,LPVys5z3YJs,HBCU’s In EA College Football?,"May 20, 2024",601,0:00:00
2025-09-27,LPVys5z3YJs,HBCU’s In EA College Football?,"May 20, 2024",601,0:00:00
2025-09-28,LPVys5z3YJs,HBCU’s In EA College Football?,"May 20, 2024",601,0:00:00
2025-09-29,LPVys5z3YJs,HBCU’s In EA College Football?,"May 20, 2024",601,0:00:00
2025-09-30,LPVys5z3YJs,HBCU’s In EA College Football?,"May 20, 2024",601,0:00:00
2025-10-01,LPVys5z3YJs,HBCU’s In EA College Football?,"May 20, 2024",601,0:00:00
2025-10-02,LPVys5z3YJs,HBCU’s In EA College Football?,"May 20, 2024",601,0:00:00
2025-10-03,LPVys5z3YJs,HBCU’s In EA College Football?,"May 20, 2024",601,0:00:00
2025-10-04,LPVys5z3YJs,HBCU’s In EA College Football?,"May 20, 2024",601,0:00:00
2025-10-05,LPVys5z3YJs,HBCU’s In EA College Football?,"May 20, 2024",601,0:00:00
2025-10-06,LPVys5z3YJs,HBCU’s In EA College Football?,"May 20, 2024",601,0:00:00
2025-10-07,LPVys5z3YJs,HBCU’s In EA College Football?,"May 20, 2024",601,0:00:00
2025-10-08,LPVys5z3YJs,HBCU’s In EA College Football?,"May 20, 2024",601,0:00:00
2025-10-09,LPVys5z3YJs,HBCU’s In EA College Football?,"May 20, 2024",601,0:00:00
2025-10-10,LPVys5z3YJs,HBCU’s In EA College Football?,"May 20, 2024",601,0:08:05
2025-10-11,LPVys5z3YJs,HBCU’s In EA College Football?,"May 20, 2024",601,0:00:01
2025-10-12,LPVys5z3YJs,HBCU’s In EA College Football?,"May 20, 2024",601,0:02:42
2025-10-13,LPVys5z3YJs,HBCU’s In EA College Football?,"May 20, 2024",601,0:00:00
2025-10-14,LPVys5z3YJs,HBCU’s In EA College Football?,"May 20, 2024",601,0:00:00
2025-10-15,LPVys5z3YJs,HBCU’s In EA College Football?,"May 20, 2024",601,0:00:00
2025-10-16,LPVys5z3YJs,HBCU’s In EA College Football?,"May 20, 2024",601,0:00:00
2025-10-17,LPVys5z3YJs,HBCU’s In EA College Football?,"May 20, 2024",601,0:00:00
2025-10-18,LPVys5z3YJs,HBCU’s In EA College Football?,"May 20, 2024",601,0:00:00
2025-10-19,LPVys5z3YJs,HBCU’s In EA College Football?,"May 20, 2024",601,0:00:50
2025-10-20,LPVys5z3YJs,HBCU’s In EA College Football?,"May 20, 2024",601,0:00:00
2025-10-21,LPVys5z3YJs,HBCU’s In EA College Football?,"May 20, 2024",601,0:00:00
2025-10-22,LPVys5z3YJs,HBCU’s In EA College Football?,"May 20, 2024",601,0:00:00
2025-10-23,LPVys5z3YJs,HBCU’s In EA College Football?,"May 20, 2024",601,0:00:00
2025-10-24,LPVys5z3YJs,HBCU’s In EA College Football?,"May 20, 2024",601,0:00:00
2025-10-25,LPVys5z3YJs,HBCU’s In EA College Football?,"May 20, 2024",601,0:00:00
2025-10-26,LPVys5z3YJs,HBCU’s In EA College Football?,"May 20, 2024",601,0:00:00
2025-10-27,LPVys5z3YJs,HBCU’s In EA College Football?,"May 20, 2024",601,0:00:00
2025-10-28,LPVys5z3YJs,HBCU’s In EA College Football?,"May 20, 2024",601,0:00:30
2025-10-29,LPVys5z3YJs,HBCU’s In EA College Football?,"May 20, 2024",601,0:00:00
2025-10-30,LPVys5z3YJs,HBCU’s In EA College Football?,"May 20, 2024",601,0:00:00
2025-10-31,LPVys5z3YJs,HBCU’s In EA College Football?,"May 20, 2024",601,0:00:00
2025-11-01,LPVys5z3YJs,HBCU’s In EA College Football?,"May 20, 2024",601,0:00:00
2025-11-02,LPVys5z3YJs,HBCU’s In EA College Football?,"May 20, 2024",601,0:00:00
2025-11-03,LPVys5z3YJs,HBCU’s In EA College Football?,"May 20, 2024",601,0:00:00
2025-11-04,LPVys5z3YJs,HBCU’s In EA College Football?,"May 20, 2024",601,0:00:00
2025-11-05,LPVys5z3YJs,HBCU’s In EA College Football?,"May 20, 2024",601,0:00:00
2025-11-06,LPVys5z3YJs,HBCU’s In EA College Football?,"May 20, 2024",601,0:00:00
2025-11-07,LPVys5z3YJs,HBCU’s In EA College Football?,"May 20, 2024",601,0:00:00
2025-11-08,LPVys5z3YJs,HBCU’s In EA College Football?,"May 20, 2024",601,0:00:00
2025-11-09,LPVys5z3YJs,HBCU’s In EA College Football?,"May 20, 2024",601,0:00:00
2025-11-10,LPVys5z3YJs,HBCU’s In EA College Football?,"May 20, 2024",601,0:00:03
2025-11-11,LPVys5z3YJs,HBCU’s In EA College Football?,"May 20, 2024",601,0:00:00
2025-11-12,LPVys5z3YJs,HBCU’s In EA College Football?,"May 20, 2024",601,0:00:00
2025-11-13,LPVys5z3YJs,HBCU’s In EA College Football?,"May 20, 2024",601,0:00:00
2025-11-14,LPVys5z3YJs,HBCU’s In EA College Football?,"May 20, 2024",601,0:00:00
2025-11-15,LPVys5z3YJs,HBCU’s In EA College Football?,"May 20, 2024",601,0:00:00
2025-11-16,LPVys5z3YJs,HBCU’s In EA College Football?,"May 20, 2024",601,0:00:00
2025-11-17,LPVys5z3YJs,HBCU’s In EA College Football?,"May 20, 2024",601,0:00:00
2025-11-18,LPVys5z3YJs,HBCU’s In EA College Football?,"May 20, 2024",601,0:00:00
2025-11-19,LPVys5z3YJs,HBCU’s In EA College Football?,"May 20, 2024",601,0:00:00
2025-11-20,LPVys5z3YJs,HBCU’s In EA College Football?,"May 20, 2024",601,0:00:00
2025-11-21,LPVys5z3YJs,HBCU’s In EA College Football?,"May 20, 2024",601,0:00:00
2025-11-22,LPVys5z3YJs,HBCU’s In EA College Football?,"May 20, 2024",601,0:00:00
2025-11-23,LPVys5z3YJs,HBCU’s In EA College Football?,"May 20, 2024",601,0:04:05
2025-11-24,LPVys5z3YJs,HBCU’s In EA College Football?,"May 20, 2024",601,0:00:00
2025-11-25,LPVys5z3YJs,HBCU’s In EA College Football?,"May 20, 2024",601,0:00:00
2025-11-26,LPVys5z3YJs,HBCU’s In EA College Football?,"May 20, 2024",601,0:00:00
2025-11-27,LPVys5z3YJs,HBCU’s In EA College Football?,"May 20, 2024",601,0:00:00
2025-11-28,LPVys5z3YJs,HBCU’s In EA College Football?,"May 20, 2024",601,0:00:00
2025-11-29,LPVys5z3YJs,HBCU’s In EA College Football?,"May 20, 2024",601,0:00:00
2025-11-30,LPVys5z3YJs,HBCU’s In EA College Football?,"May 20, 2024",601,0:00:00
2025-12-01,LPVys5z3YJs,HBCU’s In EA College Football?,"May 20, 2024",601,0:00:00
2025-12-02,LPVys5z3YJs,HBCU’s In EA College Football?,"May 20, 2024",601,0:00:00
2025-12-03,LPVys5z3YJs,HBCU’s In EA College Football?,"May 20, 2024",601,0:00:00
2025-12-04,LPVys5z3YJs,HBCU’s In EA College Football?,"May 20, 2024",601,0:00:00
2025-12-05,LPVys5z3YJs,HBCU’s In EA College Football?,"May 20, 2024",601,0:00:00
2025-12-06,LPVys5z3YJs,HBCU’s In EA College Football?,"May 20, 2024",601,0:02:21
2025-12-07,LPVys5z3YJs,HBCU’s In EA College Football?,"May 20, 2024",601,0:00:00
2025-12-08,LPVys5z3YJs,HBCU’s In EA College Football?,"May 20, 2024",601,0:00:00
2025-12-09,LPVys5z3YJs,HBCU’s In EA College Football?,"May 20, 2024",601,0:00:00
2025-12-10,LPVys5z3YJs,HBCU’s In EA College Football?,"May 20, 2024",601,0:00:00
2025-12-11,LPVys5z3YJs,HBCU’s In EA College Football?,"May 20, 2024",601,0:00:00
2025-12-12,LPVys5z3YJs,HBCU’s In EA College Football?,"May 20, 2024",601,0:00:00
2025-12-13,LPVys5z3YJs,HBCU’s In EA College Football?,"May 20, 2024",601,
2025-12-14,LPVys5z3YJs,HBCU’s In EA College Football?,"May 20, 2024",601,0:00:00
2025-12-15,LPVys5z3YJs,HBCU’s In EA College Football?,"May 20, 2024",601,0:00:00
2025-12-16,LPVys5z3YJs,HBCU’s In EA College Football?,"May 20, 2024",601,0:00:00
2025-12-17,LPVys5z3YJs,HBCU’s In EA College Football?,"May 20, 2024",601,0:00:00
2025-12-18,LPVys5z3YJs,HBCU’s In EA College Football?,"May 20, 2024",601,0:00:00
2025-12-19,LPVys5z3YJs,HBCU’s In EA College Football?,"May 20, 2024",601,0:00:00
2025-12-20,LPVys5z3YJs,HBCU’s In EA College Football?,"May 20, 2024",601,0:01:28
2025-12-21,LPVys5z3YJs,HBCU’s In EA College Football?,"May 20, 2024",601,0:00:00
2025-12-22,LPVys5z3YJs,HBCU’s In EA College Football?,"May 20, 2024",601,0:00:00
2025-12-23,LPVys5z3YJs,HBCU’s In EA College Football?,"May 20, 2024",601,0:00:00
2025-12-24,LPVys5z3YJs,HBCU’s In EA College Football?,"May 20, 2024",601,0:00:00
2025-12-25,LPVys5z3YJs,HBCU’s In EA College Football?,"May 20, 2024",601,0:00:00
2025-12-26,LPVys5z3YJs,HBCU’s In EA College Football?,"May 20, 2024",601,0:00:00
2025-12-27,LPVys5z3YJs,HBCU’s In EA College Football?,"May 20, 2024",601,0:00:00
2025-12-28,LPVys5z3YJs,HBCU’s In EA College Football?,"May 20, 2024",601,0:00:00
2025-12-29,LPVys5z3YJs,HBCU’s In EA College Football?,"May 20, 2024",601,0:00:00
2025-12-30,LPVys5z3YJs,HBCU’s In EA College Football?,"May 20, 2024",601,0:00:00
2025-12-31,LPVys5z3YJs,HBCU’s In EA College Football?,"May 20, 2024",601,0:00:00
2026-01-01,LPVys5z3YJs,HBCU’s In EA College Football?,"May 20, 2024",601,0:00:00
2026-01-02,LPVys5z3YJs,HBCU’s In EA College Football?,"May 20, 2024",601,0:00:00
2026-01-03,LPVys5z3YJs,HBCU’s In EA College Football?,"May 20, 2024",601,0:00:00
2026-01-04,LPVys5z3YJs,HBCU’s In EA College Football?,"May 20, 2024",601,0:00:00
2026-01-05,LPVys5z3YJs,HBCU’s In EA College Football?,"May 20, 2024",601,0:00:13
2026-01-06,LPVys5z3YJs,HBCU’s In EA College Football?,"May 20, 2024",601,0:00:00
2026-01-07,LPVys5z3YJs,HBCU’s In EA College Football?,"May 20, 2024",601,0:00:00
2026-01-08,LPVys5z3YJs,HBCU’s In EA College Football?,"May 20, 2024",601,0:00:00
2026-01-09,LPVys5z3YJs,HBCU’s In EA College Football?,"May 20, 2024",601,0:00:00
2026-01-10,LPVys5z3YJs,HBCU’s In EA College Football?,"May 20, 2024",601,0:00:00
2026-01-11,LPVys5z3YJs,HBCU’s In EA College Football?,"May 20, 2024",601,0:00:00
2026-01-12,LPVys5z3YJs,HBCU’s In EA College Football?,"May 20, 2024",601,0:00:00
2026-01-13,LPVys5z3YJs,HBCU’s In EA College Football?,"May 20, 2024",601,0:00:00
2026-01-14,LPVys5z3YJs,HBCU’s In EA College Football?,"May 20, 2024",601,
2026-01-15,LPVys5z3YJs,HBCU’s In EA College Football?,"May 20, 2024",601,
2026-01-16,LPVys5z3YJs,HBCU’s In EA College Football?,"May 20, 2024",601,
2026-01-17,LPVys5z3YJs,HBCU’s In EA College Football?,"May 20, 2024",601,0:00:00
2026-01-18,LPVys5z3YJs,HBCU’s In EA College Football?,"May 20, 2024",601,
2026-01-19,LPVys5z3YJs,HBCU’s In EA College Football?,"May 20, 2024",601,0:00:00
2026-01-20,LPVys5z3YJs,HBCU’s In EA College Football?,"May 20, 2024",601,0:00:00
2026-01-21,LPVys5z3YJs,HBCU’s In EA College Football?,"May 20, 2024",601,0:00:00
2026-01-22,LPVys5z3YJs,HBCU’s In EA College Football?,"May 20, 2024",601,0:00:00
2026-01-23,LPVys5z3YJs,HBCU’s In EA College Football?,"May 20, 2024",601,0:00:00
2026-01-24,LPVys5z3YJs,HBCU’s In EA College Football?,"May 20, 2024",601,0:00:00
2026-01-25,LPVys5z3YJs,HBCU’s In EA College Football?,"May 20, 2024",601,0:00:22
2026-01-26,LPVys5z3YJs,HBCU’s In EA College Football?,"May 20, 2024",601,0:00:00
2026-01-27,LPVys5z3YJs,HBCU’s In EA College Football?,"May 20, 2024",601,0:00:00
2026-01-28,LPVys5z3YJs,HBCU’s In EA College Football?,"May 20, 2024",601,0:00:00
2026-01-29,LPVys5z3YJs,HBCU’s In EA College Football?,"May 20, 2024",601,0:00:00
2026-01-30,LPVys5z3YJs,HBCU’s In EA College Football?,"May 20, 2024",601,0:00:00
2026-01-31,LPVys5z3YJs,HBCU’s In EA College Football?,"May 20, 2024",601,0:00:00
2026-02-01,LPVys5z3YJs,HBCU’s In EA College Football?,"May 20, 2024",601,0:00:00
2026-02-02,LPVys5z3YJs,HBCU’s In EA College Football?,"May 20, 2024",601,0:00:00
2026-02-03,LPVys5z3YJs,HBCU’s In EA College Football?,"May 20, 2024",601,0:00:00
2026-02-04,LPVys5z3YJs,HBCU’s In EA College Football?,"May 20, 2024",601,0:00:02
2026-02-05,LPVys5z3YJs,HBCU’s In EA College Football?,"May 20, 2024",601,0:00:00
2026-02-06,LPVys5z3YJs,HBCU’s In EA College Football?,"May 20, 2024",601,0:00:00
2026-02-07,LPVys5z3YJs,HBCU’s In EA College Football?,"May 20, 2024",601,
2026-02-08,LPVys5z3YJs,HBCU’s In EA College Football?,"May 20, 2024",601,0:00:00
2026-02-09,LPVys5z3YJs,HBCU’s In EA College Football?,"May 20, 2024",601,0:00:00
2026-02-10,LPVys5z3YJs,HBCU’s In EA College Football?,"May 20, 2024",601,0:00:00
2026-02-11,LPVys5z3YJs,HBCU’s In EA College Football?,"May 20, 2024",601,0:00:00
2026-02-12,LPVys5z3YJs,HBCU’s In EA College Football?,"May 20, 2024",601,0:00:00
2026-02-13,LPVys5z3YJs,HBCU’s In EA College Football?,"May 20, 2024",601,0:00:00
2026-02-14,LPVys5z3YJs,HBCU’s In EA College Football?,"May 20, 2024",601,0:00:00
2026-02-15,LPVys5z3YJs,HBCU’s In EA College Football?,"May 20, 2024",601,0:00:00
2026-02-16,LPVys5z3YJs,HBCU’s In EA College Football?,"May 20, 2024",601,0:00:00
2026-02-17,LPVys5z3YJs,HBCU’s In EA College Football?,"May 20, 2024",601,0:00:52
2026-02-18,LPVys5z3YJs,HBCU’s In EA College Football?,"May 20, 2024",601,0:00:00
2026-02-19,LPVys5z3YJs,HBCU’s In EA College Football?,"May 20, 2024",601,0:00:00
2026-02-20,LPVys5z3YJs,HBCU’s In EA College Football?,"May 20, 2024",601,0:00:00
2026-02-21,LPVys5z3YJs,HBCU’s In EA College Football?,"May 20, 2024",601,0:00:00
2026-02-22,LPVys5z3YJs,HBCU’s In EA College Football?,"May 20, 2024",601,0:00:00
2026-02-23,LPVys5z3YJs,HBCU’s In EA College Football?,"May 20, 2024",601,0:00:26
2026-02-24,LPVys5z3YJs,HBCU’s In EA College Football?,"May 20, 2024",601,0:00:00
2026-02-25,LPVys5z3YJs,HBCU’s In EA College Football?,"May 20, 2024",601,0:00:00
2026-02-26,LPVys5z3YJs,HBCU’s In EA College Football?,"May 20, 2024",601,0:00:00
2026-02-27,LPVys5z3YJs,HBCU’s In EA College Football?,"May 20, 2024",601,0:00:26
2026-02-28,LPVys5z3YJs,HBCU’s In EA College Football?,"May 20, 2024",601,0:00:00
2026-03-01,LPVys5z3YJs,HBCU’s In EA College Football?,"May 20, 2024",601,0:00:00
2026-03-02,LPVys5z3YJs,HBCU’s In EA College Football?,"May 20, 2024",601,0:00:00
2026-03-03,LPVys5z3YJs,HBCU’s In EA College Football?,"May 20, 2024",601,0:00:00
2026-03-04,LPVys5z3YJs,HBCU’s In EA College Football?,"May 20, 2024",601,0:00:00
2026-03-05,LPVys5z3YJs,HBCU’s In EA College Football?,"May 20, 2024",601,0:00:00
2026-03-06,LPVys5z3YJs,HBCU’s In EA College Football?,"May 20, 2024",601,0:00:00
2026-03-07,LPVys5z3YJs,HBCU’s In EA College Football?,"May 20, 2024",601,0:00:00
2026-03-08,LPVys5z3YJs,HBCU’s In EA College Football?,"May 20, 2024",601,0:00:12
2026-03-09,LPVys5z3YJs,HBCU’s In EA College Football?,"May 20, 2024",601,0:00:00
2026-03-10,LPVys5z3YJs,HBCU’s In EA College Football?,"May 20, 2024",601,0:00:00
2026-03-11,LPVys5z3YJs,HBCU’s In EA College Football?,"May 20, 2024",601,0:00:00
2026-03-12,LPVys5z3YJs,HBCU’s In EA College Football?,"May 20, 2024",601,0:00:00
2026-03-13,LPVys5z3YJs,HBCU’s In EA College Football?,"May 20, 2024",601,0:01:10
2026-03-14,LPVys5z3YJs,HBCU’s In EA College Football?,"May 20, 2024",601,0:00:00
2026-03-15,LPVys5z3YJs,HBCU’s In EA College Football?,"May 20, 2024",601,0:00:00
2026-03-16,LPVys5z3YJs,HBCU’s In EA College Football?,"May 20, 2024",601,
2026-03-17,LPVys5z3YJs,HBCU’s In EA College Football?,"May 20, 2024",601,0:00:00
2026-03-18,LPVys5z3YJs,HBCU’s In EA College Football?,"May 20, 2024",601,
2026-03-19,LPVys5z3YJs,HBCU’s In EA College Football?,"May 20, 2024",601,0:00:00
2026-03-20,LPVys5z3YJs,HBCU’s In EA College Football?,"May 20, 2024",601,0:08:32
2026-03-21,LPVys5z3YJs,HBCU’s In EA College Football?,"May 20, 2024",601,0:00:00
2026-03-22,LPVys5z3YJs,HBCU’s In EA College Football?,"May 20, 2024",601,
2026-03-23,LPVys5z3YJs,HBCU’s In EA College Football?,"May 20, 2024",601,0:00:00
2026-03-24,LPVys5z3YJs,HBCU’s In EA College Football?,"May 20, 2024",601,0:00:00
2026-03-25,LPVys5z3YJs,HBCU’s In EA College Football?,"May 20, 2024",601,
2026-03-26,LPVys5z3YJs,HBCU’s In EA College Football?,"May 20, 2024",601,0:00:00
2026-03-27,LPVys5z3YJs,HBCU’s In EA College Football?,"May 20, 2024",601,0:00:54
2026-03-28,LPVys5z3YJs,HBCU’s In EA College Football?,"May 20, 2024",601,0:03:57
2026-03-29,LPVys5z3YJs,HBCU’s In EA College Football?,"May 20, 2024",601,
2026-03-30,LPVys5z3YJs,HBCU’s In EA College Football?,"May 20, 2024",601,0:00:20
2026-03-31,LPVys5z3YJs,HBCU’s In EA College Football?,"May 20, 2024",601,0:00:00
2026-04-01,LPVys5z3YJs,HBCU’s In EA College Football?,"May 20, 2024",601,0:00:00
2026-04-02,LPVys5z3YJs,HBCU’s In EA College Football?,"May 20, 2024",601,0:00:00
2026-04-03,LPVys5z3YJs,HBCU’s In EA College Football?,"May 20, 2024",601,0:00:00
2026-04-04,LPVys5z3YJs,HBCU’s In EA College Football?,"May 20, 2024",601,0:00:00
2026-04-05,LPVys5z3YJs,HBCU’s In EA College Football?,"May 20, 2024",601,0:00:00
2026-04-06,LPVys5z3YJs,HBCU’s In EA College Football?,"May 20, 2024",601,0:00:00
2026-04-07,LPVys5z3YJs,HBCU’s In EA College Football?,"May 20, 2024",601,0:00:00
2026-04-08,LPVys5z3YJs,HBCU’s In EA College Football?,"May 20, 2024",601,0:00:00
2026-04-09,LPVys5z3YJs,HBCU’s In EA College Football?,"May 20, 2024",601,0:00:00
2026-04-10,LPVys5z3YJs,HBCU’s In EA College Football?,"May 20, 2024",601,0:00:00
2026-04-11,LPVys5z3YJs,HBCU’s In EA College Football?,"May 20, 2024",601,0:00:00
2026-04-12,LPVys5z3YJs,HBCU’s In EA College Football?,"May 20, 2024",601,0:00:00
2026-04-13,LPVys5z3YJs,HBCU’s In EA College Football?,"May 20, 2024",601,0:00:00
2026-04-14,LPVys5z3YJs,HBCU’s In EA College Football?,"May 20, 2024",601,
2026-04-15,LPVys5z3YJs,HBCU’s In EA College Football?,"May 20, 2024",601,0:00:00
2026-04-16,LPVys5z3YJs,HBCU’s In EA College Football?,"May 20, 2024",601,
2026-04-17,LPVys5z3YJs,HBCU’s In EA College Football?,"May 20, 2024",601,0:00:00
2026-04-18,LPVys5z3YJs,HBCU’s In EA College Football?,"May 20, 2024",601,0:00:00
2026-04-19,LPVys5z3YJs,HBCU’s In EA College Football?,"May 20, 2024",601,0:00:00
2026-04-20,LPVys5z3YJs,HBCU’s In EA College Football?,"May 20, 2024",601,0:00:00
2026-04-21,LPVys5z3YJs,HBCU’s In EA College Football?,"May 20, 2024",601,0:00:00
2026-04-22,LPVys5z3YJs,HBCU’s In EA College Football?,"May 20, 2024",601,
2026-04-23,LPVys5z3YJs,HBCU’s In EA College Football?,"May 20, 2024",601,0:00:00
2026-04-24,LPVys5z3YJs,HBCU’s In EA College Football?,"May 20, 2024",601,0:00:00
2026-04-25,LPVys5z3YJs,HBCU’s In EA College Football?,"May 20, 2024",601,0:00:00
2026-04-26,LPVys5z3YJs,HBCU’s In EA College Football?,"May 20, 2024",601,0:00:00
2026-04-27,LPVys5z3YJs,HBCU’s In EA College Football?,"May 20, 2024",601,0:00:00
2026-04-28,LPVys5z3YJs,HBCU’s In EA College Football?,"May 20, 2024",601,0:00:00
2026-04-29,LPVys5z3YJs,HBCU’s In EA College Football?,"May 20, 2024",601,0:00:00
2026-04-30,LPVys5z3YJs,HBCU’s In EA College Football?,"May 20, 2024",601,
2026-05-01,LPVys5z3YJs,HBCU’s In EA College Football?,"May 20, 2024",601,
2026-05-02,LPVys5z3YJs,HBCU’s In EA College Football?,"May 20, 2024",601,
2026-05-03,LPVys5z3YJs,HBCU’s In EA College Football?,"May 20, 2024",601,0:00:00
2026-05-04,LPVys5z3YJs,HBCU’s In EA College Football?,"May 20, 2024",601,0:00:00
2026-05-05,LPVys5z3YJs,HBCU’s In EA College Football?,"May 20, 2024",601,0:00:00
2026-05-06,LPVys5z3YJs,HBCU’s In EA College Football?,"May 20, 2024",601,0:01:12
2026-05-07,LPVys5z3YJs,HBCU’s In EA College Football?,"May 20, 2024",601,0:00:00
2026-05-08,LPVys5z3YJs,HBCU’s In EA College Football?,"May 20, 2024",601,0:00:00
2026-05-09,LPVys5z3YJs,HBCU’s In EA College Football?,"May 20, 2024",601,0:00:00
2026-05-10,LPVys5z3YJs,HBCU’s In EA College Football?,"May 20, 2024",601,0:00:00
2026-05-11,LPVys5z3YJs,HBCU’s In EA College Football?,"May 20, 2024",601,0:00:00
2026-05-12,LPVys5z3YJs,HBCU’s In EA College Football?,"May 20, 2024",601,0:00:00
2026-05-13,LPVys5z3YJs,HBCU’s In EA College Football?,"May 20, 2024",601,0:00:00
2026-05-14,LPVys5z3YJs,HBCU’s In EA College Football?,"May 20, 2024",601,0:00:00
2026-05-15,LPVys5z3YJs,HBCU’s In EA College Football?,"May 20, 2024",601,0:00:00
2026-05-16,LPVys5z3YJs,HBCU’s In EA College Football?,"May 20, 2024",601,
2026-05-17,LPVys5z3YJs,HBCU’s In EA College Football?,"May 20, 2024",601,0:00:00
2026-05-18,LPVys5z3YJs,HBCU’s In EA College Football?,"May 20, 2024",601,0:00:00
2026-05-19,LPVys5z3YJs,HBCU’s In EA College Football?,"May 20, 2024",601,0:00:00
2026-05-20,LPVys5z3YJs,HBCU’s In EA College Football?,"May 20, 2024",601,0:00:00
2026-05-21,LPVys5z3YJs,HBCU’s In EA College Football?,"May 20, 2024",601,0:00:00
2026-05-22,LPVys5z3YJs,HBCU’s In EA College Football?,"May 20, 2024",601,
2026-05-23,LPVys5z3YJs,HBCU’s In EA College Football?,"May 20, 2024",601,0:00:00
2026-05-24,LPVys5z3YJs,HBCU’s In EA College Football?,"May 20, 2024",601,0:00:00
2026-05-25,LPVys5z3YJs,HBCU’s In EA College Football?,"May 20, 2024",601,0:00:00
2026-05-26,LPVys5z3YJs,HBCU’s In EA College Football?,"May 20, 2024",601,0:00:00
2026-05-27,LPVys5z3YJs,HBCU’s In EA College Football?,"May 20, 2024",601,0:00:00
2026-05-28,LPVys5z3YJs,HBCU’s In EA College Football?,"May 20, 2024",601,
2026-05-29,LPVys5z3YJs,HBCU’s In EA College Football?,"May 20, 2024",601,
2026-05-30,LPVys5z3YJs,HBCU’s In EA College Football?,"May 20, 2024",601,
2026-05-31,LPVys5z3YJs,HBCU’s In EA College Football?,"May 20, 2024",601,
2026-06-01,LPVys5z3YJs,HBCU’s In EA College Football?,"May 20, 2024",601,
2026-06-02,LPVys5z3YJs,HBCU’s In EA College Football?,"May 20, 2024",601,0:00:51
2026-06-03,LPVys5z3YJs,HBCU’s In EA College Football?,"May 20, 2024",601,
2026-06-04,LPVys5z3YJs,HBCU’s In EA College Football?,"May 20, 2024",601,0:00:00
2026-06-05,LPVys5z3YJs,HBCU’s In EA College Football?,"May 20, 2024",601,
2026-06-06,LPVys5z3YJs,HBCU’s In EA College Football?,"May 20, 2024",601,0:00:00
2026-06-07,LPVys5z3YJs,HBCU’s In EA College Football?,"May 20, 2024",601,0:00:00
2026-06-08,LPVys5z3YJs,HBCU’s In EA College Football?,"May 20, 2024",601,0:00:00
2026-06-09,LPVys5z3YJs,HBCU’s In EA College Football?,"May 20, 2024",601,0:00:00
2026-06-10,LPVys5z3YJs,HBCU’s In EA College Football?,"May 20, 2024",601,0:00:00
2026-06-11,LPVys5z3YJs,HBCU’s In EA College Football?,"May 20, 2024",601,0:00:00
2026-06-12,LPVys5z3YJs,HBCU’s In EA College Football?,"May 20, 2024",601,0:00:00
2026-06-13,LPVys5z3YJs,HBCU’s In EA College Football?,"May 20, 2024",601,0:00:00
2026-06-14,LPVys5z3YJs,HBCU’s In EA College Football?,"May 20, 2024",601,0:00:00
2026-06-15,LPVys5z3YJs,HBCU’s In EA College Football?,"May 20, 2024",601,0:00:00
2026-06-16,LPVys5z3YJs,HBCU’s In EA College Football?,"May 20, 2024",601,0:00:03
2026-06-17,LPVys5z3YJs,HBCU’s In EA College Football?,"May 20, 2024",601,0:00:00
2026-06-18,LPVys5z3YJs,HBCU’s In EA College Football?,"May 20, 2024",601,0:00:00
2026-06-19,LPVys5z3YJs,HBCU’s In EA College Football?,"May 20, 2024",601,0:00:00
2026-06-20,LPVys5z3YJs,HBCU’s In EA College Football?,"May 20, 2024",601,0:00:00
2026-06-21,LPVys5z3YJs,HBCU’s In EA College Football?,"May 20, 2024",601,
2026-06-22,LPVys5z3YJs,HBCU’s In EA College Football?,"May 20, 2024",601,0:00:00
2026-06-23,LPVys5z3YJs,HBCU’s In EA College Football?,"May 20, 2024",601,0:00:00
2026-06-24,LPVys5z3YJs,HBCU’s In EA College Football?,"May 20, 2024",601,0:00:00
2026-06-25,LPVys5z3YJs,HBCU’s In EA College Football?,"May 20, 2024",601,0:00:20
2026-06-26,LPVys5z3YJs,HBCU’s In EA College Football?,"May 20, 2024",601,0:00:00
2026-06-27,LPVys5z3YJs,HBCU’s In EA College Football?,"May 20, 2024",601,0:00:00
2026-06-28,LPVys5z3YJs,HBCU’s In EA College Football?,"May 20, 2024",601,0:00:00
2026-06-29,LPVys5z3YJs,HBCU’s In EA College Football?,"May 20, 2024",601,
2026-06-30,LPVys5z3YJs,HBCU’s In EA College Football?,"May 20, 2024",601,0:00:00
2026-07-01,LPVys5z3YJs,HBCU’s In EA College Football?,"May 20, 2024",601,0:00:00
2026-07-02,LPVys5z3YJs,HBCU’s In EA College Football?,"May 20, 2024",601,0:00:00
2026-07-03,LPVys5z3YJs,HBCU’s In EA College Football?,"May 20, 2024",601,0:00:00
2026-07-04,LPVys5z3YJs,HBCU’s In EA College Football?,"May 20, 2024",601,0:00:00
2026-07-05,LPVys5z3YJs,HBCU’s In EA College Football?,"May 20, 2024",601,0:00:00
2026-07-06,LPVys5z3YJs,HBCU’s In EA College Football?,"May 20, 2024",601,0:00:00
2026-07-07,LPVys5z3YJs,HBCU’s In EA College Football?,"May 20, 2024",601,0:00:00
2026-07-08,LPVys5z3YJs,HBCU’s In EA College Football?,"May 20, 2024",601,0:00:00
2026-07-09,LPVys5z3YJs,HBCU’s In EA College Football?,"May 20, 2024",601,0:00:00
2026-07-10,LPVys5z3YJs,HBCU’s In EA College Football?,"May 20, 2024",601,0:00:00
2026-07-11,LPVys5z3YJs,HBCU’s In EA College Football?,"May 20, 2024",601,0:00:00
2026-07-12,LPVys5z3YJs,HBCU’s In EA College Football?,"May 20, 2024",601,0:00:27
2021-06-09,jjy06inlCuQ,My College Football 25 Gameplay DEEP DIVE!,"Jun 23, 2024",1311,0:00:00
2021-06-10,jjy06inlCuQ,My College Football 25 Gameplay DEEP DIVE!,"Jun 23, 2024",1311,0:00:00
2021-06-11,jjy06inlCuQ,My College Football 25 Gameplay DEEP DIVE!,"Jun 23, 2024",1311,0:00:00
2021-06-12,jjy06inlCuQ,My College Football 25 Gameplay DEEP DIVE!,"Jun 23, 2024",1311,0:00:00
2021-06-13,jjy06inlCuQ,My College Football 25 Gameplay DEEP DIVE!,"Jun 23, 2024",1311,0:00:00
2021-06-14,jjy06inlCuQ,My College Football 25 Gameplay DEEP DIVE!,"Jun 23, 2024",1311,0:00:00
2021-06-15,jjy06inlCuQ,My College Football 25 Gameplay DEEP DIVE!,"Jun 23, 2024",1311,0:00:00
2021-06-16,jjy06inlCuQ,My College Football 25 Gameplay DEEP DIVE!,"Jun 23, 2024",1311,0:00:00
2021-06-17,jjy06inlCuQ,My College Football 25 Gameplay DEEP DIVE!,"Jun 23, 2024",1311,0:00:00
2021-06-18,jjy06inlCuQ,My College Football 25 Gameplay DEEP DIVE!,"Jun 23, 2024",1311,0:00:00
2021-06-19,jjy06inlCuQ,My College Football 25 Gameplay DEEP DIVE!,"Jun 23, 2024",1311,0:00:00
2021-06-20,jjy06inlCuQ,My College Football 25 Gameplay DEEP DIVE!,"Jun 23, 2024",1311,0:00:00
2021-06-21,jjy06inlCuQ,My College Football 25 Gameplay DEEP DIVE!,"Jun 23, 2024",1311,0:00:00
2021-06-22,jjy06inlCuQ,My College Football 25 Gameplay DEEP DIVE!,"Jun 23, 2024",1311,0:00:00
2021-06-23,jjy06inlCuQ,My College Football 25 Gameplay DEEP DIVE!,"Jun 23, 2024",1311,0:00:00
2021-06-24,jjy06inlCuQ,My College Football 25 Gameplay DEEP DIVE!,"Jun 23, 2024",1311,0:00:00
2021-06-25,jjy06inlCuQ,My College Football 25 Gameplay DEEP DIVE!,"Jun 23, 2024",1311,0:00:00
2021-06-26,jjy06inlCuQ,My College Football 25 Gameplay DEEP DIVE!,"Jun 23, 2024",1311,0:00:00
2021-06-27,jjy06inlCuQ,My College Football 25 Gameplay DEEP DIVE!,"Jun 23, 2024",1311,0:00:00
2021-06-28,jjy06inlCuQ,My College Football 25 Gameplay DEEP DIVE!,"Jun 23, 2024",1311,0:00:00
2021-06-29,jjy06inlCuQ,My College Football 25 Gameplay DEEP DIVE!,"Jun 23, 2024",1311,0:00:00
2021-06-30,jjy06inlCuQ,My College Football 25 Gameplay DEEP DIVE!,"Jun 23, 2024",1311,0:00:00
2021-07-01,jjy06inlCuQ,My College Football 25 Gameplay DEEP DIVE!,"Jun 23, 2024",1311,0:00:00
2021-07-02,jjy06inlCuQ,My College Football 25 Gameplay DEEP DIVE!,"Jun 23, 2024",1311,0:00:00
2021-07-03,jjy06inlCuQ,My College Football 25 Gameplay DEEP DIVE!,"Jun 23, 2024",1311,0:00:00
2021-07-04,jjy06inlCuQ,My College Football 25 Gameplay DEEP DIVE!,"Jun 23, 2024",1311,0:00:00
2021-07-05,jjy06inlCuQ,My College Football 25 Gameplay DEEP DIVE!,"Jun 23, 2024",1311,0:00:00
2021-07-06,jjy06inlCuQ,My College Football 25 Gameplay DEEP DIVE!,"Jun 23, 2024",1311,0:00:00
2021-07-07,jjy06inlCuQ,My College Football 25 Gameplay DEEP DIVE!,"Jun 23, 2024",1311,0:00:00
2021-07-08,jjy06inlCuQ,My College Football 25 Gameplay DEEP DIVE!,"Jun 23, 2024",1311,0:00:00
2021-07-09,jjy06inlCuQ,My College Football 25 Gameplay DEEP DIVE!,"Jun 23, 2024",1311,0:00:00
2021-07-10,jjy06inlCuQ,My College Football 25 Gameplay DEEP DIVE!,"Jun 23, 2024",1311,0:00:00
2021-07-11,jjy06inlCuQ,My College Football 25 Gameplay DEEP DIVE!,"Jun 23, 2024",1311,0:00:00
2021-07-12,jjy06inlCuQ,My College Football 25 Gameplay DEEP DIVE!,"Jun 23, 2024",1311,0:00:00
2021-07-13,jjy06inlCuQ,My College Football 25 Gameplay DEEP DIVE!,"Jun 23, 2024",1311,0:00:00
2021-07-14,jjy06inlCuQ,My College Football 25 Gameplay DEEP DIVE!,"Jun 23, 2024",1311,0:00:00
2021-07-15,jjy06inlCuQ,My College Football 25 Gameplay DEEP DIVE!,"Jun 23, 2024",1311,0:00:00
2021-07-16,jjy06inlCuQ,My College Football 25 Gameplay DEEP DIVE!,"Jun 23, 2024",1311,0:00:00
2021-07-17,jjy06inlCuQ,My College Football 25 Gameplay DEEP DIVE!,"Jun 23, 2024",1311,0:00:00
2021-07-18,jjy06inlCuQ,My College Football 25 Gameplay DEEP DIVE!,"Jun 23, 2024",1311,0:00:00
2021-07-19,jjy06inlCuQ,My College Football 25 Gameplay DEEP DIVE!,"Jun 23, 2024",1311,0:00:00
2021-07-20,jjy06inlCuQ,My College Football 25 Gameplay DEEP DIVE!,"Jun 23, 2024",1311,0:00:00
2021-07-21,jjy06inlCuQ,My College Football 25 Gameplay DEEP DIVE!,"Jun 23, 2024",1311,0:00:00
2021-07-22,jjy06inlCuQ,My College Football 25 Gameplay DEEP DIVE!,"Jun 23, 2024",1311,0:00:00
2021-07-23,jjy06inlCuQ,My College Football 25 Gameplay DEEP DIVE!,"Jun 23, 2024",1311,0:00:00
2021-07-24,jjy06inlCuQ,My College Football 25 Gameplay DEEP DIVE!,"Jun 23, 2024",1311,0:00:00
2021-07-25,jjy06inlCuQ,My College Football 25 Gameplay DEEP DIVE!,"Jun 23, 2024",1311,0:00:00
2021-07-26,jjy06inlCuQ,My College Football 25 Gameplay DEEP DIVE!,"Jun 23, 2024",1311,0:00:00
2021-07-27,jjy06inlCuQ,My College Football 25 Gameplay DEEP DIVE!,"Jun 23, 2024",1311,0:00:00
2021-07-28,jjy06inlCuQ,My College Football 25 Gameplay DEEP DIVE!,"Jun 23, 2024",1311,0:00:00
2021-07-29,jjy06inlCuQ,My College Football 25 Gameplay DEEP DIVE!,"Jun 23, 2024",1311,0:00:00
2021-07-30,jjy06inlCuQ,My College Football 25 Gameplay DEEP DIVE!,"Jun 23, 2024",1311,0:00:00
2021-07-31,jjy06inlCuQ,My College Football 25 Gameplay DEEP DIVE!,"Jun 23, 2024",1311,0:00:00
2021-08-01,jjy06inlCuQ,My College Football 25 Gameplay DEEP DIVE!,"Jun 23, 2024",1311,0:00:00
2021-08-02,jjy06inlCuQ,My College Football 25 Gameplay DEEP DIVE!,"Jun 23, 2024",1311,0:00:00
2021-08-03,jjy06inlCuQ,My College Football 25 Gameplay DEEP DIVE!,"Jun 23, 2024",1311,0:00:00
2021-08-04,jjy06inlCuQ,My College Football 25 Gameplay DEEP DIVE!,"Jun 23, 2024",1311,0:00:00
2021-08-05,jjy06inlCuQ,My College Football 25 Gameplay DEEP DIVE!,"Jun 23, 2024",1311,0:00:00
2021-08-06,jjy06inlCuQ,My College Football 25 Gameplay DEEP DIVE!,"Jun 23, 2024",1311,0:00:00
2021-08-07,jjy06inlCuQ,My College Football 25 Gameplay DEEP DIVE!,"Jun 23, 2024",1311,0:00:00
2021-08-08,jjy06inlCuQ,My College Football 25 Gameplay DEEP DIVE!,"Jun 23, 2024",1311,0:00:00
2021-08-09,jjy06inlCuQ,My College Football 25 Gameplay DEEP DIVE!,"Jun 23, 2024",1311,0:00:00
2021-08-10,jjy06inlCuQ,My College Football 25 Gameplay DEEP DIVE!,"Jun 23, 2024",1311,0:00:00
2021-08-11,jjy06inlCuQ,My College Football 25 Gameplay DEEP DIVE!,"Jun 23, 2024",1311,0:00:00
2021-08-12,jjy06inlCuQ,My College Football 25 Gameplay DEEP DIVE!,"Jun 23, 2024",1311,0:00:00
2021-08-13,jjy06inlCuQ,My College Football 25 Gameplay DEEP DIVE!,"Jun 23, 2024",1311,0:00:00
2021-08-14,jjy06inlCuQ,My College Football 25 Gameplay DEEP DIVE!,"Jun 23, 2024",1311,0:00:00
2021-08-15,jjy06inlCuQ,My College Football 25 Gameplay DEEP DIVE!,"Jun 23, 2024",1311,0:00:00
2021-08-16,jjy06inlCuQ,My College Football 25 Gameplay DEEP DIVE!,"Jun 23, 2024",1311,0:00:00
2021-08-17,jjy06inlCuQ,My College Football 25 Gameplay DEEP DIVE!,"Jun 23, 2024",1311,0:00:00
2021-08-18,jjy06inlCuQ,My College Football 25 Gameplay DEEP DIVE!,"Jun 23, 2024",1311,0:00:00
2021-08-19,jjy06inlCuQ,My College Football 25 Gameplay DEEP DIVE!,"Jun 23, 2024",1311,0:00:00
2021-08-20,jjy06inlCuQ,My College Football 25 Gameplay DEEP DIVE!,"Jun 23, 2024",1311,0:00:00
2021-08-21,jjy06inlCuQ,My College Football 25 Gameplay DEEP DIVE!,"Jun 23, 2024",1311,0:00:00
2021-08-22,jjy06inlCuQ,My College Football 25 Gameplay DEEP DIVE!,"Jun 23, 2024",1311,0:00:00
2021-08-23,jjy06inlCuQ,My College Football 25 Gameplay DEEP DIVE!,"Jun 23, 2024",1311,0:00:00
2021-08-24,jjy06inlCuQ,My College Football 25 Gameplay DEEP DIVE!,"Jun 23, 2024",1311,0:00:00
2021-08-25,jjy06inlCuQ,My College Football 25 Gameplay DEEP DIVE!,"Jun 23, 2024",1311,0:00:00
2021-08-26,jjy06inlCuQ,My College Football 25 Gameplay DEEP DIVE!,"Jun 23, 2024",1311,0:00:00
2021-08-27,jjy06inlCuQ,My College Football 25 Gameplay DEEP DIVE!,"Jun 23, 2024",1311,0:00:00
2021-08-28,jjy06inlCuQ,My College Football 25 Gameplay DEEP DIVE!,"Jun 23, 2024",1311,0:00:00
2021-08-29,jjy06inlCuQ,My College Football 25 Gameplay DEEP DIVE!,"Jun 23, 2024",1311,0:00:00
2021-08-30,jjy06inlCuQ,My College Football 25 Gameplay DEEP DIVE!,"Jun 23, 2024",1311,0:00:00
2021-08-31,jjy06inlCuQ,My College Football 25 Gameplay DEEP DIVE!,"Jun 23, 2024",1311,0:00:00
2021-09-01,jjy06inlCuQ,My College Football 25 Gameplay DEEP DIVE!,"Jun 23, 2024",1311,0:00:00
2021-09-02,jjy06inlCuQ,My College Football 25 Gameplay DEEP DIVE!,"Jun 23, 2024",1311,0:00:00
2021-09-03,jjy06inlCuQ,My College Football 25 Gameplay DEEP DIVE!,"Jun 23, 2024",1311,0:00:00
2021-09-04,jjy06inlCuQ,My College Football 25 Gameplay DEEP DIVE!,"Jun 23, 2024",1311,0:00:00
2021-09-05,jjy06inlCuQ,My College Football 25 Gameplay DEEP DIVE!,"Jun 23, 2024",1311,0:00:00
2021-09-06,jjy06inlCuQ,My College Football 25 Gameplay DEEP DIVE!,"Jun 23, 2024",1311,0:00:00
2021-09-07,jjy06inlCuQ,My College Football 25 Gameplay DEEP DIVE!,"Jun 23, 2024",1311,0:00:00
2021-09-08,jjy06inlCuQ,My College Football 25 Gameplay DEEP DIVE!,"Jun 23, 2024",1311,0:00:00
2021-09-09,jjy06inlCuQ,My College Football 25 Gameplay DEEP DIVE!,"Jun 23, 2024",1311,0:00:00
2021-09-10,jjy06inlCuQ,My College Football 25 Gameplay DEEP DIVE!,"Jun 23, 2024",1311,0:00:00
2021-09-11,jjy06inlCuQ,My College Football 25 Gameplay DEEP DIVE!,"Jun 23, 2024",1311,0:00:00
2021-09-12,jjy06inlCuQ,My College Football 25 Gameplay DEEP DIVE!,"Jun 23, 2024",1311,0:00:00
2021-09-13,jjy06inlCuQ,My College Football 25 Gameplay DEEP DIVE!,"Jun 23, 2024",1311,0:00:00
2021-09-14,jjy06inlCuQ,My College Football 25 Gameplay DEEP DIVE!,"Jun 23, 2024",1311,0:00:00
2021-09-15,jjy06inlCuQ,My College Football 25 Gameplay DEEP DIVE!,"Jun 23, 2024",1311,0:00:00
2021-09-16,jjy06inlCuQ,My College Football 25 Gameplay DEEP DIVE!,"Jun 23, 2024",1311,0:00:00
2021-09-17,jjy06inlCuQ,My College Football 25 Gameplay DEEP DIVE!,"Jun 23, 2024",1311,0:00:00
2021-09-18,jjy06inlCuQ,My College Football 25 Gameplay DEEP DIVE!,"Jun 23, 2024",1311,0:00:00
2021-09-19,jjy06inlCuQ,My College Football 25 Gameplay DEEP DIVE!,"Jun 23, 2024",1311,0:00:00
2021-09-20,jjy06inlCuQ,My College Football 25 Gameplay DEEP DIVE!,"Jun 23, 2024",1311,0:00:00
2021-09-21,jjy06inlCuQ,My College Football 25 Gameplay DEEP DIVE!,"Jun 23, 2024",1311,0:00:00
2021-09-22,jjy06inlCuQ,My College Football 25 Gameplay DEEP DIVE!,"Jun 23, 2024",1311,0:00:00
2021-09-23,jjy06inlCuQ,My College Football 25 Gameplay DEEP DIVE!,"Jun 23, 2024",1311,0:00:00
2021-09-24,jjy06inlCuQ,My College Football 25 Gameplay DEEP DIVE!,"Jun 23, 2024",1311,0:00:00
2021-09-25,jjy06inlCuQ,My College Football 25 Gameplay DEEP DIVE!,"Jun 23, 2024",1311,0:00:00
2021-09-26,jjy06inlCuQ,My College Football 25 Gameplay DEEP DIVE!,"Jun 23, 2024",1311,0:00:00
2021-09-27,jjy06inlCuQ,My College Football 25 Gameplay DEEP DIVE!,"Jun 23, 2024",1311,0:00:00
2021-09-28,jjy06inlCuQ,My College Football 25 Gameplay DEEP DIVE!,"Jun 23, 2024",1311,0:00:00
2021-09-29,jjy06inlCuQ,My College Football 25 Gameplay DEEP DIVE!,"Jun 23, 2024",1311,0:00:00
2021-09-30,jjy06inlCuQ,My College Football 25 Gameplay DEEP DIVE!,"Jun 23, 2024",1311,0:00:00
2021-10-01,jjy06inlCuQ,My College Football 25 Gameplay DEEP DIVE!,"Jun 23, 2024",1311,0:00:00
2021-10-02,jjy06inlCuQ,My College Football 25 Gameplay DEEP DIVE!,"Jun 23, 2024",1311,0:00:00
2021-10-03,jjy06inlCuQ,My College Football 25 Gameplay DEEP DIVE!,"Jun 23, 2024",1311,0:00:00
2021-10-04,jjy06inlCuQ,My College Football 25 Gameplay DEEP DIVE!,"Jun 23, 2024",1311,0:00:00
2021-10-05,jjy06inlCuQ,My College Football 25 Gameplay DEEP DIVE!,"Jun 23, 2024",1311,0:00:00
2021-10-06,jjy06inlCuQ,My College Football 25 Gameplay DEEP DIVE!,"Jun 23, 2024",1311,0:00:00
2021-10-07,jjy06inlCuQ,My College Football 25 Gameplay DEEP DIVE!,"Jun 23, 2024",1311,0:00:00
2021-10-08,jjy06inlCuQ,My College Football 25 Gameplay DEEP DIVE!,"Jun 23, 2024",1311,0:00:00
2021-10-09,jjy06inlCuQ,My College Football 25 Gameplay DEEP DIVE!,"Jun 23, 2024",1311,0:00:00
2021-10-10,jjy06inlCuQ,My College Football 25 Gameplay DEEP DIVE!,"Jun 23, 2024",1311,0:00:00
2021-10-11,jjy06inlCuQ,My College Football 25 Gameplay DEEP DIVE!,"Jun 23, 2024",1311,0:00:00
2021-10-12,jjy06inlCuQ,My College Football 25 Gameplay DEEP DIVE!,"Jun 23, 2024",1311,0:00:00
2021-10-13,jjy06inlCuQ,My College Football 25 Gameplay DEEP DIVE!,"Jun 23, 2024",1311,0:00:00
2021-10-14,jjy06inlCuQ,My College Football 25 Gameplay DEEP DIVE!,"Jun 23, 2024",1311,0:00:00
2021-10-15,jjy06inlCuQ,My College Football 25 Gameplay DEEP DIVE!,"Jun 23, 2024",1311,0:00:00
2021-10-16,jjy06inlCuQ,My College Football 25 Gameplay DEEP DIVE!,"Jun 23, 2024",1311,0:00:00
2021-10-17,jjy06inlCuQ,My College Football 25 Gameplay DEEP DIVE!,"Jun 23, 2024",1311,0:00:00
2021-10-18,jjy06inlCuQ,My College Football 25 Gameplay DEEP DIVE!,"Jun 23, 2024",1311,0:00:00
2021-10-19,jjy06inlCuQ,My College Football 25 Gameplay DEEP DIVE!,"Jun 23, 2024",1311,0:00:00
2021-10-20,jjy06inlCuQ,My College Football 25 Gameplay DEEP DIVE!,"Jun 23, 2024",1311,0:00:00
2021-10-21,jjy06inlCuQ,My College Football 25 Gameplay DEEP DIVE!,"Jun 23, 2024",1311,0:00:00
2021-10-22,jjy06inlCuQ,My College Football 25 Gameplay DEEP DIVE!,"Jun 23, 2024",1311,0:00:00
2021-10-23,jjy06inlCuQ,My College Football 25 Gameplay DEEP DIVE!,"Jun 23, 2024",1311,0:00:00
2021-10-24,jjy06inlCuQ,My College Football 25 Gameplay DEEP DIVE!,"Jun 23, 2024",1311,0:00:00
2021-10-25,jjy06inlCuQ,My College Football 25 Gameplay DEEP DIVE!,"Jun 23, 2024",1311,0:00:00
2021-10-26,jjy06inlCuQ,My College Football 25 Gameplay DEEP DIVE!,"Jun 23, 2024",1311,0:00:00
2021-10-27,jjy06inlCuQ,My College Football 25 Gameplay DEEP DIVE!,"Jun 23, 2024",1311,0:00:00
2021-10-28,jjy06inlCuQ,My College Football 25 Gameplay DEEP DIVE!,"Jun 23, 2024",1311,0:00:00
2021-10-29,jjy06inlCuQ,My College Football 25 Gameplay DEEP DIVE!,"Jun 23, 2024",1311,0:00:00
2021-10-30,jjy06inlCuQ,My College Football 25 Gameplay DEEP DIVE!,"Jun 23, 2024",1311,0:00:00
2021-10-31,jjy06inlCuQ,My College Football 25 Gameplay DEEP DIVE!,"Jun 23, 2024",1311,0:00:00
2021-11-01,jjy06inlCuQ,My College Football 25 Gameplay DEEP DIVE!,"Jun 23, 2024",1311,0:00:00
2021-11-02,jjy06inlCuQ,My College Football 25 Gameplay DEEP DIVE!,"Jun 23, 2024",1311,0:00:00
2021-11-03,jjy06inlCuQ,My College Football 25 Gameplay DEEP DIVE!,"Jun 23, 2024",1311,0:00:00
2021-11-04,jjy06inlCuQ,My College Football 25 Gameplay DEEP DIVE!,"Jun 23, 2024",1311,0:00:00
2021-11-05,jjy06inlCuQ,My College Football 25 Gameplay DEEP DIVE!,"Jun 23, 2024",1311,0:00:00
2021-11-06,jjy06inlCuQ,My College Football 25 Gameplay DEEP DIVE!,"Jun 23, 2024",1311,0:00:00
2021-11-07,jjy06inlCuQ,My College Football 25 Gameplay DEEP DIVE!,"Jun 23, 2024",1311,0:00:00
2021-11-08,jjy06inlCuQ,My College Football 25 Gameplay DEEP DIVE!,"Jun 23, 2024",1311,0:00:00
2021-11-09,jjy06inlCuQ,My College Football 25 Gameplay DEEP DIVE!,"Jun 23, 2024",1311,0:00:00
2021-11-10,jjy06inlCuQ,My College Football 25 Gameplay DEEP DIVE!,"Jun 23, 2024",1311,0:00:00
2021-11-11,jjy06inlCuQ,My College Football 25 Gameplay DEEP DIVE!,"Jun 23, 2024",1311,0:00:00
2021-11-12,jjy06inlCuQ,My College Football 25 Gameplay DEEP DIVE!,"Jun 23, 2024",1311,0:00:00
2021-11-13,jjy06inlCuQ,My College Football 25 Gameplay DEEP DIVE!,"Jun 23, 2024",1311,0:00:00
2021-11-14,jjy06inlCuQ,My College Football 25 Gameplay DEEP DIVE!,"Jun 23, 2024",1311,0:00:00
2021-11-15,jjy06inlCuQ,My College Football 25 Gameplay DEEP DIVE!,"Jun 23, 2024",1311,0:00:00
2021-11-16,jjy06inlCuQ,My College Football 25 Gameplay DEEP DIVE!,"Jun 23, 2024",1311,0:00:00
2021-11-17,jjy06inlCuQ,My College Football 25 Gameplay DEEP DIVE!,"Jun 23, 2024",1311,0:00:00
2021-11-18,jjy06inlCuQ,My College Football 25 Gameplay DEEP DIVE!,"Jun 23, 2024",1311,0:00:00
2021-11-19,jjy06inlCuQ,My College Football 25 Gameplay DEEP DIVE!,"Jun 23, 2024",1311,0:00:00
2021-11-20,jjy06inlCuQ,My College Football 25 Gameplay DEEP DIVE!,"Jun 23, 2024",1311,0:00:00
2021-11-21,jjy06inlCuQ,My College Football 25 Gameplay DEEP DIVE!,"Jun 23, 2024",1311,0:00:00
2021-11-22,jjy06inlCuQ,My College Football 25 Gameplay DEEP DIVE!,"Jun 23, 2024",1311,0:00:00
2021-11-23,jjy06inlCuQ,My College Football 25 Gameplay DEEP DIVE!,"Jun 23, 2024",1311,0:00:00
2021-11-24,jjy06inlCuQ,My College Football 25 Gameplay DEEP DIVE!,"Jun 23, 2024",1311,0:00:00
2021-11-25,jjy06inlCuQ,My College Football 25 Gameplay DEEP DIVE!,"Jun 23, 2024",1311,0:00:00
2021-11-26,jjy06inlCuQ,My College Football 25 Gameplay DEEP DIVE!,"Jun 23, 2024",1311,0:00:00
2021-11-27,jjy06inlCuQ,My College Football 25 Gameplay DEEP DIVE!,"Jun 23, 2024",1311,0:00:00
2021-11-28,jjy06inlCuQ,My College Football 25 Gameplay DEEP DIVE!,"Jun 23, 2024",1311,0:00:00
2021-11-29,jjy06inlCuQ,My College Football 25 Gameplay DEEP DIVE!,"Jun 23, 2024",1311,0:00:00
2021-11-30,jjy06inlCuQ,My College Football 25 Gameplay DEEP DIVE!,"Jun 23, 2024",1311,0:00:00
2021-12-01,jjy06inlCuQ,My College Football 25 Gameplay DEEP DIVE!,"Jun 23, 2024",1311,0:00:00
2021-12-02,jjy06inlCuQ,My College Football 25 Gameplay DEEP DIVE!,"Jun 23, 2024",1311,0:00:00
2021-12-03,jjy06inlCuQ,My College Football 25 Gameplay DEEP DIVE!,"Jun 23, 2024",1311,0:00:00
2021-12-04,jjy06inlCuQ,My College Football 25 Gameplay DEEP DIVE!,"Jun 23, 2024",1311,0:00:00
2021-12-05,jjy06inlCuQ,My College Football 25 Gameplay DEEP DIVE!,"Jun 23, 2024",1311,0:00:00
2021-12-06,jjy06inlCuQ,My College Football 25 Gameplay DEEP DIVE!,"Jun 23, 2024",1311,0:00:00
2021-12-07,jjy06inlCuQ,My College Football 25 Gameplay DEEP DIVE!,"Jun 23, 2024",1311,0:00:00
2021-12-08,jjy06inlCuQ,My College Football 25 Gameplay DEEP DIVE!,"Jun 23, 2024",1311,0:00:00
2021-12-09,jjy06inlCuQ,My College Football 25 Gameplay DEEP DIVE!,"Jun 23, 2024",1311,0:00:00
2021-12-10,jjy06inlCuQ,My College Football 25 Gameplay DEEP DIVE!,"Jun 23, 2024",1311,0:00:00
2021-12-11,jjy06inlCuQ,My College Football 25 Gameplay DEEP DIVE!,"Jun 23, 2024",1311,0:00:00
2021-12-12,jjy06inlCuQ,My College Football 25 Gameplay DEEP DIVE!,"Jun 23, 2024",1311,0:00:00
2021-12-13,jjy06inlCuQ,My College Football 25 Gameplay DEEP DIVE!,"Jun 23, 2024",1311,0:00:00
2021-12-14,jjy06inlCuQ,My College Football 25 Gameplay DEEP DIVE!,"Jun 23, 2024",1311,0:00:00
2021-12-15,jjy06inlCuQ,My College Football 25 Gameplay DEEP DIVE!,"Jun 23, 2024",1311,0:00:00
2021-12-16,jjy06inlCuQ,My College Football 25 Gameplay DEEP DIVE!,"Jun 23, 2024",1311,0:00:00
2021-12-17,jjy06inlCuQ,My College Football 25 Gameplay DEEP DIVE!,"Jun 23, 2024",1311,0:00:00
2021-12-18,jjy06inlCuQ,My College Football 25 Gameplay DEEP DIVE!,"Jun 23, 2024",1311,0:00:00
2021-12-19,jjy06inlCuQ,My College Football 25 Gameplay DEEP DIVE!,"Jun 23, 2024",1311,0:00:00
2021-12-20,jjy06inlCuQ,My College Football 25 Gameplay DEEP DIVE!,"Jun 23, 2024",1311,0:00:00
2021-12-21,jjy06inlCuQ,My College Football 25 Gameplay DEEP DIVE!,"Jun 23, 2024",1311,0:00:00
2021-12-22,jjy06inlCuQ,My College Football 25 Gameplay DEEP DIVE!,"Jun 23, 2024",1311,0:00:00
2021-12-23,jjy06inlCuQ,My College Football 25 Gameplay DEEP DIVE!,"Jun 23, 2024",1311,0:00:00
2021-12-24,jjy06inlCuQ,My College Football 25 Gameplay DEEP DIVE!,"Jun 23, 2024",1311,0:00:00
2021-12-25,jjy06inlCuQ,My College Football 25 Gameplay DEEP DIVE!,"Jun 23, 2024",1311,0:00:00
2021-12-26,jjy06inlCuQ,My College Football 25 Gameplay DEEP DIVE!,"Jun 23, 2024",1311,0:00:00
2021-12-27,jjy06inlCuQ,My College Football 25 Gameplay DEEP DIVE!,"Jun 23, 2024",1311,0:00:00
2021-12-28,jjy06inlCuQ,My College Football 25 Gameplay DEEP DIVE!,"Jun 23, 2024",1311,0:00:00
2021-12-29,jjy06inlCuQ,My College Football 25 Gameplay DEEP DIVE!,"Jun 23, 2024",1311,0:00:00
2021-12-30,jjy06inlCuQ,My College Football 25 Gameplay DEEP DIVE!,"Jun 23, 2024",1311,0:00:00
2021-12-31,jjy06inlCuQ,My College Football 25 Gameplay DEEP DIVE!,"Jun 23, 2024",1311,0:00:00
2022-01-01,jjy06inlCuQ,My College Football 25 Gameplay DEEP DIVE!,"Jun 23, 2024",1311,0:00:00
2022-01-02,jjy06inlCuQ,My College Football 25 Gameplay DEEP DIVE!,"Jun 23, 2024",1311,0:00:00
2022-01-03,jjy06inlCuQ,My College Football 25 Gameplay DEEP DIVE!,"Jun 23, 2024",1311,0:00:00
2022-01-04,jjy06inlCuQ,My College Football 25 Gameplay DEEP DIVE!,"Jun 23, 2024",1311,0:00:00
2022-01-05,jjy06inlCuQ,My College Football 25 Gameplay DEEP DIVE!,"Jun 23, 2024",1311,0:00:00
2022-01-06,jjy06inlCuQ,My College Football 25 Gameplay DEEP DIVE!,"Jun 23, 2024",1311,0:00:00
2022-01-07,jjy06inlCuQ,My College Football 25 Gameplay DEEP DIVE!,"Jun 23, 2024",1311,0:00:00
2022-01-08,jjy06inlCuQ,My College Football 25 Gameplay DEEP DIVE!,"Jun 23, 2024",1311,0:00:00
2022-01-09,jjy06inlCuQ,My College Football 25 Gameplay DEEP DIVE!,"Jun 23, 2024",1311,0:00:00
2022-01-10,jjy06inlCuQ,My College Football 25 Gameplay DEEP DIVE!,"Jun 23, 2024",1311,0:00:00
2022-01-11,jjy06inlCuQ,My College Football 25 Gameplay DEEP DIVE!,"Jun 23, 2024",1311,0:00:00
2022-01-12,jjy06inlCuQ,My College Football 25 Gameplay DEEP DIVE!,"Jun 23, 2024",1311,0:00:00
2022-01-13,jjy06inlCuQ,My College Football 25 Gameplay DEEP DIVE!,"Jun 23, 2024",1311,0:00:00
2022-01-14,jjy06inlCuQ,My College Football 25 Gameplay DEEP DIVE!,"Jun 23, 2024",1311,0:00:00
2022-01-15,jjy06inlCuQ,My College Football 25 Gameplay DEEP DIVE!,"Jun 23, 2024",1311,0:00:00
2022-01-16,jjy06inlCuQ,My College Football 25 Gameplay DEEP DIVE!,"Jun 23, 2024",1311,0:00:00
2022-01-17,jjy06inlCuQ,My College Football 25 Gameplay DEEP DIVE!,"Jun 23, 2024",1311,0:00:00
2022-01-18,jjy06inlCuQ,My College Football 25 Gameplay DEEP DIVE!,"Jun 23, 2024",1311,0:00:00
2022-01-19,jjy06inlCuQ,My College Football 25 Gameplay DEEP DIVE!,"Jun 23, 2024",1311,0:00:00
2022-01-20,jjy06inlCuQ,My College Football 25 Gameplay DEEP DIVE!,"Jun 23, 2024",1311,0:00:00
2022-01-21,jjy06inlCuQ,My College Football 25 Gameplay DEEP DIVE!,"Jun 23, 2024",1311,0:00:00
2022-01-22,jjy06inlCuQ,My College Football 25 Gameplay DEEP DIVE!,"Jun 23, 2024",1311,0:00:00
2022-01-23,jjy06inlCuQ,My College Football 25 Gameplay DEEP DIVE!,"Jun 23, 2024",1311,0:00:00
2022-01-24,jjy06inlCuQ,My College Football 25 Gameplay DEEP DIVE!,"Jun 23, 2024",1311,0:00:00
2022-01-25,jjy06inlCuQ,My College Football 25 Gameplay DEEP DIVE!,"Jun 23, 2024",1311,0:00:00
2022-01-26,jjy06inlCuQ,My College Football 25 Gameplay DEEP DIVE!,"Jun 23, 2024",1311,0:00:00
2022-01-27,jjy06inlCuQ,My College Football 25 Gameplay DEEP DIVE!,"Jun 23, 2024",1311,0:00:00
2022-01-28,jjy06inlCuQ,My College Football 25 Gameplay DEEP DIVE!,"Jun 23, 2024",1311,0:00:00
2022-01-29,jjy06inlCuQ,My College Football 25 Gameplay DEEP DIVE!,"Jun 23, 2024",1311,0:00:00
2022-01-30,jjy06inlCuQ,My College Football 25 Gameplay DEEP DIVE!,"Jun 23, 2024",1311,0:00:00
2022-01-31,jjy06inlCuQ,My College Football 25 Gameplay DEEP DIVE!,"Jun 23, 2024",1311,0:00:00
2022-02-01,jjy06inlCuQ,My College Football 25 Gameplay DEEP DIVE!,"Jun 23, 2024",1311,0:00:00
2022-02-02,jjy06inlCuQ,My College Football 25 Gameplay DEEP DIVE!,"Jun 23, 2024",1311,0:00:00
2022-02-03,jjy06inlCuQ,My College Football 25 Gameplay DEEP DIVE!,"Jun 23, 2024",1311,0:00:00
2022-02-04,jjy06inlCuQ,My College Football 25 Gameplay DEEP DIVE!,"Jun 23, 2024",1311,0:00:00
2022-02-05,jjy06inlCuQ,My College Football 25 Gameplay DEEP DIVE!,"Jun 23, 2024",1311,0:00:00
2022-02-06,jjy06inlCuQ,My College Football 25 Gameplay DEEP DIVE!,"Jun 23, 2024",1311,0:00:00
2022-02-07,jjy06inlCuQ,My College Football 25 Gameplay DEEP DIVE!,"Jun 23, 2024",1311,0:00:00
2022-02-08,jjy06inlCuQ,My College Football 25 Gameplay DEEP DIVE!,"Jun 23, 2024",1311,0:00:00
2022-02-09,jjy06inlCuQ,My College Football 25 Gameplay DEEP DIVE!,"Jun 23, 2024",1311,0:00:00
2022-02-10,jjy06inlCuQ,My College Football 25 Gameplay DEEP DIVE!,"Jun 23, 2024",1311,0:00:00
2022-02-11,jjy06inlCuQ,My College Football 25 Gameplay DEEP DIVE!,"Jun 23, 2024",1311,0:00:00
2022-02-12,jjy06inlCuQ,My College Football 25 Gameplay DEEP DIVE!,"Jun 23, 2024",1311,0:00:00
2022-02-13,jjy06inlCuQ,My College Football 25 Gameplay DEEP DIVE!,"Jun 23, 2024",1311,0:00:00
2022-02-14,jjy06inlCuQ,My College Football 25 Gameplay DEEP DIVE!,"Jun 23, 2024",1311,0:00:00
2022-02-15,jjy06inlCuQ,My College Football 25 Gameplay DEEP DIVE!,"Jun 23, 2024",1311,0:00:00
2022-02-16,jjy06inlCuQ,My College Football 25 Gameplay DEEP DIVE!,"Jun 23, 2024",1311,0:00:00
2022-02-17,jjy06inlCuQ,My College Football 25 Gameplay DEEP DIVE!,"Jun 23, 2024",1311,0:00:00
2022-02-18,jjy06inlCuQ,My College Football 25 Gameplay DEEP DIVE!,"Jun 23, 2024",1311,0:00:00
2022-02-19,jjy06inlCuQ,My College Football 25 Gameplay DEEP DIVE!,"Jun 23, 2024",1311,0:00:00
2022-02-20,jjy06inlCuQ,My College Football 25 Gameplay DEEP DIVE!,"Jun 23, 2024",1311,0:00:00
2022-02-21,jjy06inlCuQ,My College Football 25 Gameplay DEEP DIVE!,"Jun 23, 2024",1311,0:00:00
2022-02-22,jjy06inlCuQ,My College Football 25 Gameplay DEEP DIVE!,"Jun 23, 2024",1311,0:00:00
2022-02-23,jjy06inlCuQ,My College Football 25 Gameplay DEEP DIVE!,"Jun 23, 2024",1311,0:00:00
2022-02-24,jjy06inlCuQ,My College Football 25 Gameplay DEEP DIVE!,"Jun 23, 2024",1311,0:00:00
2022-02-25,jjy06inlCuQ,My College Football 25 Gameplay DEEP DIVE!,"Jun 23, 2024",1311,0:00:00
2022-02-26,jjy06inlCuQ,My College Football 25 Gameplay DEEP DIVE!,"Jun 23, 2024",1311,0:00:00
2022-02-27,jjy06inlCuQ,My College Football 25 Gameplay DEEP DIVE!,"Jun 23, 2024",1311,0:00:00
2022-02-28,jjy06inlCuQ,My College Football 25 Gameplay DEEP DIVE!,"Jun 23, 2024",1311,0:00:00
2022-03-01,jjy06inlCuQ,My College Football 25 Gameplay DEEP DIVE!,"Jun 23, 2024",1311,0:00:00
2022-03-02,jjy06inlCuQ,My College Football 25 Gameplay DEEP DIVE!,"Jun 23, 2024",1311,0:00:00
2022-03-03,jjy06inlCuQ,My College Football 25 Gameplay DEEP DIVE!,"Jun 23, 2024",1311,0:00:00
2022-03-04,jjy06inlCuQ,My College Football 25 Gameplay DEEP DIVE!,"Jun 23, 2024",1311,0:00:00
2022-03-05,jjy06inlCuQ,My College Football 25 Gameplay DEEP DIVE!,"Jun 23, 2024",1311,0:00:00
2022-03-06,jjy06inlCuQ,My College Football 25 Gameplay DEEP DIVE!,"Jun 23, 2024",1311,0:00:00
2022-03-07,jjy06inlCuQ,My College Football 25 Gameplay DEEP DIVE!,"Jun 23, 2024",1311,0:00:00
2022-03-08,jjy06inlCuQ,My College Football 25 Gameplay DEEP DIVE!,"Jun 23, 2024",1311,0:00:00
2022-03-09,jjy06inlCuQ,My College Football 25 Gameplay DEEP DIVE!,"Jun 23, 2024",1311,0:00:00
2022-03-10,jjy06inlCuQ,My College Football 25 Gameplay DEEP DIVE!,"Jun 23, 2024",1311,0:00:00
2022-03-11,jjy06inlCuQ,My College Football 25 Gameplay DEEP DIVE!,"Jun 23, 2024",1311,0:00:00
2022-03-12,jjy06inlCuQ,My College Football 25 Gameplay DEEP DIVE!,"Jun 23, 2024",1311,0:00:00
2022-03-13,jjy06inlCuQ,My College Football 25 Gameplay DEEP DIVE!,"Jun 23, 2024",1311,0:00:00
2022-03-14,jjy06inlCuQ,My College Football 25 Gameplay DEEP DIVE!,"Jun 23, 2024",1311,0:00:00
2022-03-15,jjy06inlCuQ,My College Football 25 Gameplay DEEP DIVE!,"Jun 23, 2024",1311,0:00:00
2022-03-16,jjy06inlCuQ,My College Football 25 Gameplay DEEP DIVE!,"Jun 23, 2024",1311,0:00:00
2022-03-17,jjy06inlCuQ,My College Football 25 Gameplay DEEP DIVE!,"Jun 23, 2024",1311,0:00:00
2022-03-18,jjy06inlCuQ,My College Football 25 Gameplay DEEP DIVE!,"Jun 23, 2024",1311,0:00:00
2022-03-19,jjy06inlCuQ,My College Football 25 Gameplay DEEP DIVE!,"Jun 23, 2024",1311,0:00:00
2022-03-20,jjy06inlCuQ,My College Football 25 Gameplay DEEP DIVE!,"Jun 23, 2024",1311,0:00:00
2022-03-21,jjy06inlCuQ,My College Football 25 Gameplay DEEP DIVE!,"Jun 23, 2024",1311,0:00:00
2022-03-22,jjy06inlCuQ,My College Football 25 Gameplay DEEP DIVE!,"Jun 23, 2024",1311,0:00:00
2022-03-23,jjy06inlCuQ,My College Football 25 Gameplay DEEP DIVE!,"Jun 23, 2024",1311,0:00:00
2022-03-24,jjy06inlCuQ,My College Football 25 Gameplay DEEP DIVE!,"Jun 23, 2024",1311,0:00:00
2022-03-25,jjy06inlCuQ,My College Football 25 Gameplay DEEP DIVE!,"Jun 23, 2024",1311,0:00:00
2022-03-26,jjy06inlCuQ,My College Football 25 Gameplay DEEP DIVE!,"Jun 23, 2024",1311,0:00:00
2022-03-27,jjy06inlCuQ,My College Football 25 Gameplay DEEP DIVE!,"Jun 23, 2024",1311,0:00:00
2022-03-28,jjy06inlCuQ,My College Football 25 Gameplay DEEP DIVE!,"Jun 23, 2024",1311,0:00:00
2022-03-29,jjy06inlCuQ,My College Football 25 Gameplay DEEP DIVE!,"Jun 23, 2024",1311,0:00:00
2022-03-30,jjy06inlCuQ,My College Football 25 Gameplay DEEP DIVE!,"Jun 23, 2024",1311,0:00:00
2022-03-31,jjy06inlCuQ,My College Football 25 Gameplay DEEP DIVE!,"Jun 23, 2024",1311,0:00:00
2022-04-01,jjy06inlCuQ,My College Football 25 Gameplay DEEP DIVE!,"Jun 23, 2024",1311,0:00:00
2022-04-02,jjy06inlCuQ,My College Football 25 Gameplay DEEP DIVE!,"Jun 23, 2024",1311,0:00:00
2022-04-03,jjy06inlCuQ,My College Football 25 Gameplay DEEP DIVE!,"Jun 23, 2024",1311,0:00:00
2022-04-04,jjy06inlCuQ,My College Football 25 Gameplay DEEP DIVE!,"Jun 23, 2024",1311,0:00:00
2022-04-05,jjy06inlCuQ,My College Football 25 Gameplay DEEP DIVE!,"Jun 23, 2024",1311,0:00:00
2022-04-06,jjy06inlCuQ,My College Football 25 Gameplay DEEP DIVE!,"Jun 23, 2024",1311,0:00:00
2022-04-07,jjy06inlCuQ,My College Football 25 Gameplay DEEP DIVE!,"Jun 23, 2024",1311,0:00:00
2022-04-08,jjy06inlCuQ,My College Football 25 Gameplay DEEP DIVE!,"Jun 23, 2024",1311,0:00:00
2022-04-09,jjy06inlCuQ,My College Football 25 Gameplay DEEP DIVE!,"Jun 23, 2024",1311,0:00:00
2022-04-10,jjy06inlCuQ,My College Football 25 Gameplay DEEP DIVE!,"Jun 23, 2024",1311,0:00:00
2022-04-11,jjy06inlCuQ,My College Football 25 Gameplay DEEP DIVE!,"Jun 23, 2024",1311,0:00:00
2022-04-12,jjy06inlCuQ,My College Football 25 Gameplay DEEP DIVE!,"Jun 23, 2024",1311,0:00:00
2022-04-13,jjy06inlCuQ,My College Football 25 Gameplay DEEP DIVE!,"Jun 23, 2024",1311,0:00:00
2022-04-14,jjy06inlCuQ,My College Football 25 Gameplay DEEP DIVE!,"Jun 23, 2024",1311,0:00:00
2022-04-15,jjy06inlCuQ,My College Football 25 Gameplay DEEP DIVE!,"Jun 23, 2024",1311,0:00:00
2022-04-16,jjy06inlCuQ,My College Football 25 Gameplay DEEP DIVE!,"Jun 23, 2024",1311,0:00:00
2022-04-17,jjy06inlCuQ,My College Football 25 Gameplay DEEP DIVE!,"Jun 23, 2024",1311,0:00:00
2022-04-18,jjy06inlCuQ,My College Football 25 Gameplay DEEP DIVE!,"Jun 23, 2024",1311,0:00:00
2022-04-19,jjy06inlCuQ,My College Football 25 Gameplay DEEP DIVE!,"Jun 23, 2024",1311,0:00:00
2022-04-20,jjy06inlCuQ,My College Football 25 Gameplay DEEP DIVE!,"Jun 23, 2024",1311,0:00:00
2022-04-21,jjy06inlCuQ,My College Football 25 Gameplay DEEP DIVE!,"Jun 23, 2024",1311,0:00:00
2022-04-22,jjy06inlCuQ,My College Football 25 Gameplay DEEP DIVE!,"Jun 23, 2024",1311,0:00:00
2022-04-23,jjy06inlCuQ,My College Football 25 Gameplay DEEP DIVE!,"Jun 23, 2024",1311,0:00:00
2022-04-24,jjy06inlCuQ,My College Football 25 Gameplay DEEP DIVE!,"Jun 23, 2024",1311,0:00:00
2022-04-25,jjy06inlCuQ,My College Football 25 Gameplay DEEP DIVE!,"Jun 23, 2024",1311,0:00:00
2022-04-26,jjy06inlCuQ,My College Football 25 Gameplay DEEP DIVE!,"Jun 23, 2024",1311,0:00:00
2022-04-27,jjy06inlCuQ,My College Football 25 Gameplay DEEP DIVE!,"Jun 23, 2024",1311,0:00:00
2022-04-28,jjy06inlCuQ,My College Football 25 Gameplay DEEP DIVE!,"Jun 23, 2024",1311,0:00:00
2022-04-29,jjy06inlCuQ,My College Football 25 Gameplay DEEP DIVE!,"Jun 23, 2024",1311,0:00:00
2022-04-30,jjy06inlCuQ,My College Football 25 Gameplay DEEP DIVE!,"Jun 23, 2024",1311,0:00:00
2022-05-01,jjy06inlCuQ,My College Football 25 Gameplay DEEP DIVE!,"Jun 23, 2024",1311,0:00:00
2022-05-02,jjy06inlCuQ,My College Football 25 Gameplay DEEP DIVE!,"Jun 23, 2024",1311,0:00:00
2022-05-03,jjy06inlCuQ,My College Football 25 Gameplay DEEP DIVE!,"Jun 23, 2024",1311,0:00:00
2022-05-04,jjy06inlCuQ,My College Football 25 Gameplay DEEP DIVE!,"Jun 23, 2024",1311,0:00:00
2022-05-05,jjy06inlCuQ,My College Football 25 Gameplay DEEP DIVE!,"Jun 23, 2024",1311,0:00:00
2022-05-06,jjy06inlCuQ,My College Football 25 Gameplay DEEP DIVE!,"Jun 23, 2024",1311,0:00:00
2022-05-07,jjy06inlCuQ,My College Football 25 Gameplay DEEP DIVE!,"Jun 23, 2024",1311,0:00:00
2022-05-08,jjy06inlCuQ,My College Football 25 Gameplay DEEP DIVE!,"Jun 23, 2024",1311,0:00:00
2022-05-09,jjy06inlCuQ,My College Football 25 Gameplay DEEP DIVE!,"Jun 23, 2024",1311,0:00:00
2022-05-10,jjy06inlCuQ,My College Football 25 Gameplay DEEP DIVE!,"Jun 23, 2024",1311,0:00:00
2022-05-11,jjy06inlCuQ,My College Football 25 Gameplay DEEP DIVE!,"Jun 23, 2024",1311,0:00:00
2022-05-12,jjy06inlCuQ,My College Football 25 Gameplay DEEP DIVE!,"Jun 23, 2024",1311,0:00:00
2022-05-13,jjy06inlCuQ,My College Football 25 Gameplay DEEP DIVE!,"Jun 23, 2024",1311,0:00:00
2022-05-14,jjy06inlCuQ,My College Football 25 Gameplay DEEP DIVE!,"Jun 23, 2024",1311,0:00:00
2022-05-15,jjy06inlCuQ,My College Football 25 Gameplay DEEP DIVE!,"Jun 23, 2024",1311,0:00:00
2022-05-16,jjy06inlCuQ,My College Football 25 Gameplay DEEP DIVE!,"Jun 23, 2024",1311,0:00:00
2022-05-17,jjy06inlCuQ,My College Football 25 Gameplay DEEP DIVE!,"Jun 23, 2024",1311,0:00:00
2022-05-18,jjy06inlCuQ,My College Football 25 Gameplay DEEP DIVE!,"Jun 23, 2024",1311,0:00:00
2022-05-19,jjy06inlCuQ,My College Football 25 Gameplay DEEP DIVE!,"Jun 23, 2024",1311,0:00:00
2022-05-20,jjy06inlCuQ,My College Football 25 Gameplay DEEP DIVE!,"Jun 23, 2024",1311,0:00:00
2022-05-21,jjy06inlCuQ,My College Football 25 Gameplay DEEP DIVE!,"Jun 23, 2024",1311,0:00:00
2022-05-22,jjy06inlCuQ,My College Football 25 Gameplay DEEP DIVE!,"Jun 23, 2024",1311,0:00:00
2022-05-23,jjy06inlCuQ,My College Football 25 Gameplay DEEP DIVE!,"Jun 23, 2024",1311,0:00:00
2022-05-24,jjy06inlCuQ,My College Football 25 Gameplay DEEP DIVE!,"Jun 23, 2024",1311,0:00:00
2022-05-25,jjy06inlCuQ,My College Football 25 Gameplay DEEP DIVE!,"Jun 23, 2024",1311,0:00:00
2022-05-26,jjy06inlCuQ,My College Football 25 Gameplay DEEP DIVE!,"Jun 23, 2024",1311,0:00:00
2022-05-27,jjy06inlCuQ,My College Football 25 Gameplay DEEP DIVE!,"Jun 23, 2024",1311,0:00:00
2022-05-28,jjy06inlCuQ,My College Football 25 Gameplay DEEP DIVE!,"Jun 23, 2024",1311,0:00:00
2022-05-29,jjy06inlCuQ,My College Football 25 Gameplay DEEP DIVE!,"Jun 23, 2024",1311,0:00:00
2022-05-30,jjy06inlCuQ,My College Football 25 Gameplay DEEP DIVE!,"Jun 23, 2024",1311,0:00:00
2022-05-31,jjy06inlCuQ,My College Football 25 Gameplay DEEP DIVE!,"Jun 23, 2024",1311,0:00:00
2022-06-01,jjy06inlCuQ,My College Football 25 Gameplay DEEP DIVE!,"Jun 23, 2024",1311,0:00:00
2022-06-02,jjy06inlCuQ,My College Football 25 Gameplay DEEP DIVE!,"Jun 23, 2024",1311,0:00:00
2022-06-03,jjy06inlCuQ,My College Football 25 Gameplay DEEP DIVE!,"Jun 23, 2024",1311,0:00:00
2022-06-04,jjy06inlCuQ,My College Football 25 Gameplay DEEP DIVE!,"Jun 23, 2024",1311,0:00:00
2022-06-05,jjy06inlCuQ,My College Football 25 Gameplay DEEP DIVE!,"Jun 23, 2024",1311,0:00:00
2022-06-06,jjy06inlCuQ,My College Football 25 Gameplay DEEP DIVE!,"Jun 23, 2024",1311,0:00:00
2022-06-07,jjy06inlCuQ,My College Football 25 Gameplay DEEP DIVE!,"Jun 23, 2024",1311,0:00:00
2022-06-08,jjy06inlCuQ,My College Football 25 Gameplay DEEP DIVE!,"Jun 23, 2024",1311,0:00:00
2022-06-09,jjy06inlCuQ,My College Football 25 Gameplay DEEP DIVE!,"Jun 23, 2024",1311,0:00:00
2022-06-10,jjy06inlCuQ,My College Football 25 Gameplay DEEP DIVE!,"Jun 23, 2024",1311,0:00:00
2022-06-11,jjy06inlCuQ,My College Football 25 Gameplay DEEP DIVE!,"Jun 23, 2024",1311,0:00:00
2022-06-12,jjy06inlCuQ,My College Football 25 Gameplay DEEP DIVE!,"Jun 23, 2024",1311,0:00:00
2022-06-13,jjy06inlCuQ,My College Football 25 Gameplay DEEP DIVE!,"Jun 23, 2024",1311,0:00:00
2022-06-14,jjy06inlCuQ,My College Football 25 Gameplay DEEP DIVE!,"Jun 23, 2024",1311,0:00:00
2022-06-15,jjy06inlCuQ,My College Football 25 Gameplay DEEP DIVE!,"Jun 23, 2024",1311,0:00:00
2022-06-16,jjy06inlCuQ,My College Football 25 Gameplay DEEP DIVE!,"Jun 23, 2024",1311,0:00:00
2022-06-17,jjy06inlCuQ,My College Football 25 Gameplay DEEP DIVE!,"Jun 23, 2024",1311,0:00:00
2022-06-18,jjy06inlCuQ,My College Football 25 Gameplay DEEP DIVE!,"Jun 23, 2024",1311,0:00:00
2022-06-19,jjy06inlCuQ,My College Football 25 Gameplay DEEP DIVE!,"Jun 23, 2024",1311,0:00:00
2022-06-20,jjy06inlCuQ,My College Football 25 Gameplay DEEP DIVE!,"Jun 23, 2024",1311,0:00:00
2022-06-21,jjy06inlCuQ,My College Football 25 Gameplay DEEP DIVE!,"Jun 23, 2024",1311,0:00:00
2022-06-22,jjy06inlCuQ,My College Football 25 Gameplay DEEP DIVE!,"Jun 23, 2024",1311,0:00:00
2022-06-23,jjy06inlCuQ,My College Football 25 Gameplay DEEP DIVE!,"Jun 23, 2024",1311,0:00:00
2022-06-24,jjy06inlCuQ,My College Football 25 Gameplay DEEP DIVE!,"Jun 23, 2024",1311,0:00:00
2022-06-25,jjy06inlCuQ,My College Football 25 Gameplay DEEP DIVE!,"Jun 23, 2024",1311,0:00:00
2022-06-26,jjy06inlCuQ,My College Football 25 Gameplay DEEP DIVE!,"Jun 23, 2024",1311,0:00:00
2022-06-27,jjy06inlCuQ,My College Football 25 Gameplay DEEP DIVE!,"Jun 23, 2024",1311,0:00:00
2022-06-28,jjy06inlCuQ,My College Football 25 Gameplay DEEP DIVE!,"Jun 23, 2024",1311,0:00:00
2022-06-29,jjy06inlCuQ,My College Football 25 Gameplay DEEP DIVE!,"Jun 23, 2024",1311,0:00:00
2022-06-30,jjy06inlCuQ,My College Football 25 Gameplay DEEP DIVE!,"Jun 23, 2024",1311,0:00:00
2022-07-01,jjy06inlCuQ,My College Football 25 Gameplay DEEP DIVE!,"Jun 23, 2024",1311,0:00:00
2022-07-02,jjy06inlCuQ,My College Football 25 Gameplay DEEP DIVE!,"Jun 23, 2024",1311,0:00:00
2022-07-03,jjy06inlCuQ,My College Football 25 Gameplay DEEP DIVE!,"Jun 23, 2024",1311,0:00:00
2022-07-04,jjy06inlCuQ,My College Football 25 Gameplay DEEP DIVE!,"Jun 23, 2024",1311,0:00:00
2022-07-05,jjy06inlCuQ,My College Football 25 Gameplay DEEP DIVE!,"Jun 23, 2024",1311,0:00:00
2022-07-06,jjy06inlCuQ,My College Football 25 Gameplay DEEP DIVE!,"Jun 23, 2024",1311,0:00:00
2022-07-07,jjy06inlCuQ,My College Football 25 Gameplay DEEP DIVE!,"Jun 23, 2024",1311,0:00:00
2022-07-08,jjy06inlCuQ,My College Football 25 Gameplay DEEP DIVE!,"Jun 23, 2024",1311,0:00:00
2022-07-09,jjy06inlCuQ,My College Football 25 Gameplay DEEP DIVE!,"Jun 23, 2024",1311,0:00:00
2022-07-10,jjy06inlCuQ,My College Football 25 Gameplay DEEP DIVE!,"Jun 23, 2024",1311,0:00:00
2022-07-11,jjy06inlCuQ,My College Football 25 Gameplay DEEP DIVE!,"Jun 23, 2024",1311,0:00:00
2022-07-12,jjy06inlCuQ,My College Football 25 Gameplay DEEP DIVE!,"Jun 23, 2024",1311,0:00:00
2022-07-13,jjy06inlCuQ,My College Football 25 Gameplay DEEP DIVE!,"Jun 23, 2024",1311,0:00:00
2022-07-14,jjy06inlCuQ,My College Football 25 Gameplay DEEP DIVE!,"Jun 23, 2024",1311,0:00:00
2022-07-15,jjy06inlCuQ,My College Football 25 Gameplay DEEP DIVE!,"Jun 23, 2024",1311,0:00:00
2022-07-16,jjy06inlCuQ,My College Football 25 Gameplay DEEP DIVE!,"Jun 23, 2024",1311,0:00:00
2022-07-17,jjy06inlCuQ,My College Football 25 Gameplay DEEP DIVE!,"Jun 23, 2024",1311,0:00:00
2022-07-18,jjy06inlCuQ,My College Football 25 Gameplay DEEP DIVE!,"Jun 23, 2024",1311,0:00:00
2022-07-19,jjy06inlCuQ,My College Football 25 Gameplay DEEP DIVE!,"Jun 23, 2024",1311,0:00:00
2022-07-20,jjy06inlCuQ,My College Football 25 Gameplay DEEP DIVE!,"Jun 23, 2024",1311,0:00:00
2022-07-21,jjy06inlCuQ,My College Football 25 Gameplay DEEP DIVE!,"Jun 23, 2024",1311,0:00:00
2022-07-22,jjy06inlCuQ,My College Football 25 Gameplay DEEP DIVE!,"Jun 23, 2024",1311,0:00:00
2022-07-23,jjy06inlCuQ,My College Football 25 Gameplay DEEP DIVE!,"Jun 23, 2024",1311,0:00:00
2022-07-24,jjy06inlCuQ,My College Football 25 Gameplay DEEP DIVE!,"Jun 23, 2024",1311,0:00:00
2022-07-25,jjy06inlCuQ,My College Football 25 Gameplay DEEP DIVE!,"Jun 23, 2024",1311,0:00:00
2022-07-26,jjy06inlCuQ,My College Football 25 Gameplay DEEP DIVE!,"Jun 23, 2024",1311,0:00:00
2022-07-27,jjy06inlCuQ,My College Football 25 Gameplay DEEP DIVE!,"Jun 23, 2024",1311,0:00:00
2022-07-28,jjy06inlCuQ,My College Football 25 Gameplay DEEP DIVE!,"Jun 23, 2024",1311,0:00:00
2022-07-29,jjy06inlCuQ,My College Football 25 Gameplay DEEP DIVE!,"Jun 23, 2024",1311,0:00:00
2022-07-30,jjy06inlCuQ,My College Football 25 Gameplay DEEP DIVE!,"Jun 23, 2024",1311,0:00:00
2022-07-31,jjy06inlCuQ,My College Football 25 Gameplay DEEP DIVE!,"Jun 23, 2024",1311,0:00:00
2022-08-01,jjy06inlCuQ,My College Football 25 Gameplay DEEP DIVE!,"Jun 23, 2024",1311,0:00:00
2022-08-02,jjy06inlCuQ,My College Football 25 Gameplay DEEP DIVE!,"Jun 23, 2024",1311,0:00:00
2022-08-03,jjy06inlCuQ,My College Football 25 Gameplay DEEP DIVE!,"Jun 23, 2024",1311,0:00:00
2022-08-04,jjy06inlCuQ,My College Football 25 Gameplay DEEP DIVE!,"Jun 23, 2024",1311,0:00:00
2022-08-05,jjy06inlCuQ,My College Football 25 Gameplay DEEP DIVE!,"Jun 23, 2024",1311,0:00:00
2022-08-06,jjy06inlCuQ,My College Football 25 Gameplay DEEP DIVE!,"Jun 23, 2024",1311,0:00:00
2022-08-07,jjy06inlCuQ,My College Football 25 Gameplay DEEP DIVE!,"Jun 23, 2024",1311,0:00:00
2022-08-08,jjy06inlCuQ,My College Football 25 Gameplay DEEP DIVE!,"Jun 23, 2024",1311,0:00:00
2022-08-09,jjy06inlCuQ,My College Football 25 Gameplay DEEP DIVE!,"Jun 23, 2024",1311,0:00:00
2022-08-10,jjy06inlCuQ,My College Football 25 Gameplay DEEP DIVE!,"Jun 23, 2024",1311,0:00:00
2022-08-11,jjy06inlCuQ,My College Football 25 Gameplay DEEP DIVE!,"Jun 23, 2024",1311,0:00:00
2022-08-12,jjy06inlCuQ,My College Football 25 Gameplay DEEP DIVE!,"Jun 23, 2024",1311,0:00:00
2022-08-13,jjy06inlCuQ,My College Football 25 Gameplay DEEP DIVE!,"Jun 23, 2024",1311,0:00:00
2022-08-14,jjy06inlCuQ,My College Football 25 Gameplay DEEP DIVE!,"Jun 23, 2024",1311,0:00:00
2022-08-15,jjy06inlCuQ,My College Football 25 Gameplay DEEP DIVE!,"Jun 23, 2024",1311,0:00:00
2022-08-16,jjy06inlCuQ,My College Football 25 Gameplay DEEP DIVE!,"Jun 23, 2024",1311,0:00:00
2022-08-17,jjy06inlCuQ,My College Football 25 Gameplay DEEP DIVE!,"Jun 23, 2024",1311,0:00:00
2022-08-18,jjy06inlCuQ,My College Football 25 Gameplay DEEP DIVE!,"Jun 23, 2024",1311,0:00:00
2022-08-19,jjy06inlCuQ,My College Football 25 Gameplay DEEP DIVE!,"Jun 23, 2024",1311,0:00:00
2022-08-20,jjy06inlCuQ,My College Football 25 Gameplay DEEP DIVE!,"Jun 23, 2024",1311,0:00:00
2022-08-21,jjy06inlCuQ,My College Football 25 Gameplay DEEP DIVE!,"Jun 23, 2024",1311,0:00:00
2022-08-22,jjy06inlCuQ,My College Football 25 Gameplay DEEP DIVE!,"Jun 23, 2024",1311,0:00:00
2022-08-23,jjy06inlCuQ,My College Football 25 Gameplay DEEP DIVE!,"Jun 23, 2024",1311,0:00:00
2022-08-24,jjy06inlCuQ,My College Football 25 Gameplay DEEP DIVE!,"Jun 23, 2024",1311,0:00:00
2022-08-25,jjy06inlCuQ,My College Football 25 Gameplay DEEP DIVE!,"Jun 23, 2024",1311,0:00:00
2022-08-26,jjy06inlCuQ,My College Football 25 Gameplay DEEP DIVE!,"Jun 23, 2024",1311,0:00:00
2022-08-27,jjy06inlCuQ,My College Football 25 Gameplay DEEP DIVE!,"Jun 23, 2024",1311,0:00:00
2022-08-28,jjy06inlCuQ,My College Football 25 Gameplay DEEP DIVE!,"Jun 23, 2024",1311,0:00:00
2022-08-29,jjy06inlCuQ,My College Football 25 Gameplay DEEP DIVE!,"Jun 23, 2024",1311,0:00:00
2022-08-30,jjy06inlCuQ,My College Football 25 Gameplay DEEP DIVE!,"Jun 23, 2024",1311,0:00:00
2022-08-31,jjy06inlCuQ,My College Football 25 Gameplay DEEP DIVE!,"Jun 23, 2024",1311,0:00:00
2022-09-01,jjy06inlCuQ,My College Football 25 Gameplay DEEP DIVE!,"Jun 23, 2024",1311,0:00:00
2022-09-02,jjy06inlCuQ,My College Football 25 Gameplay DEEP DIVE!,"Jun 23, 2024",1311,0:00:00
2022-09-03,jjy06inlCuQ,My College Football 25 Gameplay DEEP DIVE!,"Jun 23, 2024",1311,0:00:00
2022-09-04,jjy06inlCuQ,My College Football 25 Gameplay DEEP DIVE!,"Jun 23, 2024",1311,0:00:00
2022-09-05,jjy06inlCuQ,My College Football 25 Gameplay DEEP DIVE!,"Jun 23, 2024",1311,0:00:00
2022-09-06,jjy06inlCuQ,My College Football 25 Gameplay DEEP DIVE!,"Jun 23, 2024",1311,0:00:00
2022-09-07,jjy06inlCuQ,My College Football 25 Gameplay DEEP DIVE!,"Jun 23, 2024",1311,0:00:00
2022-09-08,jjy06inlCuQ,My College Football 25 Gameplay DEEP DIVE!,"Jun 23, 2024",1311,0:00:00
2022-09-09,jjy06inlCuQ,My College Football 25 Gameplay DEEP DIVE!,"Jun 23, 2024",1311,0:00:00
2022-09-10,jjy06inlCuQ,My College Football 25 Gameplay DEEP DIVE!,"Jun 23, 2024",1311,0:00:00
2022-09-11,jjy06inlCuQ,My College Football 25 Gameplay DEEP DIVE!,"Jun 23, 2024",1311,0:00:00
2022-09-12,jjy06inlCuQ,My College Football 25 Gameplay DEEP DIVE!,"Jun 23, 2024",1311,0:00:00
2022-09-13,jjy06inlCuQ,My College Football 25 Gameplay DEEP DIVE!,"Jun 23, 2024",1311,0:00:00
2022-09-14,jjy06inlCuQ,My College Football 25 Gameplay DEEP DIVE!,"Jun 23, 2024",1311,0:00:00
2022-09-15,jjy06inlCuQ,My College Football 25 Gameplay DEEP DIVE!,"Jun 23, 2024",1311,0:00:00
2022-09-16,jjy06inlCuQ,My College Football 25 Gameplay DEEP DIVE!,"Jun 23, 2024",1311,0:00:00
2022-09-17,jjy06inlCuQ,My College Football 25 Gameplay DEEP DIVE!,"Jun 23, 2024",1311,0:00:00
2022-09-18,jjy06inlCuQ,My College Football 25 Gameplay DEEP DIVE!,"Jun 23, 2024",1311,0:00:00
2022-09-19,jjy06inlCuQ,My College Football 25 Gameplay DEEP DIVE!,"Jun 23, 2024",1311,0:00:00
2022-09-20,jjy06inlCuQ,My College Football 25 Gameplay DEEP DIVE!,"Jun 23, 2024",1311,0:00:00
2022-09-21,jjy06inlCuQ,My College Football 25 Gameplay DEEP DIVE!,"Jun 23, 2024",1311,0:00:00
2022-09-22,jjy06inlCuQ,My College Football 25 Gameplay DEEP DIVE!,"Jun 23, 2024",1311,0:00:00
2022-09-23,jjy06inlCuQ,My College Football 25 Gameplay DEEP DIVE!,"Jun 23, 2024",1311,0:00:00
2022-09-24,jjy06inlCuQ,My College Football 25 Gameplay DEEP DIVE!,"Jun 23, 2024",1311,0:00:00
2022-09-25,jjy06inlCuQ,My College Football 25 Gameplay DEEP DIVE!,"Jun 23, 2024",1311,0:00:00
2022-09-26,jjy06inlCuQ,My College Football 25 Gameplay DEEP DIVE!,"Jun 23, 2024",1311,0:00:00
2022-09-27,jjy06inlCuQ,My College Football 25 Gameplay DEEP DIVE!,"Jun 23, 2024",1311,0:00:00
2022-09-28,jjy06inlCuQ,My College Football 25 Gameplay DEEP DIVE!,"Jun 23, 2024",1311,0:00:00
2022-09-29,jjy06inlCuQ,My College Football 25 Gameplay DEEP DIVE!,"Jun 23, 2024",1311,0:00:00
2022-09-30,jjy06inlCuQ,My College Football 25 Gameplay DEEP DIVE!,"Jun 23, 2024",1311,0:00:00
2022-10-01,jjy06inlCuQ,My College Football 25 Gameplay DEEP DIVE!,"Jun 23, 2024",1311,0:00:00
2022-10-02,jjy06inlCuQ,My College Football 25 Gameplay DEEP DIVE!,"Jun 23, 2024",1311,0:00:00
2022-10-03,jjy06inlCuQ,My College Football 25 Gameplay DEEP DIVE!,"Jun 23, 2024",1311,0:00:00
2022-10-04,jjy06inlCuQ,My College Football 25 Gameplay DEEP DIVE!,"Jun 23, 2024",1311,0:00:00
2022-10-05,jjy06inlCuQ,My College Football 25 Gameplay DEEP DIVE!,"Jun 23, 2024",1311,0:00:00
2022-10-06,jjy06inlCuQ,My College Football 25 Gameplay DEEP DIVE!,"Jun 23, 2024",1311,0:00:00
2022-10-07,jjy06inlCuQ,My College Football 25 Gameplay DEEP DIVE!,"Jun 23, 2024",1311,0:00:00
2022-10-08,jjy06inlCuQ,My College Football 25 Gameplay DEEP DIVE!,"Jun 23, 2024",1311,0:00:00
2022-10-09,jjy06inlCuQ,My College Football 25 Gameplay DEEP DIVE!,"Jun 23, 2024",1311,0:00:00
2022-10-10,jjy06inlCuQ,My College Football 25 Gameplay DEEP DIVE!,"Jun 23, 2024",1311,0:00:00
2022-10-11,jjy06inlCuQ,My College Football 25 Gameplay DEEP DIVE!,"Jun 23, 2024",1311,0:00:00
2022-10-12,jjy06inlCuQ,My College Football 25 Gameplay DEEP DIVE!,"Jun 23, 2024",1311,0:00:00
2022-10-13,jjy06inlCuQ,My College Football 25 Gameplay DEEP DIVE!,"Jun 23, 2024",1311,0:00:00
2022-10-14,jjy06inlCuQ,My College Football 25 Gameplay DEEP DIVE!,"Jun 23, 2024",1311,0:00:00
2022-10-15,jjy06inlCuQ,My College Football 25 Gameplay DEEP DIVE!,"Jun 23, 2024",1311,0:00:00
2022-10-16,jjy06inlCuQ,My College Football 25 Gameplay DEEP DIVE!,"Jun 23, 2024",1311,0:00:00
2022-10-17,jjy06inlCuQ,My College Football 25 Gameplay DEEP DIVE!,"Jun 23, 2024",1311,0:00:00
2022-10-18,jjy06inlCuQ,My College Football 25 Gameplay DEEP DIVE!,"Jun 23, 2024",1311,0:00:00
2022-10-19,jjy06inlCuQ,My College Football 25 Gameplay DEEP DIVE!,"Jun 23, 2024",1311,0:00:00
2022-10-20,jjy06inlCuQ,My College Football 25 Gameplay DEEP DIVE!,"Jun 23, 2024",1311,0:00:00
2022-10-21,jjy06inlCuQ,My College Football 25 Gameplay DEEP DIVE!,"Jun 23, 2024",1311,0:00:00
2022-10-22,jjy06inlCuQ,My College Football 25 Gameplay DEEP DIVE!,"Jun 23, 2024",1311,0:00:00
2022-10-23,jjy06inlCuQ,My College Football 25 Gameplay DEEP DIVE!,"Jun 23, 2024",1311,0:00:00
2022-10-24,jjy06inlCuQ,My College Football 25 Gameplay DEEP DIVE!,"Jun 23, 2024",1311,0:00:00
2022-10-25,jjy06inlCuQ,My College Football 25 Gameplay DEEP DIVE!,"Jun 23, 2024",1311,0:00:00
2022-10-26,jjy06inlCuQ,My College Football 25 Gameplay DEEP DIVE!,"Jun 23, 2024",1311,0:00:00
2022-10-27,jjy06inlCuQ,My College Football 25 Gameplay DEEP DIVE!,"Jun 23, 2024",1311,0:00:00
2022-10-28,jjy06inlCuQ,My College Football 25 Gameplay DEEP DIVE!,"Jun 23, 2024",1311,0:00:00
2022-10-29,jjy06inlCuQ,My College Football 25 Gameplay DEEP DIVE!,"Jun 23, 2024",1311,0:00:00
2022-10-30,jjy06inlCuQ,My College Football 25 Gameplay DEEP DIVE!,"Jun 23, 2024",1311,0:00:00
2022-10-31,jjy06inlCuQ,My College Football 25 Gameplay DEEP DIVE!,"Jun 23, 2024",1311,0:00:00
2022-11-01,jjy06inlCuQ,My College Football 25 Gameplay DEEP DIVE!,"Jun 23, 2024",1311,0:00:00
2022-11-02,jjy06inlCuQ,My College Football 25 Gameplay DEEP DIVE!,"Jun 23, 2024",1311,0:00:00
2022-11-03,jjy06inlCuQ,My College Football 25 Gameplay DEEP DIVE!,"Jun 23, 2024",1311,0:00:00
2022-11-04,jjy06inlCuQ,My College Football 25 Gameplay DEEP DIVE!,"Jun 23, 2024",1311,0:00:00
2022-11-05,jjy06inlCuQ,My College Football 25 Gameplay DEEP DIVE!,"Jun 23, 2024",1311,0:00:00
2022-11-06,jjy06inlCuQ,My College Football 25 Gameplay DEEP DIVE!,"Jun 23, 2024",1311,0:00:00
2022-11-07,jjy06inlCuQ,My College Football 25 Gameplay DEEP DIVE!,"Jun 23, 2024",1311,0:00:00
2022-11-08,jjy06inlCuQ,My College Football 25 Gameplay DEEP DIVE!,"Jun 23, 2024",1311,0:00:00
2022-11-09,jjy06inlCuQ,My College Football 25 Gameplay DEEP DIVE!,"Jun 23, 2024",1311,0:00:00
2022-11-10,jjy06inlCuQ,My College Football 25 Gameplay DEEP DIVE!,"Jun 23, 2024",1311,0:00:00
2022-11-11,jjy06inlCuQ,My College Football 25 Gameplay DEEP DIVE!,"Jun 23, 2024",1311,0:00:00
2022-11-12,jjy06inlCuQ,My College Football 25 Gameplay DEEP DIVE!,"Jun 23, 2024",1311,0:00:00
2022-11-13,jjy06inlCuQ,My College Football 25 Gameplay DEEP DIVE!,"Jun 23, 2024",1311,0:00:00
2022-11-14,jjy06inlCuQ,My College Football 25 Gameplay DEEP DIVE!,"Jun 23, 2024",1311,0:00:00
2022-11-15,jjy06inlCuQ,My College Football 25 Gameplay DEEP DIVE!,"Jun 23, 2024",1311,0:00:00
2022-11-16,jjy06inlCuQ,My College Football 25 Gameplay DEEP DIVE!,"Jun 23, 2024",1311,0:00:00
2022-11-17,jjy06inlCuQ,My College Football 25 Gameplay DEEP DIVE!,"Jun 23, 2024",1311,0:00:00
2022-11-18,jjy06inlCuQ,My College Football 25 Gameplay DEEP DIVE!,"Jun 23, 2024",1311,0:00:00
2022-11-19,jjy06inlCuQ,My College Football 25 Gameplay DEEP DIVE!,"Jun 23, 2024",1311,0:00:00
2022-11-20,jjy06inlCuQ,My College Football 25 Gameplay DEEP DIVE!,"Jun 23, 2024",1311,0:00:00
2022-11-21,jjy06inlCuQ,My College Football 25 Gameplay DEEP DIVE!,"Jun 23, 2024",1311,0:00:00
2022-11-22,jjy06inlCuQ,My College Football 25 Gameplay DEEP DIVE!,"Jun 23, 2024",1311,0:00:00
2022-11-23,jjy06inlCuQ,My College Football 25 Gameplay DEEP DIVE!,"Jun 23, 2024",1311,0:00:00
2022-11-24,jjy06inlCuQ,My College Football 25 Gameplay DEEP DIVE!,"Jun 23, 2024",1311,0:00:00
2022-11-25,jjy06inlCuQ,My College Football 25 Gameplay DEEP DIVE!,"Jun 23, 2024",1311,0:00:00
2022-11-26,jjy06inlCuQ,My College Football 25 Gameplay DEEP DIVE!,"Jun 23, 2024",1311,0:00:00
2022-11-27,jjy06inlCuQ,My College Football 25 Gameplay DEEP DIVE!,"Jun 23, 2024",1311,0:00:00
2022-11-28,jjy06inlCuQ,My College Football 25 Gameplay DEEP DIVE!,"Jun 23, 2024",1311,0:00:00
2022-11-29,jjy06inlCuQ,My College Football 25 Gameplay DEEP DIVE!,"Jun 23, 2024",1311,0:00:00
2022-11-30,jjy06inlCuQ,My College Football 25 Gameplay DEEP DIVE!,"Jun 23, 2024",1311,0:00:00
2022-12-01,jjy06inlCuQ,My College Football 25 Gameplay DEEP DIVE!,"Jun 23, 2024",1311,0:00:00
2022-12-02,jjy06inlCuQ,My College Football 25 Gameplay DEEP DIVE!,"Jun 23, 2024",1311,0:00:00
2022-12-03,jjy06inlCuQ,My College Football 25 Gameplay DEEP DIVE!,"Jun 23, 2024",1311,0:00:00
2022-12-04,jjy06inlCuQ,My College Football 25 Gameplay DEEP DIVE!,"Jun 23, 2024",1311,0:00:00
2022-12-05,jjy06inlCuQ,My College Football 25 Gameplay DEEP DIVE!,"Jun 23, 2024",1311,0:00:00
2022-12-06,jjy06inlCuQ,My College Football 25 Gameplay DEEP DIVE!,"Jun 23, 2024",1311,0:00:00
2022-12-07,jjy06inlCuQ,My College Football 25 Gameplay DEEP DIVE!,"Jun 23, 2024",1311,0:00:00
2022-12-08,jjy06inlCuQ,My College Football 25 Gameplay DEEP DIVE!,"Jun 23, 2024",1311,0:00:00
2022-12-09,jjy06inlCuQ,My College Football 25 Gameplay DEEP DIVE!,"Jun 23, 2024",1311,0:00:00
2022-12-10,jjy06inlCuQ,My College Football 25 Gameplay DEEP DIVE!,"Jun 23, 2024",1311,0:00:00
2022-12-11,jjy06inlCuQ,My College Football 25 Gameplay DEEP DIVE!,"Jun 23, 2024",1311,0:00:00
2022-12-12,jjy06inlCuQ,My College Football 25 Gameplay DEEP DIVE!,"Jun 23, 2024",1311,0:00:00
2022-12-13,jjy06inlCuQ,My College Football 25 Gameplay DEEP DIVE!,"Jun 23, 2024",1311,0:00:00
2022-12-14,jjy06inlCuQ,My College Football 25 Gameplay DEEP DIVE!,"Jun 23, 2024",1311,0:00:00
2022-12-15,jjy06inlCuQ,My College Football 25 Gameplay DEEP DIVE!,"Jun 23, 2024",1311,0:00:00
2022-12-16,jjy06inlCuQ,My College Football 25 Gameplay DEEP DIVE!,"Jun 23, 2024",1311,0:00:00
2022-12-17,jjy06inlCuQ,My College Football 25 Gameplay DEEP DIVE!,"Jun 23, 2024",1311,0:00:00
2022-12-18,jjy06inlCuQ,My College Football 25 Gameplay DEEP DIVE!,"Jun 23, 2024",1311,0:00:00
2022-12-19,jjy06inlCuQ,My College Football 25 Gameplay DEEP DIVE!,"Jun 23, 2024",1311,0:00:00
2022-12-20,jjy06inlCuQ,My College Football 25 Gameplay DEEP DIVE!,"Jun 23, 2024",1311,0:00:00
2022-12-21,jjy06inlCuQ,My College Football 25 Gameplay DEEP DIVE!,"Jun 23, 2024",1311,0:00:00
2022-12-22,jjy06inlCuQ,My College Football 25 Gameplay DEEP DIVE!,"Jun 23, 2024",1311,0:00:00
2022-12-23,jjy06inlCuQ,My College Football 25 Gameplay DEEP DIVE!,"Jun 23, 2024",1311,0:00:00
2022-12-24,jjy06inlCuQ,My College Football 25 Gameplay DEEP DIVE!,"Jun 23, 2024",1311,0:00:00
2022-12-25,jjy06inlCuQ,My College Football 25 Gameplay DEEP DIVE!,"Jun 23, 2024",1311,0:00:00
2022-12-26,jjy06inlCuQ,My College Football 25 Gameplay DEEP DIVE!,"Jun 23, 2024",1311,0:00:00
2022-12-27,jjy06inlCuQ,My College Football 25 Gameplay DEEP DIVE!,"Jun 23, 2024",1311,0:00:00
2022-12-28,jjy06inlCuQ,My College Football 25 Gameplay DEEP DIVE!,"Jun 23, 2024",1311,0:00:00
2022-12-29,jjy06inlCuQ,My College Football 25 Gameplay DEEP DIVE!,"Jun 23, 2024",1311,0:00:00
2022-12-30,jjy06inlCuQ,My College Football 25 Gameplay DEEP DIVE!,"Jun 23, 2024",1311,0:00:00
2022-12-31,jjy06inlCuQ,My College Football 25 Gameplay DEEP DIVE!,"Jun 23, 2024",1311,0:00:00
2023-01-01,jjy06inlCuQ,My College Football 25 Gameplay DEEP DIVE!,"Jun 23, 2024",1311,0:00:00
2023-01-02,jjy06inlCuQ,My College Football 25 Gameplay DEEP DIVE!,"Jun 23, 2024",1311,0:00:00
2023-01-03,jjy06inlCuQ,My College Football 25 Gameplay DEEP DIVE!,"Jun 23, 2024",1311,0:00:00
2023-01-04,jjy06inlCuQ,My College Football 25 Gameplay DEEP DIVE!,"Jun 23, 2024",1311,0:00:00
2023-01-05,jjy06inlCuQ,My College Football 25 Gameplay DEEP DIVE!,"Jun 23, 2024",1311,0:00:00
2023-01-06,jjy06inlCuQ,My College Football 25 Gameplay DEEP DIVE!,"Jun 23, 2024",1311,0:00:00
2023-01-07,jjy06inlCuQ,My College Football 25 Gameplay DEEP DIVE!,"Jun 23, 2024",1311,0:00:00
2023-01-08,jjy06inlCuQ,My College Football 25 Gameplay DEEP DIVE!,"Jun 23, 2024",1311,0:00:00
2023-01-09,jjy06inlCuQ,My College Football 25 Gameplay DEEP DIVE!,"Jun 23, 2024",1311,0:00:00
2023-01-10,jjy06inlCuQ,My College Football 25 Gameplay DEEP DIVE!,"Jun 23, 2024",1311,0:00:00
2023-01-11,jjy06inlCuQ,My College Football 25 Gameplay DEEP DIVE!,"Jun 23, 2024",1311,0:00:00
2023-01-12,jjy06inlCuQ,My College Football 25 Gameplay DEEP DIVE!,"Jun 23, 2024",1311,0:00:00
2023-01-13,jjy06inlCuQ,My College Football 25 Gameplay DEEP DIVE!,"Jun 23, 2024",1311,0:00:00
2023-01-14,jjy06inlCuQ,My College Football 25 Gameplay DEEP DIVE!,"Jun 23, 2024",1311,0:00:00
2023-01-15,jjy06inlCuQ,My College Football 25 Gameplay DEEP DIVE!,"Jun 23, 2024",1311,0:00:00
2023-01-16,jjy06inlCuQ,My College Football 25 Gameplay DEEP DIVE!,"Jun 23, 2024",1311,0:00:00
2023-01-17,jjy06inlCuQ,My College Football 25 Gameplay DEEP DIVE!,"Jun 23, 2024",1311,0:00:00
2023-01-18,jjy06inlCuQ,My College Football 25 Gameplay DEEP DIVE!,"Jun 23, 2024",1311,0:00:00
2023-01-19,jjy06inlCuQ,My College Football 25 Gameplay DEEP DIVE!,"Jun 23, 2024",1311,0:00:00
2023-01-20,jjy06inlCuQ,My College Football 25 Gameplay DEEP DIVE!,"Jun 23, 2024",1311,0:00:00
2023-01-21,jjy06inlCuQ,My College Football 25 Gameplay DEEP DIVE!,"Jun 23, 2024",1311,0:00:00
2023-01-22,jjy06inlCuQ,My College Football 25 Gameplay DEEP DIVE!,"Jun 23, 2024",1311,0:00:00
2023-01-23,jjy06inlCuQ,My College Football 25 Gameplay DEEP DIVE!,"Jun 23, 2024",1311,0:00:00
2023-01-24,jjy06inlCuQ,My College Football 25 Gameplay DEEP DIVE!,"Jun 23, 2024",1311,0:00:00
2023-01-25,jjy06inlCuQ,My College Football 25 Gameplay DEEP DIVE!,"Jun 23, 2024",1311,0:00:00
2023-01-26,jjy06inlCuQ,My College Football 25 Gameplay DEEP DIVE!,"Jun 23, 2024",1311,0:00:00
2023-01-27,jjy06inlCuQ,My College Football 25 Gameplay DEEP DIVE!,"Jun 23, 2024",1311,0:00:00
2023-01-28,jjy06inlCuQ,My College Football 25 Gameplay DEEP DIVE!,"Jun 23, 2024",1311,0:00:00
2023-01-29,jjy06inlCuQ,My College Football 25 Gameplay DEEP DIVE!,"Jun 23, 2024",1311,0:00:00
2023-01-30,jjy06inlCuQ,My College Football 25 Gameplay DEEP DIVE!,"Jun 23, 2024",1311,0:00:00
2023-01-31,jjy06inlCuQ,My College Football 25 Gameplay DEEP DIVE!,"Jun 23, 2024",1311,0:00:00
2023-02-01,jjy06inlCuQ,My College Football 25 Gameplay DEEP DIVE!,"Jun 23, 2024",1311,0:00:00
2023-02-02,jjy06inlCuQ,My College Football 25 Gameplay DEEP DIVE!,"Jun 23, 2024",1311,0:00:00
2023-02-03,jjy06inlCuQ,My College Football 25 Gameplay DEEP DIVE!,"Jun 23, 2024",1311,0:00:00
2023-02-04,jjy06inlCuQ,My College Football 25 Gameplay DEEP DIVE!,"Jun 23, 2024",1311,0:00:00
2023-02-05,jjy06inlCuQ,My College Football 25 Gameplay DEEP DIVE!,"Jun 23, 2024",1311,0:00:00
2023-02-06,jjy06inlCuQ,My College Football 25 Gameplay DEEP DIVE!,"Jun 23, 2024",1311,0:00:00
2023-02-07,jjy06inlCuQ,My College Football 25 Gameplay DEEP DIVE!,"Jun 23, 2024",1311,0:00:00
2023-02-08,jjy06inlCuQ,My College Football 25 Gameplay DEEP DIVE!,"Jun 23, 2024",1311,0:00:00
2023-02-09,jjy06inlCuQ,My College Football 25 Gameplay DEEP DIVE!,"Jun 23, 2024",1311,0:00:00
2023-02-10,jjy06inlCuQ,My College Football 25 Gameplay DEEP DIVE!,"Jun 23, 2024",1311,0:00:00
2023-02-11,jjy06inlCuQ,My College Football 25 Gameplay DEEP DIVE!,"Jun 23, 2024",1311,0:00:00
2023-02-12,jjy06inlCuQ,My College Football 25 Gameplay DEEP DIVE!,"Jun 23, 2024",1311,0:00:00
2023-02-13,jjy06inlCuQ,My College Football 25 Gameplay DEEP DIVE!,"Jun 23, 2024",1311,0:00:00
2023-02-14,jjy06inlCuQ,My College Football 25 Gameplay DEEP DIVE!,"Jun 23, 2024",1311,0:00:00
2023-02-15,jjy06inlCuQ,My College Football 25 Gameplay DEEP DIVE!,"Jun 23, 2024",1311,0:00:00
2023-02-16,jjy06inlCuQ,My College Football 25 Gameplay DEEP DIVE!,"Jun 23, 2024",1311,0:00:00
2023-02-17,jjy06inlCuQ,My College Football 25 Gameplay DEEP DIVE!,"Jun 23, 2024",1311,0:00:00
2023-02-18,jjy06inlCuQ,My College Football 25 Gameplay DEEP DIVE!,"Jun 23, 2024",1311,0:00:00
2023-02-19,jjy06inlCuQ,My College Football 25 Gameplay DEEP DIVE!,"Jun 23, 2024",1311,0:00:00
2023-02-20,jjy06inlCuQ,My College Football 25 Gameplay DEEP DIVE!,"Jun 23, 2024",1311,0:00:00
2023-02-21,jjy06inlCuQ,My College Football 25 Gameplay DEEP DIVE!,"Jun 23, 2024",1311,0:00:00
2023-02-22,jjy06inlCuQ,My College Football 25 Gameplay DEEP DIVE!,"Jun 23, 2024",1311,0:00:00
2023-02-23,jjy06inlCuQ,My College Football 25 Gameplay DEEP DIVE!,"Jun 23, 2024",1311,0:00:00
2023-02-24,jjy06inlCuQ,My College Football 25 Gameplay DEEP DIVE!,"Jun 23, 2024",1311,0:00:00
2023-02-25,jjy06inlCuQ,My College Football 25 Gameplay DEEP DIVE!,"Jun 23, 2024",1311,0:00:00
2023-02-26,jjy06inlCuQ,My College Football 25 Gameplay DEEP DIVE!,"Jun 23, 2024",1311,0:00:00
2023-02-27,jjy06inlCuQ,My College Football 25 Gameplay DEEP DIVE!,"Jun 23, 2024",1311,0:00:00
2023-02-28,jjy06inlCuQ,My College Football 25 Gameplay DEEP DIVE!,"Jun 23, 2024",1311,0:00:00
2023-03-01,jjy06inlCuQ,My College Football 25 Gameplay DEEP DIVE!,"Jun 23, 2024",1311,0:00:00
2023-03-02,jjy06inlCuQ,My College Football 25 Gameplay DEEP DIVE!,"Jun 23, 2024",1311,0:00:00
2023-03-03,jjy06inlCuQ,My College Football 25 Gameplay DEEP DIVE!,"Jun 23, 2024",1311,0:00:00
2023-03-04,jjy06inlCuQ,My College Football 25 Gameplay DEEP DIVE!,"Jun 23, 2024",1311,0:00:00
2023-03-05,jjy06inlCuQ,My College Football 25 Gameplay DEEP DIVE!,"Jun 23, 2024",1311,0:00:00
2023-03-06,jjy06inlCuQ,My College Football 25 Gameplay DEEP DIVE!,"Jun 23, 2024",1311,0:00:00
2023-03-07,jjy06inlCuQ,My College Football 25 Gameplay DEEP DIVE!,"Jun 23, 2024",1311,0:00:00
2023-03-08,jjy06inlCuQ,My College Football 25 Gameplay DEEP DIVE!,"Jun 23, 2024",1311,0:00:00
2023-03-09,jjy06inlCuQ,My College Football 25 Gameplay DEEP DIVE!,"Jun 23, 2024",1311,0:00:00
2023-03-10,jjy06inlCuQ,My College Football 25 Gameplay DEEP DIVE!,"Jun 23, 2024",1311,0:00:00
2023-03-11,jjy06inlCuQ,My College Football 25 Gameplay DEEP DIVE!,"Jun 23, 2024",1311,0:00:00
2023-03-12,jjy06inlCuQ,My College Football 25 Gameplay DEEP DIVE!,"Jun 23, 2024",1311,0:00:00
2023-03-13,jjy06inlCuQ,My College Football 25 Gameplay DEEP DIVE!,"Jun 23, 2024",1311,0:00:00
2023-03-14,jjy06inlCuQ,My College Football 25 Gameplay DEEP DIVE!,"Jun 23, 2024",1311,0:00:00
2023-03-15,jjy06inlCuQ,My College Football 25 Gameplay DEEP DIVE!,"Jun 23, 2024",1311,0:00:00
2023-03-16,jjy06inlCuQ,My College Football 25 Gameplay DEEP DIVE!,"Jun 23, 2024",1311,0:00:00
2023-03-17,jjy06inlCuQ,My College Football 25 Gameplay DEEP DIVE!,"Jun 23, 2024",1311,0:00:00
2023-03-18,jjy06inlCuQ,My College Football 25 Gameplay DEEP DIVE!,"Jun 23, 2024",1311,0:00:00
2023-03-19,jjy06inlCuQ,My College Football 25 Gameplay DEEP DIVE!,"Jun 23, 2024",1311,0:00:00
2023-03-20,jjy06inlCuQ,My College Football 25 Gameplay DEEP DIVE!,"Jun 23, 2024",1311,0:00:00
2023-03-21,jjy06inlCuQ,My College Football 25 Gameplay DEEP DIVE!,"Jun 23, 2024",1311,0:00:00
2023-03-22,jjy06inlCuQ,My College Football 25 Gameplay DEEP DIVE!,"Jun 23, 2024",1311,0:00:00
2023-03-23,jjy06inlCuQ,My College Football 25 Gameplay DEEP DIVE!,"Jun 23, 2024",1311,0:00:00
2023-03-24,jjy06inlCuQ,My College Football 25 Gameplay DEEP DIVE!,"Jun 23, 2024",1311,0:00:00
2023-03-25,jjy06inlCuQ,My College Football 25 Gameplay DEEP DIVE!,"Jun 23, 2024",1311,0:00:00
2023-03-26,jjy06inlCuQ,My College Football 25 Gameplay DEEP DIVE!,"Jun 23, 2024",1311,0:00:00
2023-03-27,jjy06inlCuQ,My College Football 25 Gameplay DEEP DIVE!,"Jun 23, 2024",1311,0:00:00
2023-03-28,jjy06inlCuQ,My College Football 25 Gameplay DEEP DIVE!,"Jun 23, 2024",1311,0:00:00
2023-03-29,jjy06inlCuQ,My College Football 25 Gameplay DEEP DIVE!,"Jun 23, 2024",1311,0:00:00
2023-03-30,jjy06inlCuQ,My College Football 25 Gameplay DEEP DIVE!,"Jun 23, 2024",1311,0:00:00
2023-03-31,jjy06inlCuQ,My College Football 25 Gameplay DEEP DIVE!,"Jun 23, 2024",1311,0:00:00
2023-04-01,jjy06inlCuQ,My College Football 25 Gameplay DEEP DIVE!,"Jun 23, 2024",1311,0:00:00
2023-04-02,jjy06inlCuQ,My College Football 25 Gameplay DEEP DIVE!,"Jun 23, 2024",1311,0:00:00
2023-04-03,jjy06inlCuQ,My College Football 25 Gameplay DEEP DIVE!,"Jun 23, 2024",1311,0:00:00
2023-04-04,jjy06inlCuQ,My College Football 25 Gameplay DEEP DIVE!,"Jun 23, 2024",1311,0:00:00
2023-04-05,jjy06inlCuQ,My College Football 25 Gameplay DEEP DIVE!,"Jun 23, 2024",1311,0:00:00
2023-04-06,jjy06inlCuQ,My College Football 25 Gameplay DEEP DIVE!,"Jun 23, 2024",1311,0:00:00
2023-04-07,jjy06inlCuQ,My College Football 25 Gameplay DEEP DIVE!,"Jun 23, 2024",1311,0:00:00
2023-04-08,jjy06inlCuQ,My College Football 25 Gameplay DEEP DIVE!,"Jun 23, 2024",1311,0:00:00
2023-04-09,jjy06inlCuQ,My College Football 25 Gameplay DEEP DIVE!,"Jun 23, 2024",1311,0:00:00
2023-04-10,jjy06inlCuQ,My College Football 25 Gameplay DEEP DIVE!,"Jun 23, 2024",1311,0:00:00
2023-04-11,jjy06inlCuQ,My College Football 25 Gameplay DEEP DIVE!,"Jun 23, 2024",1311,0:00:00
2023-04-12,jjy06inlCuQ,My College Football 25 Gameplay DEEP DIVE!,"Jun 23, 2024",1311,0:00:00
2023-04-13,jjy06inlCuQ,My College Football 25 Gameplay DEEP DIVE!,"Jun 23, 2024",1311,0:00:00
2023-04-14,jjy06inlCuQ,My College Football 25 Gameplay DEEP DIVE!,"Jun 23, 2024",1311,0:00:00
2023-04-15,jjy06inlCuQ,My College Football 25 Gameplay DEEP DIVE!,"Jun 23, 2024",1311,0:00:00
2023-04-16,jjy06inlCuQ,My College Football 25 Gameplay DEEP DIVE!,"Jun 23, 2024",1311,0:00:00
2023-04-17,jjy06inlCuQ,My College Football 25 Gameplay DEEP DIVE!,"Jun 23, 2024",1311,0:00:00
2023-04-18,jjy06inlCuQ,My College Football 25 Gameplay DEEP DIVE!,"Jun 23, 2024",1311,0:00:00
2023-04-19,jjy06inlCuQ,My College Football 25 Gameplay DEEP DIVE!,"Jun 23, 2024",1311,0:00:00
2023-04-20,jjy06inlCuQ,My College Football 25 Gameplay DEEP DIVE!,"Jun 23, 2024",1311,0:00:00
2023-04-21,jjy06inlCuQ,My College Football 25 Gameplay DEEP DIVE!,"Jun 23, 2024",1311,0:00:00
2023-04-22,jjy06inlCuQ,My College Football 25 Gameplay DEEP DIVE!,"Jun 23, 2024",1311,0:00:00
2023-04-23,jjy06inlCuQ,My College Football 25 Gameplay DEEP DIVE!,"Jun 23, 2024",1311,0:00:00
2023-04-24,jjy06inlCuQ,My College Football 25 Gameplay DEEP DIVE!,"Jun 23, 2024",1311,0:00:00
2023-04-25,jjy06inlCuQ,My College Football 25 Gameplay DEEP DIVE!,"Jun 23, 2024",1311,0:00:00
2023-04-26,jjy06inlCuQ,My College Football 25 Gameplay DEEP DIVE!,"Jun 23, 2024",1311,0:00:00
2023-04-27,jjy06inlCuQ,My College Football 25 Gameplay DEEP DIVE!,"Jun 23, 2024",1311,0:00:00
2023-04-28,jjy06inlCuQ,My College Football 25 Gameplay DEEP DIVE!,"Jun 23, 2024",1311,0:00:00
2023-04-29,jjy06inlCuQ,My College Football 25 Gameplay DEEP DIVE!,"Jun 23, 2024",1311,0:00:00
2023-04-30,jjy06inlCuQ,My College Football 25 Gameplay DEEP DIVE!,"Jun 23, 2024",1311,0:00:00
2023-05-01,jjy06inlCuQ,My College Football 25 Gameplay DEEP DIVE!,"Jun 23, 2024",1311,0:00:00
2023-05-02,jjy06inlCuQ,My College Football 25 Gameplay DEEP DIVE!,"Jun 23, 2024",1311,0:00:00
2023-05-03,jjy06inlCuQ,My College Football 25 Gameplay DEEP DIVE!,"Jun 23, 2024",1311,0:00:00
2023-05-04,jjy06inlCuQ,My College Football 25 Gameplay DEEP DIVE!,"Jun 23, 2024",1311,0:00:00
2023-05-05,jjy06inlCuQ,My College Football 25 Gameplay DEEP DIVE!,"Jun 23, 2024",1311,0:00:00
2023-05-06,jjy06inlCuQ,My College Football 25 Gameplay DEEP DIVE!,"Jun 23, 2024",1311,0:00:00
2023-05-07,jjy06inlCuQ,My College Football 25 Gameplay DEEP DIVE!,"Jun 23, 2024",1311,0:00:00
2023-05-08,jjy06inlCuQ,My College Football 25 Gameplay DEEP DIVE!,"Jun 23, 2024",1311,0:00:00
2023-05-09,jjy06inlCuQ,My College Football 25 Gameplay DEEP DIVE!,"Jun 23, 2024",1311,0:00:00
2023-05-10,jjy06inlCuQ,My College Football 25 Gameplay DEEP DIVE!,"Jun 23, 2024",1311,0:00:00
2023-05-11,jjy06inlCuQ,My College Football 25 Gameplay DEEP DIVE!,"Jun 23, 2024",1311,0:00:00
2023-05-12,jjy06inlCuQ,My College Football 25 Gameplay DEEP DIVE!,"Jun 23, 2024",1311,0:00:00
2023-05-13,jjy06inlCuQ,My College Football 25 Gameplay DEEP DIVE!,"Jun 23, 2024",1311,0:00:00
2023-05-14,jjy06inlCuQ,My College Football 25 Gameplay DEEP DIVE!,"Jun 23, 2024",1311,0:00:00
2023-05-15,jjy06inlCuQ,My College Football 25 Gameplay DEEP DIVE!,"Jun 23, 2024",1311,0:00:00
2023-05-16,jjy06inlCuQ,My College Football 25 Gameplay DEEP DIVE!,"Jun 23, 2024",1311,0:00:00
2023-05-17,jjy06inlCuQ,My College Football 25 Gameplay DEEP DIVE!,"Jun 23, 2024",1311,0:00:00
2023-05-18,jjy06inlCuQ,My College Football 25 Gameplay DEEP DIVE!,"Jun 23, 2024",1311,0:00:00
2023-05-19,jjy06inlCuQ,My College Football 25 Gameplay DEEP DIVE!,"Jun 23, 2024",1311,0:00:00
2023-05-20,jjy06inlCuQ,My College Football 25 Gameplay DEEP DIVE!,"Jun 23, 2024",1311,0:00:00
2023-05-21,jjy06inlCuQ,My College Football 25 Gameplay DEEP DIVE!,"Jun 23, 2024",1311,0:00:00
2023-05-22,jjy06inlCuQ,My College Football 25 Gameplay DEEP DIVE!,"Jun 23, 2024",1311,0:00:00
2023-05-23,jjy06inlCuQ,My College Football 25 Gameplay DEEP DIVE!,"Jun 23, 2024",1311,0:00:00
2023-05-24,jjy06inlCuQ,My College Football 25 Gameplay DEEP DIVE!,"Jun 23, 2024",1311,0:00:00
2023-05-25,jjy06inlCuQ,My College Football 25 Gameplay DEEP DIVE!,"Jun 23, 2024",1311,0:00:00
2023-05-26,jjy06inlCuQ,My College Football 25 Gameplay DEEP DIVE!,"Jun 23, 2024",1311,0:00:00
2023-05-27,jjy06inlCuQ,My College Football 25 Gameplay DEEP DIVE!,"Jun 23, 2024",1311,0:00:00
2023-05-28,jjy06inlCuQ,My College Football 25 Gameplay DEEP DIVE!,"Jun 23, 2024",1311,0:00:00
2023-05-29,jjy06inlCuQ,My College Football 25 Gameplay DEEP DIVE!,"Jun 23, 2024",1311,0:00:00
2023-05-30,jjy06inlCuQ,My College Football 25 Gameplay DEEP DIVE!,"Jun 23, 2024",1311,0:00:00
2023-05-31,jjy06inlCuQ,My College Football 25 Gameplay DEEP DIVE!,"Jun 23, 2024",1311,0:00:00
2023-06-01,jjy06inlCuQ,My College Football 25 Gameplay DEEP DIVE!,"Jun 23, 2024",1311,0:00:00
2023-06-02,jjy06inlCuQ,My College Football 25 Gameplay DEEP DIVE!,"Jun 23, 2024",1311,0:00:00
2023-06-03,jjy06inlCuQ,My College Football 25 Gameplay DEEP DIVE!,"Jun 23, 2024",1311,0:00:00
2023-06-04,jjy06inlCuQ,My College Football 25 Gameplay DEEP DIVE!,"Jun 23, 2024",1311,0:00:00
2023-06-05,jjy06inlCuQ,My College Football 25 Gameplay DEEP DIVE!,"Jun 23, 2024",1311,0:00:00
2023-06-06,jjy06inlCuQ,My College Football 25 Gameplay DEEP DIVE!,"Jun 23, 2024",1311,0:00:00
2023-06-07,jjy06inlCuQ,My College Football 25 Gameplay DEEP DIVE!,"Jun 23, 2024",1311,0:00:00
2023-06-08,jjy06inlCuQ,My College Football 25 Gameplay DEEP DIVE!,"Jun 23, 2024",1311,0:00:00
2023-06-09,jjy06inlCuQ,My College Football 25 Gameplay DEEP DIVE!,"Jun 23, 2024",1311,0:00:00
2023-06-10,jjy06inlCuQ,My College Football 25 Gameplay DEEP DIVE!,"Jun 23, 2024",1311,0:00:00
2023-06-11,jjy06inlCuQ,My College Football 25 Gameplay DEEP DIVE!,"Jun 23, 2024",1311,0:00:00
2023-06-12,jjy06inlCuQ,My College Football 25 Gameplay DEEP DIVE!,"Jun 23, 2024",1311,0:00:00
2023-06-13,jjy06inlCuQ,My College Football 25 Gameplay DEEP DIVE!,"Jun 23, 2024",1311,0:00:00
2023-06-14,jjy06inlCuQ,My College Football 25 Gameplay DEEP DIVE!,"Jun 23, 2024",1311,0:00:00
2023-06-15,jjy06inlCuQ,My College Football 25 Gameplay DEEP DIVE!,"Jun 23, 2024",1311,0:00:00
2023-06-16,jjy06inlCuQ,My College Football 25 Gameplay DEEP DIVE!,"Jun 23, 2024",1311,0:00:00
2023-06-17,jjy06inlCuQ,My College Football 25 Gameplay DEEP DIVE!,"Jun 23, 2024",1311,0:00:00
2023-06-18,jjy06inlCuQ,My College Football 25 Gameplay DEEP DIVE!,"Jun 23, 2024",1311,0:00:00
2023-06-19,jjy06inlCuQ,My College Football 25 Gameplay DEEP DIVE!,"Jun 23, 2024",1311,0:00:00
2023-06-20,jjy06inlCuQ,My College Football 25 Gameplay DEEP DIVE!,"Jun 23, 2024",1311,0:00:00
2023-06-21,jjy06inlCuQ,My College Football 25 Gameplay DEEP DIVE!,"Jun 23, 2024",1311,0:00:00
2023-06-22,jjy06inlCuQ,My College Football 25 Gameplay DEEP DIVE!,"Jun 23, 2024",1311,0:00:00
2023-06-23,jjy06inlCuQ,My College Football 25 Gameplay DEEP DIVE!,"Jun 23, 2024",1311,0:00:00
2023-06-24,jjy06inlCuQ,My College Football 25 Gameplay DEEP DIVE!,"Jun 23, 2024",1311,0:00:00
2023-06-25,jjy06inlCuQ,My College Football 25 Gameplay DEEP DIVE!,"Jun 23, 2024",1311,0:00:00
2023-06-26,jjy06inlCuQ,My College Football 25 Gameplay DEEP DIVE!,"Jun 23, 2024",1311,0:00:00
2023-06-27,jjy06inlCuQ,My College Football 25 Gameplay DEEP DIVE!,"Jun 23, 2024",1311,0:00:00
2023-06-28,jjy06inlCuQ,My College Football 25 Gameplay DEEP DIVE!,"Jun 23, 2024",1311,0:00:00
2023-06-29,jjy06inlCuQ,My College Football 25 Gameplay DEEP DIVE!,"Jun 23, 2024",1311,0:00:00
2023-06-30,jjy06inlCuQ,My College Football 25 Gameplay DEEP DIVE!,"Jun 23, 2024",1311,0:00:00
2023-07-01,jjy06inlCuQ,My College Football 25 Gameplay DEEP DIVE!,"Jun 23, 2024",1311,0:00:00
2023-07-02,jjy06inlCuQ,My College Football 25 Gameplay DEEP DIVE!,"Jun 23, 2024",1311,0:00:00
2023-07-03,jjy06inlCuQ,My College Football 25 Gameplay DEEP DIVE!,"Jun 23, 2024",1311,0:00:00
2023-07-04,jjy06inlCuQ,My College Football 25 Gameplay DEEP DIVE!,"Jun 23, 2024",1311,0:00:00
2023-07-05,jjy06inlCuQ,My College Football 25 Gameplay DEEP DIVE!,"Jun 23, 2024",1311,0:00:00
2023-07-06,jjy06inlCuQ,My College Football 25 Gameplay DEEP DIVE!,"Jun 23, 2024",1311,0:00:00
2023-07-07,jjy06inlCuQ,My College Football 25 Gameplay DEEP DIVE!,"Jun 23, 2024",1311,0:00:00
2023-07-08,jjy06inlCuQ,My College Football 25 Gameplay DEEP DIVE!,"Jun 23, 2024",1311,0:00:00
2023-07-09,jjy06inlCuQ,My College Football 25 Gameplay DEEP DIVE!,"Jun 23, 2024",1311,0:00:00
2023-07-10,jjy06inlCuQ,My College Football 25 Gameplay DEEP DIVE!,"Jun 23, 2024",1311,0:00:00
2023-07-11,jjy06inlCuQ,My College Football 25 Gameplay DEEP DIVE!,"Jun 23, 2024",1311,0:00:00
2023-07-12,jjy06inlCuQ,My College Football 25 Gameplay DEEP DIVE!,"Jun 23, 2024",1311,0:00:00
2023-07-13,jjy06inlCuQ,My College Football 25 Gameplay DEEP DIVE!,"Jun 23, 2024",1311,0:00:00
2023-07-14,jjy06inlCuQ,My College Football 25 Gameplay DEEP DIVE!,"Jun 23, 2024",1311,0:00:00
2023-07-15,jjy06inlCuQ,My College Football 25 Gameplay DEEP DIVE!,"Jun 23, 2024",1311,0:00:00
2023-07-16,jjy06inlCuQ,My College Football 25 Gameplay DEEP DIVE!,"Jun 23, 2024",1311,0:00:00
2023-07-17,jjy06inlCuQ,My College Football 25 Gameplay DEEP DIVE!,"Jun 23, 2024",1311,0:00:00
2023-07-18,jjy06inlCuQ,My College Football 25 Gameplay DEEP DIVE!,"Jun 23, 2024",1311,0:00:00
2023-07-19,jjy06inlCuQ,My College Football 25 Gameplay DEEP DIVE!,"Jun 23, 2024",1311,0:00:00
2023-07-20,jjy06inlCuQ,My College Football 25 Gameplay DEEP DIVE!,"Jun 23, 2024",1311,0:00:00
2023-07-21,jjy06inlCuQ,My College Football 25 Gameplay DEEP DIVE!,"Jun 23, 2024",1311,0:00:00
2023-07-22,jjy06inlCuQ,My College Football 25 Gameplay DEEP DIVE!,"Jun 23, 2024",1311,0:00:00
2023-07-23,jjy06inlCuQ,My College Football 25 Gameplay DEEP DIVE!,"Jun 23, 2024",1311,0:00:00
2023-07-24,jjy06inlCuQ,My College Football 25 Gameplay DEEP DIVE!,"Jun 23, 2024",1311,0:00:00
2023-07-25,jjy06inlCuQ,My College Football 25 Gameplay DEEP DIVE!,"Jun 23, 2024",1311,0:00:00
2023-07-26,jjy06inlCuQ,My College Football 25 Gameplay DEEP DIVE!,"Jun 23, 2024",1311,0:00:00
2023-07-27,jjy06inlCuQ,My College Football 25 Gameplay DEEP DIVE!,"Jun 23, 2024",1311,0:00:00
2023-07-28,jjy06inlCuQ,My College Football 25 Gameplay DEEP DIVE!,"Jun 23, 2024",1311,0:00:00
2023-07-29,jjy06inlCuQ,My College Football 25 Gameplay DEEP DIVE!,"Jun 23, 2024",1311,0:00:00
2023-07-30,jjy06inlCuQ,My College Football 25 Gameplay DEEP DIVE!,"Jun 23, 2024",1311,0:00:00
2023-07-31,jjy06inlCuQ,My College Football 25 Gameplay DEEP DIVE!,"Jun 23, 2024",1311,0:00:00
2023-08-01,jjy06inlCuQ,My College Football 25 Gameplay DEEP DIVE!,"Jun 23, 2024",1311,0:00:00
2023-08-02,jjy06inlCuQ,My College Football 25 Gameplay DEEP DIVE!,"Jun 23, 2024",1311,0:00:00
2023-08-03,jjy06inlCuQ,My College Football 25 Gameplay DEEP DIVE!,"Jun 23, 2024",1311,0:00:00
2023-08-04,jjy06inlCuQ,My College Football 25 Gameplay DEEP DIVE!,"Jun 23, 2024",1311,0:00:00
2023-08-05,jjy06inlCuQ,My College Football 25 Gameplay DEEP DIVE!,"Jun 23, 2024",1311,0:00:00
2023-08-06,jjy06inlCuQ,My College Football 25 Gameplay DEEP DIVE!,"Jun 23, 2024",1311,0:00:00
2023-08-07,jjy06inlCuQ,My College Football 25 Gameplay DEEP DIVE!,"Jun 23, 2024",1311,0:00:00
2023-08-08,jjy06inlCuQ,My College Football 25 Gameplay DEEP DIVE!,"Jun 23, 2024",1311,0:00:00
2023-08-09,jjy06inlCuQ,My College Football 25 Gameplay DEEP DIVE!,"Jun 23, 2024",1311,0:00:00
2023-08-10,jjy06inlCuQ,My College Football 25 Gameplay DEEP DIVE!,"Jun 23, 2024",1311,0:00:00
2023-08-11,jjy06inlCuQ,My College Football 25 Gameplay DEEP DIVE!,"Jun 23, 2024",1311,0:00:00
2023-08-12,jjy06inlCuQ,My College Football 25 Gameplay DEEP DIVE!,"Jun 23, 2024",1311,0:00:00
2023-08-13,jjy06inlCuQ,My College Football 25 Gameplay DEEP DIVE!,"Jun 23, 2024",1311,0:00:00
2023-08-14,jjy06inlCuQ,My College Football 25 Gameplay DEEP DIVE!,"Jun 23, 2024",1311,0:00:00
2023-08-15,jjy06inlCuQ,My College Football 25 Gameplay DEEP DIVE!,"Jun 23, 2024",1311,0:00:00
2023-08-16,jjy06inlCuQ,My College Football 25 Gameplay DEEP DIVE!,"Jun 23, 2024",1311,0:00:00
2023-08-17,jjy06inlCuQ,My College Football 25 Gameplay DEEP DIVE!,"Jun 23, 2024",1311,0:00:00
2023-08-18,jjy06inlCuQ,My College Football 25 Gameplay DEEP DIVE!,"Jun 23, 2024",1311,0:00:00
2023-08-19,jjy06inlCuQ,My College Football 25 Gameplay DEEP DIVE!,"Jun 23, 2024",1311,0:00:00
2023-08-20,jjy06inlCuQ,My College Football 25 Gameplay DEEP DIVE!,"Jun 23, 2024",1311,0:00:00
2023-08-21,jjy06inlCuQ,My College Football 25 Gameplay DEEP DIVE!,"Jun 23, 2024",1311,0:00:00
2023-08-22,jjy06inlCuQ,My College Football 25 Gameplay DEEP DIVE!,"Jun 23, 2024",1311,0:00:00
2023-08-23,jjy06inlCuQ,My College Football 25 Gameplay DEEP DIVE!,"Jun 23, 2024",1311,0:00:00
2023-08-24,jjy06inlCuQ,My College Football 25 Gameplay DEEP DIVE!,"Jun 23, 2024",1311,0:00:00
2023-08-25,jjy06inlCuQ,My College Football 25 Gameplay DEEP DIVE!,"Jun 23, 2024",1311,0:00:00
2023-08-26,jjy06inlCuQ,My College Football 25 Gameplay DEEP DIVE!,"Jun 23, 2024",1311,0:00:00
2023-08-27,jjy06inlCuQ,My College Football 25 Gameplay DEEP DIVE!,"Jun 23, 2024",1311,0:00:00
2023-08-28,jjy06inlCuQ,My College Football 25 Gameplay DEEP DIVE!,"Jun 23, 2024",1311,0:00:00
2023-08-29,jjy06inlCuQ,My College Football 25 Gameplay DEEP DIVE!,"Jun 23, 2024",1311,0:00:00
2023-08-30,jjy06inlCuQ,My College Football 25 Gameplay DEEP DIVE!,"Jun 23, 2024",1311,0:00:00
2023-08-31,jjy06inlCuQ,My College Football 25 Gameplay DEEP DIVE!,"Jun 23, 2024",1311,0:00:00
2023-09-01,jjy06inlCuQ,My College Football 25 Gameplay DEEP DIVE!,"Jun 23, 2024",1311,0:00:00
2023-09-02,jjy06inlCuQ,My College Football 25 Gameplay DEEP DIVE!,"Jun 23, 2024",1311,0:00:00
2023-09-03,jjy06inlCuQ,My College Football 25 Gameplay DEEP DIVE!,"Jun 23, 2024",1311,0:00:00
2023-09-04,jjy06inlCuQ,My College Football 25 Gameplay DEEP DIVE!,"Jun 23, 2024",1311,0:00:00
2023-09-05,jjy06inlCuQ,My College Football 25 Gameplay DEEP DIVE!,"Jun 23, 2024",1311,0:00:00
2023-09-06,jjy06inlCuQ,My College Football 25 Gameplay DEEP DIVE!,"Jun 23, 2024",1311,0:00:00
2023-09-07,jjy06inlCuQ,My College Football 25 Gameplay DEEP DIVE!,"Jun 23, 2024",1311,0:00:00
2023-09-08,jjy06inlCuQ,My College Football 25 Gameplay DEEP DIVE!,"Jun 23, 2024",1311,0:00:00
2023-09-09,jjy06inlCuQ,My College Football 25 Gameplay DEEP DIVE!,"Jun 23, 2024",1311,0:00:00
2023-09-10,jjy06inlCuQ,My College Football 25 Gameplay DEEP DIVE!,"Jun 23, 2024",1311,0:00:00
2023-09-11,jjy06inlCuQ,My College Football 25 Gameplay DEEP DIVE!,"Jun 23, 2024",1311,0:00:00
2023-09-12,jjy06inlCuQ,My College Football 25 Gameplay DEEP DIVE!,"Jun 23, 2024",1311,0:00:00
2023-09-13,jjy06inlCuQ,My College Football 25 Gameplay DEEP DIVE!,"Jun 23, 2024",1311,0:00:00
2023-09-14,jjy06inlCuQ,My College Football 25 Gameplay DEEP DIVE!,"Jun 23, 2024",1311,0:00:00
2023-09-15,jjy06inlCuQ,My College Football 25 Gameplay DEEP DIVE!,"Jun 23, 2024",1311,0:00:00
2023-09-16,jjy06inlCuQ,My College Football 25 Gameplay DEEP DIVE!,"Jun 23, 2024",1311,0:00:00
2023-09-17,jjy06inlCuQ,My College Football 25 Gameplay DEEP DIVE!,"Jun 23, 2024",1311,0:00:00
2023-09-18,jjy06inlCuQ,My College Football 25 Gameplay DEEP DIVE!,"Jun 23, 2024",1311,0:00:00
2023-09-19,jjy06inlCuQ,My College Football 25 Gameplay DEEP DIVE!,"Jun 23, 2024",1311,0:00:00
2023-09-20,jjy06inlCuQ,My College Football 25 Gameplay DEEP DIVE!,"Jun 23, 2024",1311,0:00:00
2023-09-21,jjy06inlCuQ,My College Football 25 Gameplay DEEP DIVE!,"Jun 23, 2024",1311,0:00:00
2023-09-22,jjy06inlCuQ,My College Football 25 Gameplay DEEP DIVE!,"Jun 23, 2024",1311,0:00:00
2023-09-23,jjy06inlCuQ,My College Football 25 Gameplay DEEP DIVE!,"Jun 23, 2024",1311,0:00:00
2023-09-24,jjy06inlCuQ,My College Football 25 Gameplay DEEP DIVE!,"Jun 23, 2024",1311,0:00:00
2023-09-25,jjy06inlCuQ,My College Football 25 Gameplay DEEP DIVE!,"Jun 23, 2024",1311,0:00:00
2023-09-26,jjy06inlCuQ,My College Football 25 Gameplay DEEP DIVE!,"Jun 23, 2024",1311,0:00:00
2023-09-27,jjy06inlCuQ,My College Football 25 Gameplay DEEP DIVE!,"Jun 23, 2024",1311,0:00:00
2023-09-28,jjy06inlCuQ,My College Football 25 Gameplay DEEP DIVE!,"Jun 23, 2024",1311,0:00:00
2023-09-29,jjy06inlCuQ,My College Football 25 Gameplay DEEP DIVE!,"Jun 23, 2024",1311,0:00:00
2023-09-30,jjy06inlCuQ,My College Football 25 Gameplay DEEP DIVE!,"Jun 23, 2024",1311,0:00:00
2023-10-01,jjy06inlCuQ,My College Football 25 Gameplay DEEP DIVE!,"Jun 23, 2024",1311,0:00:00
2023-10-02,jjy06inlCuQ,My College Football 25 Gameplay DEEP DIVE!,"Jun 23, 2024",1311,0:00:00
2023-10-03,jjy06inlCuQ,My College Football 25 Gameplay DEEP DIVE!,"Jun 23, 2024",1311,0:00:00
2023-10-04,jjy06inlCuQ,My College Football 25 Gameplay DEEP DIVE!,"Jun 23, 2024",1311,0:00:00
2023-10-05,jjy06inlCuQ,My College Football 25 Gameplay DEEP DIVE!,"Jun 23, 2024",1311,0:00:00
2023-10-06,jjy06inlCuQ,My College Football 25 Gameplay DEEP DIVE!,"Jun 23, 2024",1311,0:00:00
2023-10-07,jjy06inlCuQ,My College Football 25 Gameplay DEEP DIVE!,"Jun 23, 2024",1311,0:00:00
2023-10-08,jjy06inlCuQ,My College Football 25 Gameplay DEEP DIVE!,"Jun 23, 2024",1311,0:00:00
2023-10-09,jjy06inlCuQ,My College Football 25 Gameplay DEEP DIVE!,"Jun 23, 2024",1311,0:00:00
2023-10-10,jjy06inlCuQ,My College Football 25 Gameplay DEEP DIVE!,"Jun 23, 2024",1311,0:00:00
2023-10-11,jjy06inlCuQ,My College Football 25 Gameplay DEEP DIVE!,"Jun 23, 2024",1311,0:00:00
2023-10-12,jjy06inlCuQ,My College Football 25 Gameplay DEEP DIVE!,"Jun 23, 2024",1311,0:00:00
2023-10-13,jjy06inlCuQ,My College Football 25 Gameplay DEEP DIVE!,"Jun 23, 2024",1311,0:00:00
2023-10-14,jjy06inlCuQ,My College Football 25 Gameplay DEEP DIVE!,"Jun 23, 2024",1311,0:00:00
2023-10-15,jjy06inlCuQ,My College Football 25 Gameplay DEEP DIVE!,"Jun 23, 2024",1311,0:00:00
2023-10-16,jjy06inlCuQ,My College Football 25 Gameplay DEEP DIVE!,"Jun 23, 2024",1311,0:00:00
2023-10-17,jjy06inlCuQ,My College Football 25 Gameplay DEEP DIVE!,"Jun 23, 2024",1311,0:00:00
2023-10-18,jjy06inlCuQ,My College Football 25 Gameplay DEEP DIVE!,"Jun 23, 2024",1311,0:00:00
2023-10-19,jjy06inlCuQ,My College Football 25 Gameplay DEEP DIVE!,"Jun 23, 2024",1311,0:00:00
2023-10-20,jjy06inlCuQ,My College Football 25 Gameplay DEEP DIVE!,"Jun 23, 2024",1311,0:00:00
2023-10-21,jjy06inlCuQ,My College Football 25 Gameplay DEEP DIVE!,"Jun 23, 2024",1311,0:00:00
2023-10-22,jjy06inlCuQ,My College Football 25 Gameplay DEEP DIVE!,"Jun 23, 2024",1311,0:00:00
2023-10-23,jjy06inlCuQ,My College Football 25 Gameplay DEEP DIVE!,"Jun 23, 2024",1311,0:00:00
2023-10-24,jjy06inlCuQ,My College Football 25 Gameplay DEEP DIVE!,"Jun 23, 2024",1311,0:00:00
2023-10-25,jjy06inlCuQ,My College Football 25 Gameplay DEEP DIVE!,"Jun 23, 2024",1311,0:00:00
2023-10-26,jjy06inlCuQ,My College Football 25 Gameplay DEEP DIVE!,"Jun 23, 2024",1311,0:00:00
2023-10-27,jjy06inlCuQ,My College Football 25 Gameplay DEEP DIVE!,"Jun 23, 2024",1311,0:00:00
2023-10-28,jjy06inlCuQ,My College Football 25 Gameplay DEEP DIVE!,"Jun 23, 2024",1311,0:00:00
2023-10-29,jjy06inlCuQ,My College Football 25 Gameplay DEEP DIVE!,"Jun 23, 2024",1311,0:00:00
2023-10-30,jjy06inlCuQ,My College Football 25 Gameplay DEEP DIVE!,"Jun 23, 2024",1311,0:00:00
2023-10-31,jjy06inlCuQ,My College Football 25 Gameplay DEEP DIVE!,"Jun 23, 2024",1311,0:00:00
2023-11-01,jjy06inlCuQ,My College Football 25 Gameplay DEEP DIVE!,"Jun 23, 2024",1311,0:00:00
2023-11-02,jjy06inlCuQ,My College Football 25 Gameplay DEEP DIVE!,"Jun 23, 2024",1311,0:00:00
2023-11-03,jjy06inlCuQ,My College Football 25 Gameplay DEEP DIVE!,"Jun 23, 2024",1311,0:00:00
2023-11-04,jjy06inlCuQ,My College Football 25 Gameplay DEEP DIVE!,"Jun 23, 2024",1311,0:00:00
2023-11-05,jjy06inlCuQ,My College Football 25 Gameplay DEEP DIVE!,"Jun 23, 2024",1311,0:00:00
2023-11-06,jjy06inlCuQ,My College Football 25 Gameplay DEEP DIVE!,"Jun 23, 2024",1311,0:00:00
2023-11-07,jjy06inlCuQ,My College Football 25 Gameplay DEEP DIVE!,"Jun 23, 2024",1311,0:00:00
2023-11-08,jjy06inlCuQ,My College Football 25 Gameplay DEEP DIVE!,"Jun 23, 2024",1311,0:00:00
2023-11-09,jjy06inlCuQ,My College Football 25 Gameplay DEEP DIVE!,"Jun 23, 2024",1311,0:00:00
2023-11-10,jjy06inlCuQ,My College Football 25 Gameplay DEEP DIVE!,"Jun 23, 2024",1311,0:00:00
2023-11-11,jjy06inlCuQ,My College Football 25 Gameplay DEEP DIVE!,"Jun 23, 2024",1311,0:00:00
2023-11-12,jjy06inlCuQ,My College Football 25 Gameplay DEEP DIVE!,"Jun 23, 2024",1311,0:00:00
2023-11-13,jjy06inlCuQ,My College Football 25 Gameplay DEEP DIVE!,"Jun 23, 2024",1311,0:00:00
2023-11-14,jjy06inlCuQ,My College Football 25 Gameplay DEEP DIVE!,"Jun 23, 2024",1311,0:00:00
2023-11-15,jjy06inlCuQ,My College Football 25 Gameplay DEEP DIVE!,"Jun 23, 2024",1311,0:00:00
2023-11-16,jjy06inlCuQ,My College Football 25 Gameplay DEEP DIVE!,"Jun 23, 2024",1311,0:00:00
2023-11-17,jjy06inlCuQ,My College Football 25 Gameplay DEEP DIVE!,"Jun 23, 2024",1311,0:00:00
2023-11-18,jjy06inlCuQ,My College Football 25 Gameplay DEEP DIVE!,"Jun 23, 2024",1311,0:00:00
2023-11-19,jjy06inlCuQ,My College Football 25 Gameplay DEEP DIVE!,"Jun 23, 2024",1311,0:00:00
2023-11-20,jjy06inlCuQ,My College Football 25 Gameplay DEEP DIVE!,"Jun 23, 2024",1311,0:00:00
2023-11-21,jjy06inlCuQ,My College Football 25 Gameplay DEEP DIVE!,"Jun 23, 2024",1311,0:00:00
2023-11-22,jjy06inlCuQ,My College Football 25 Gameplay DEEP DIVE!,"Jun 23, 2024",1311,0:00:00
2023-11-23,jjy06inlCuQ,My College Football 25 Gameplay DEEP DIVE!,"Jun 23, 2024",1311,0:00:00
2023-11-24,jjy06inlCuQ,My College Football 25 Gameplay DEEP DIVE!,"Jun 23, 2024",1311,0:00:00
2023-11-25,jjy06inlCuQ,My College Football 25 Gameplay DEEP DIVE!,"Jun 23, 2024",1311,0:00:00
2023-11-26,jjy06inlCuQ,My College Football 25 Gameplay DEEP DIVE!,"Jun 23, 2024",1311,0:00:00
2023-11-27,jjy06inlCuQ,My College Football 25 Gameplay DEEP DIVE!,"Jun 23, 2024",1311,0:00:00
2023-11-28,jjy06inlCuQ,My College Football 25 Gameplay DEEP DIVE!,"Jun 23, 2024",1311,0:00:00
2023-11-29,jjy06inlCuQ,My College Football 25 Gameplay DEEP DIVE!,"Jun 23, 2024",1311,0:00:00
2023-11-30,jjy06inlCuQ,My College Football 25 Gameplay DEEP DIVE!,"Jun 23, 2024",1311,0:00:00
2023-12-01,jjy06inlCuQ,My College Football 25 Gameplay DEEP DIVE!,"Jun 23, 2024",1311,0:00:00
2023-12-02,jjy06inlCuQ,My College Football 25 Gameplay DEEP DIVE!,"Jun 23, 2024",1311,0:00:00
2023-12-03,jjy06inlCuQ,My College Football 25 Gameplay DEEP DIVE!,"Jun 23, 2024",1311,0:00:00
2023-12-04,jjy06inlCuQ,My College Football 25 Gameplay DEEP DIVE!,"Jun 23, 2024",1311,0:00:00
2023-12-05,jjy06inlCuQ,My College Football 25 Gameplay DEEP DIVE!,"Jun 23, 2024",1311,0:00:00
2023-12-06,jjy06inlCuQ,My College Football 25 Gameplay DEEP DIVE!,"Jun 23, 2024",1311,0:00:00
2023-12-07,jjy06inlCuQ,My College Football 25 Gameplay DEEP DIVE!,"Jun 23, 2024",1311,0:00:00
2023-12-08,jjy06inlCuQ,My College Football 25 Gameplay DEEP DIVE!,"Jun 23, 2024",1311,0:00:00
2023-12-09,jjy06inlCuQ,My College Football 25 Gameplay DEEP DIVE!,"Jun 23, 2024",1311,0:00:00
2023-12-10,jjy06inlCuQ,My College Football 25 Gameplay DEEP DIVE!,"Jun 23, 2024",1311,0:00:00
2023-12-11,jjy06inlCuQ,My College Football 25 Gameplay DEEP DIVE!,"Jun 23, 2024",1311,0:00:00
2023-12-12,jjy06inlCuQ,My College Football 25 Gameplay DEEP DIVE!,"Jun 23, 2024",1311,0:00:00
2023-12-13,jjy06inlCuQ,My College Football 25 Gameplay DEEP DIVE!,"Jun 23, 2024",1311,0:00:00
2023-12-14,jjy06inlCuQ,My College Football 25 Gameplay DEEP DIVE!,"Jun 23, 2024",1311,0:00:00
2023-12-15,jjy06inlCuQ,My College Football 25 Gameplay DEEP DIVE!,"Jun 23, 2024",1311,0:00:00
2023-12-16,jjy06inlCuQ,My College Football 25 Gameplay DEEP DIVE!,"Jun 23, 2024",1311,0:00:00
2023-12-17,jjy06inlCuQ,My College Football 25 Gameplay DEEP DIVE!,"Jun 23, 2024",1311,0:00:00
2023-12-18,jjy06inlCuQ,My College Football 25 Gameplay DEEP DIVE!,"Jun 23, 2024",1311,0:00:00
2023-12-19,jjy06inlCuQ,My College Football 25 Gameplay DEEP DIVE!,"Jun 23, 2024",1311,0:00:00
2023-12-20,jjy06inlCuQ,My College Football 25 Gameplay DEEP DIVE!,"Jun 23, 2024",1311,0:00:00
2023-12-21,jjy06inlCuQ,My College Football 25 Gameplay DEEP DIVE!,"Jun 23, 2024",1311,0:00:00
2023-12-22,jjy06inlCuQ,My College Football 25 Gameplay DEEP DIVE!,"Jun 23, 2024",1311,0:00:00
2023-12-23,jjy06inlCuQ,My College Football 25 Gameplay DEEP DIVE!,"Jun 23, 2024",1311,0:00:00
2023-12-24,jjy06inlCuQ,My College Football 25 Gameplay DEEP DIVE!,"Jun 23, 2024",1311,0:00:00
2023-12-25,jjy06inlCuQ,My College Football 25 Gameplay DEEP DIVE!,"Jun 23, 2024",1311,0:00:00
2023-12-26,jjy06inlCuQ,My College Football 25 Gameplay DEEP DIVE!,"Jun 23, 2024",1311,0:00:00
2023-12-27,jjy06inlCuQ,My College Football 25 Gameplay DEEP DIVE!,"Jun 23, 2024",1311,0:00:00
2023-12-28,jjy06inlCuQ,My College Football 25 Gameplay DEEP DIVE!,"Jun 23, 2024",1311,0:00:00
2023-12-29,jjy06inlCuQ,My College Football 25 Gameplay DEEP DIVE!,"Jun 23, 2024",1311,0:00:00
2023-12-30,jjy06inlCuQ,My College Football 25 Gameplay DEEP DIVE!,"Jun 23, 2024",1311,0:00:00
2023-12-31,jjy06inlCuQ,My College Football 25 Gameplay DEEP DIVE!,"Jun 23, 2024",1311,0:00:00
2024-01-01,jjy06inlCuQ,My College Football 25 Gameplay DEEP DIVE!,"Jun 23, 2024",1311,0:00:00
2024-01-02,jjy06inlCuQ,My College Football 25 Gameplay DEEP DIVE!,"Jun 23, 2024",1311,0:00:00
2024-01-03,jjy06inlCuQ,My College Football 25 Gameplay DEEP DIVE!,"Jun 23, 2024",1311,0:00:00
2024-01-04,jjy06inlCuQ,My College Football 25 Gameplay DEEP DIVE!,"Jun 23, 2024",1311,0:00:00
2024-01-05,jjy06inlCuQ,My College Football 25 Gameplay DEEP DIVE!,"Jun 23, 2024",1311,0:00:00
2024-01-06,jjy06inlCuQ,My College Football 25 Gameplay DEEP DIVE!,"Jun 23, 2024",1311,0:00:00
2024-01-07,jjy06inlCuQ,My College Football 25 Gameplay DEEP DIVE!,"Jun 23, 2024",1311,0:00:00
2024-01-08,jjy06inlCuQ,My College Football 25 Gameplay DEEP DIVE!,"Jun 23, 2024",1311,0:00:00
2024-01-09,jjy06inlCuQ,My College Football 25 Gameplay DEEP DIVE!,"Jun 23, 2024",1311,0:00:00
2024-01-10,jjy06inlCuQ,My College Football 25 Gameplay DEEP DIVE!,"Jun 23, 2024",1311,0:00:00
2024-01-11,jjy06inlCuQ,My College Football 25 Gameplay DEEP DIVE!,"Jun 23, 2024",1311,0:00:00
2024-01-12,jjy06inlCuQ,My College Football 25 Gameplay DEEP DIVE!,"Jun 23, 2024",1311,0:00:00
2024-01-13,jjy06inlCuQ,My College Football 25 Gameplay DEEP DIVE!,"Jun 23, 2024",1311,0:00:00
2024-01-14,jjy06inlCuQ,My College Football 25 Gameplay DEEP DIVE!,"Jun 23, 2024",1311,0:00:00
2024-01-15,jjy06inlCuQ,My College Football 25 Gameplay DEEP DIVE!,"Jun 23, 2024",1311,0:00:00
2024-01-16,jjy06inlCuQ,My College Football 25 Gameplay DEEP DIVE!,"Jun 23, 2024",1311,0:00:00
2024-01-17,jjy06inlCuQ,My College Football 25 Gameplay DEEP DIVE!,"Jun 23, 2024",1311,0:00:00
2024-01-18,jjy06inlCuQ,My College Football 25 Gameplay DEEP DIVE!,"Jun 23, 2024",1311,0:00:00
2024-01-19,jjy06inlCuQ,My College Football 25 Gameplay DEEP DIVE!,"Jun 23, 2024",1311,0:00:00
2024-01-20,jjy06inlCuQ,My College Football 25 Gameplay DEEP DIVE!,"Jun 23, 2024",1311,0:00:00
2024-01-21,jjy06inlCuQ,My College Football 25 Gameplay DEEP DIVE!,"Jun 23, 2024",1311,0:00:00
2024-01-22,jjy06inlCuQ,My College Football 25 Gameplay DEEP DIVE!,"Jun 23, 2024",1311,0:00:00
2024-01-23,jjy06inlCuQ,My College Football 25 Gameplay DEEP DIVE!,"Jun 23, 2024",1311,0:00:00
2024-01-24,jjy06inlCuQ,My College Football 25 Gameplay DEEP DIVE!,"Jun 23, 2024",1311,0:00:00
2024-01-25,jjy06inlCuQ,My College Football 25 Gameplay DEEP DIVE!,"Jun 23, 2024",1311,0:00:00
2024-01-26,jjy06inlCuQ,My College Football 25 Gameplay DEEP DIVE!,"Jun 23, 2024",1311,0:00:00
2024-01-27,jjy06inlCuQ,My College Football 25 Gameplay DEEP DIVE!,"Jun 23, 2024",1311,0:00:00
2024-01-28,jjy06inlCuQ,My College Football 25 Gameplay DEEP DIVE!,"Jun 23, 2024",1311,0:00:00
2024-01-29,jjy06inlCuQ,My College Football 25 Gameplay DEEP DIVE!,"Jun 23, 2024",1311,0:00:00
2024-01-30,jjy06inlCuQ,My College Football 25 Gameplay DEEP DIVE!,"Jun 23, 2024",1311,0:00:00
2024-01-31,jjy06inlCuQ,My College Football 25 Gameplay DEEP DIVE!,"Jun 23, 2024",1311,0:00:00
2024-02-01,jjy06inlCuQ,My College Football 25 Gameplay DEEP DIVE!,"Jun 23, 2024",1311,0:00:00
2024-02-02,jjy06inlCuQ,My College Football 25 Gameplay DEEP DIVE!,"Jun 23, 2024",1311,0:00:00
2024-02-03,jjy06inlCuQ,My College Football 25 Gameplay DEEP DIVE!,"Jun 23, 2024",1311,0:00:00
2024-02-04,jjy06inlCuQ,My College Football 25 Gameplay DEEP DIVE!,"Jun 23, 2024",1311,0:00:00
2024-02-05,jjy06inlCuQ,My College Football 25 Gameplay DEEP DIVE!,"Jun 23, 2024",1311,0:00:00
2024-02-06,jjy06inlCuQ,My College Football 25 Gameplay DEEP DIVE!,"Jun 23, 2024",1311,0:00:00
2024-02-07,jjy06inlCuQ,My College Football 25 Gameplay DEEP DIVE!,"Jun 23, 2024",1311,0:00:00
2024-02-08,jjy06inlCuQ,My College Football 25 Gameplay DEEP DIVE!,"Jun 23, 2024",1311,0:00:00
2024-02-09,jjy06inlCuQ,My College Football 25 Gameplay DEEP DIVE!,"Jun 23, 2024",1311,0:00:00
2024-02-10,jjy06inlCuQ,My College Football 25 Gameplay DEEP DIVE!,"Jun 23, 2024",1311,0:00:00
2024-02-11,jjy06inlCuQ,My College Football 25 Gameplay DEEP DIVE!,"Jun 23, 2024",1311,0:00:00
2024-02-12,jjy06inlCuQ,My College Football 25 Gameplay DEEP DIVE!,"Jun 23, 2024",1311,0:00:00
2024-02-13,jjy06inlCuQ,My College Football 25 Gameplay DEEP DIVE!,"Jun 23, 2024",1311,0:00:00
2024-02-14,jjy06inlCuQ,My College Football 25 Gameplay DEEP DIVE!,"Jun 23, 2024",1311,0:00:00
2024-02-15,jjy06inlCuQ,My College Football 25 Gameplay DEEP DIVE!,"Jun 23, 2024",1311,0:00:00
2024-02-16,jjy06inlCuQ,My College Football 25 Gameplay DEEP DIVE!,"Jun 23, 2024",1311,0:00:00
2024-02-17,jjy06inlCuQ,My College Football 25 Gameplay DEEP DIVE!,"Jun 23, 2024",1311,0:00:00
2024-02-18,jjy06inlCuQ,My College Football 25 Gameplay DEEP DIVE!,"Jun 23, 2024",1311,0:00:00
2024-02-19,jjy06inlCuQ,My College Football 25 Gameplay DEEP DIVE!,"Jun 23, 2024",1311,0:00:00
2024-02-20,jjy06inlCuQ,My College Football 25 Gameplay DEEP DIVE!,"Jun 23, 2024",1311,0:00:00
2024-02-21,jjy06inlCuQ,My College Football 25 Gameplay DEEP DIVE!,"Jun 23, 2024",1311,0:00:00
2024-02-22,jjy06inlCuQ,My College Football 25 Gameplay DEEP DIVE!,"Jun 23, 2024",1311,0:00:00
2024-02-23,jjy06inlCuQ,My College Football 25 Gameplay DEEP DIVE!,"Jun 23, 2024",1311,0:00:00
2024-02-24,jjy06inlCuQ,My College Football 25 Gameplay DEEP DIVE!,"Jun 23, 2024",1311,0:00:00
2024-02-25,jjy06inlCuQ,My College Football 25 Gameplay DEEP DIVE!,"Jun 23, 2024",1311,0:00:00
2024-02-26,jjy06inlCuQ,My College Football 25 Gameplay DEEP DIVE!,"Jun 23, 2024",1311,0:00:00
2024-02-27,jjy06inlCuQ,My College Football 25 Gameplay DEEP DIVE!,"Jun 23, 2024",1311,0:00:00
2024-02-28,jjy06inlCuQ,My College Football 25 Gameplay DEEP DIVE!,"Jun 23, 2024",1311,0:00:00
2024-02-29,jjy06inlCuQ,My College Football 25 Gameplay DEEP DIVE!,"Jun 23, 2024",1311,0:00:00
2024-03-01,jjy06inlCuQ,My College Football 25 Gameplay DEEP DIVE!,"Jun 23, 2024",1311,0:00:00
2024-03-02,jjy06inlCuQ,My College Football 25 Gameplay DEEP DIVE!,"Jun 23, 2024",1311,0:00:00
2024-03-03,jjy06inlCuQ,My College Football 25 Gameplay DEEP DIVE!,"Jun 23, 2024",1311,0:00:00
2024-03-04,jjy06inlCuQ,My College Football 25 Gameplay DEEP DIVE!,"Jun 23, 2024",1311,0:00:00
2024-03-05,jjy06inlCuQ,My College Football 25 Gameplay DEEP DIVE!,"Jun 23, 2024",1311,0:00:00
2024-03-06,jjy06inlCuQ,My College Football 25 Gameplay DEEP DIVE!,"Jun 23, 2024",1311,0:00:00
2024-03-07,jjy06inlCuQ,My College Football 25 Gameplay DEEP DIVE!,"Jun 23, 2024",1311,0:00:00
2024-03-08,jjy06inlCuQ,My College Football 25 Gameplay DEEP DIVE!,"Jun 23, 2024",1311,0:00:00
2024-03-09,jjy06inlCuQ,My College Football 25 Gameplay DEEP DIVE!,"Jun 23, 2024",1311,0:00:00
2024-03-10,jjy06inlCuQ,My College Football 25 Gameplay DEEP DIVE!,"Jun 23, 2024",1311,0:00:00
2024-03-11,jjy06inlCuQ,My College Football 25 Gameplay DEEP DIVE!,"Jun 23, 2024",1311,0:00:00
2024-03-12,jjy06inlCuQ,My College Football 25 Gameplay DEEP DIVE!,"Jun 23, 2024",1311,0:00:00
2024-03-13,jjy06inlCuQ,My College Football 25 Gameplay DEEP DIVE!,"Jun 23, 2024",1311,0:00:00
2024-03-14,jjy06inlCuQ,My College Football 25 Gameplay DEEP DIVE!,"Jun 23, 2024",1311,0:00:00
2024-03-15,jjy06inlCuQ,My College Football 25 Gameplay DEEP DIVE!,"Jun 23, 2024",1311,0:00:00
2024-03-16,jjy06inlCuQ,My College Football 25 Gameplay DEEP DIVE!,"Jun 23, 2024",1311,0:00:00
2024-03-17,jjy06inlCuQ,My College Football 25 Gameplay DEEP DIVE!,"Jun 23, 2024",1311,0:00:00
2024-03-18,jjy06inlCuQ,My College Football 25 Gameplay DEEP DIVE!,"Jun 23, 2024",1311,0:00:00
2024-03-19,jjy06inlCuQ,My College Football 25 Gameplay DEEP DIVE!,"Jun 23, 2024",1311,0:00:00
2024-03-20,jjy06inlCuQ,My College Football 25 Gameplay DEEP DIVE!,"Jun 23, 2024",1311,0:00:00
2024-03-21,jjy06inlCuQ,My College Football 25 Gameplay DEEP DIVE!,"Jun 23, 2024",1311,0:00:00
2024-03-22,jjy06inlCuQ,My College Football 25 Gameplay DEEP DIVE!,"Jun 23, 2024",1311,0:00:00
2024-03-23,jjy06inlCuQ,My College Football 25 Gameplay DEEP DIVE!,"Jun 23, 2024",1311,0:00:00
2024-03-24,jjy06inlCuQ,My College Football 25 Gameplay DEEP DIVE!,"Jun 23, 2024",1311,0:00:00
2024-03-25,jjy06inlCuQ,My College Football 25 Gameplay DEEP DIVE!,"Jun 23, 2024",1311,0:00:00
2024-03-26,jjy06inlCuQ,My College Football 25 Gameplay DEEP DIVE!,"Jun 23, 2024",1311,0:00:00
2024-03-27,jjy06inlCuQ,My College Football 25 Gameplay DEEP DIVE!,"Jun 23, 2024",1311,0:00:00
2024-03-28,jjy06inlCuQ,My College Football 25 Gameplay DEEP DIVE!,"Jun 23, 2024",1311,0:00:00
2024-03-29,jjy06inlCuQ,My College Football 25 Gameplay DEEP DIVE!,"Jun 23, 2024",1311,0:00:00
2024-03-30,jjy06inlCuQ,My College Football 25 Gameplay DEEP DIVE!,"Jun 23, 2024",1311,0:00:00
2024-03-31,jjy06inlCuQ,My College Football 25 Gameplay DEEP DIVE!,"Jun 23, 2024",1311,0:00:00
2024-04-01,jjy06inlCuQ,My College Football 25 Gameplay DEEP DIVE!,"Jun 23, 2024",1311,0:00:00
2024-04-02,jjy06inlCuQ,My College Football 25 Gameplay DEEP DIVE!,"Jun 23, 2024",1311,0:00:00
2024-04-03,jjy06inlCuQ,My College Football 25 Gameplay DEEP DIVE!,"Jun 23, 2024",1311,0:00:00
2024-04-04,jjy06inlCuQ,My College Football 25 Gameplay DEEP DIVE!,"Jun 23, 2024",1311,0:00:00
2024-04-05,jjy06inlCuQ,My College Football 25 Gameplay DEEP DIVE!,"Jun 23, 2024",1311,0:00:00
2024-04-06,jjy06inlCuQ,My College Football 25 Gameplay DEEP DIVE!,"Jun 23, 2024",1311,0:00:00
2024-04-07,jjy06inlCuQ,My College Football 25 Gameplay DEEP DIVE!,"Jun 23, 2024",1311,0:00:00
2024-04-08,jjy06inlCuQ,My College Football 25 Gameplay DEEP DIVE!,"Jun 23, 2024",1311,0:00:00
2024-04-09,jjy06inlCuQ,My College Football 25 Gameplay DEEP DIVE!,"Jun 23, 2024",1311,0:00:00
2024-04-10,jjy06inlCuQ,My College Football 25 Gameplay DEEP DIVE!,"Jun 23, 2024",1311,0:00:00
2024-04-11,jjy06inlCuQ,My College Football 25 Gameplay DEEP DIVE!,"Jun 23, 2024",1311,0:00:00
2024-04-12,jjy06inlCuQ,My College Football 25 Gameplay DEEP DIVE!,"Jun 23, 2024",1311,0:00:00
2024-04-13,jjy06inlCuQ,My College Football 25 Gameplay DEEP DIVE!,"Jun 23, 2024",1311,0:00:00
2024-04-14,jjy06inlCuQ,My College Football 25 Gameplay DEEP DIVE!,"Jun 23, 2024",1311,0:00:00
2024-04-15,jjy06inlCuQ,My College Football 25 Gameplay DEEP DIVE!,"Jun 23, 2024",1311,0:00:00
2024-04-16,jjy06inlCuQ,My College Football 25 Gameplay DEEP DIVE!,"Jun 23, 2024",1311,0:00:00
2024-04-17,jjy06inlCuQ,My College Football 25 Gameplay DEEP DIVE!,"Jun 23, 2024",1311,0:00:00
2024-04-18,jjy06inlCuQ,My College Football 25 Gameplay DEEP DIVE!,"Jun 23, 2024",1311,0:00:00
2024-04-19,jjy06inlCuQ,My College Football 25 Gameplay DEEP DIVE!,"Jun 23, 2024",1311,0:00:00
2024-04-20,jjy06inlCuQ,My College Football 25 Gameplay DEEP DIVE!,"Jun 23, 2024",1311,0:00:00
2024-04-21,jjy06inlCuQ,My College Football 25 Gameplay DEEP DIVE!,"Jun 23, 2024",1311,0:00:00
2024-04-22,jjy06inlCuQ,My College Football 25 Gameplay DEEP DIVE!,"Jun 23, 2024",1311,0:00:00
2024-04-23,jjy06inlCuQ,My College Football 25 Gameplay DEEP DIVE!,"Jun 23, 2024",1311,0:00:00
2024-04-24,jjy06inlCuQ,My College Football 25 Gameplay DEEP DIVE!,"Jun 23, 2024",1311,0:00:00
2024-04-25,jjy06inlCuQ,My College Football 25 Gameplay DEEP DIVE!,"Jun 23, 2024",1311,0:00:00
2024-04-26,jjy06inlCuQ,My College Football 25 Gameplay DEEP DIVE!,"Jun 23, 2024",1311,0:00:00
2024-04-27,jjy06inlCuQ,My College Football 25 Gameplay DEEP DIVE!,"Jun 23, 2024",1311,0:00:00
2024-04-28,jjy06inlCuQ,My College Football 25 Gameplay DEEP DIVE!,"Jun 23, 2024",1311,0:00:00
2024-04-29,jjy06inlCuQ,My College Football 25 Gameplay DEEP DIVE!,"Jun 23, 2024",1311,0:00:00
2024-04-30,jjy06inlCuQ,My College Football 25 Gameplay DEEP DIVE!,"Jun 23, 2024",1311,0:00:00
2024-05-01,jjy06inlCuQ,My College Football 25 Gameplay DEEP DIVE!,"Jun 23, 2024",1311,0:00:00
2024-05-02,jjy06inlCuQ,My College Football 25 Gameplay DEEP DIVE!,"Jun 23, 2024",1311,0:00:00
2024-05-03,jjy06inlCuQ,My College Football 25 Gameplay DEEP DIVE!,"Jun 23, 2024",1311,0:00:00
2024-05-04,jjy06inlCuQ,My College Football 25 Gameplay DEEP DIVE!,"Jun 23, 2024",1311,0:00:00
2024-05-05,jjy06inlCuQ,My College Football 25 Gameplay DEEP DIVE!,"Jun 23, 2024",1311,0:00:00
2024-05-06,jjy06inlCuQ,My College Football 25 Gameplay DEEP DIVE!,"Jun 23, 2024",1311,0:00:00
2024-05-07,jjy06inlCuQ,My College Football 25 Gameplay DEEP DIVE!,"Jun 23, 2024",1311,0:00:00
2024-05-08,jjy06inlCuQ,My College Football 25 Gameplay DEEP DIVE!,"Jun 23, 2024",1311,0:00:00
2024-05-09,jjy06inlCuQ,My College Football 25 Gameplay DEEP DIVE!,"Jun 23, 2024",1311,0:00:00
2024-05-10,jjy06inlCuQ,My College Football 25 Gameplay DEEP DIVE!,"Jun 23, 2024",1311,0:00:00
2024-05-11,jjy06inlCuQ,My College Football 25 Gameplay DEEP DIVE!,"Jun 23, 2024",1311,0:00:00
2024-05-12,jjy06inlCuQ,My College Football 25 Gameplay DEEP DIVE!,"Jun 23, 2024",1311,0:00:00
2024-05-13,jjy06inlCuQ,My College Football 25 Gameplay DEEP DIVE!,"Jun 23, 2024",1311,0:00:00
2024-05-14,jjy06inlCuQ,My College Football 25 Gameplay DEEP DIVE!,"Jun 23, 2024",1311,0:00:00
2024-05-15,jjy06inlCuQ,My College Football 25 Gameplay DEEP DIVE!,"Jun 23, 2024",1311,0:00:00
2024-05-16,jjy06inlCuQ,My College Football 25 Gameplay DEEP DIVE!,"Jun 23, 2024",1311,0:00:00
2024-05-17,jjy06inlCuQ,My College Football 25 Gameplay DEEP DIVE!,"Jun 23, 2024",1311,0:00:00
2024-05-18,jjy06inlCuQ,My College Football 25 Gameplay DEEP DIVE!,"Jun 23, 2024",1311,0:00:00
2024-05-19,jjy06inlCuQ,My College Football 25 Gameplay DEEP DIVE!,"Jun 23, 2024",1311,0:00:00
2024-05-20,jjy06inlCuQ,My College Football 25 Gameplay DEEP DIVE!,"Jun 23, 2024",1311,0:00:00
2024-05-21,jjy06inlCuQ,My College Football 25 Gameplay DEEP DIVE!,"Jun 23, 2024",1311,0:00:00
2024-05-22,jjy06inlCuQ,My College Football 25 Gameplay DEEP DIVE!,"Jun 23, 2024",1311,0:00:00
2024-05-23,jjy06inlCuQ,My College Football 25 Gameplay DEEP DIVE!,"Jun 23, 2024",1311,0:00:00
2024-05-24,jjy06inlCuQ,My College Football 25 Gameplay DEEP DIVE!,"Jun 23, 2024",1311,0:00:00
2024-05-25,jjy06inlCuQ,My College Football 25 Gameplay DEEP DIVE!,"Jun 23, 2024",1311,0:00:00
2024-05-26,jjy06inlCuQ,My College Football 25 Gameplay DEEP DIVE!,"Jun 23, 2024",1311,0:00:00
2024-05-27,jjy06inlCuQ,My College Football 25 Gameplay DEEP DIVE!,"Jun 23, 2024",1311,0:00:00
2024-05-28,jjy06inlCuQ,My College Football 25 Gameplay DEEP DIVE!,"Jun 23, 2024",1311,0:00:00
2024-05-29,jjy06inlCuQ,My College Football 25 Gameplay DEEP DIVE!,"Jun 23, 2024",1311,0:00:00
2024-05-30,jjy06inlCuQ,My College Football 25 Gameplay DEEP DIVE!,"Jun 23, 2024",1311,0:00:00
2024-05-31,jjy06inlCuQ,My College Football 25 Gameplay DEEP DIVE!,"Jun 23, 2024",1311,0:00:00
2024-06-01,jjy06inlCuQ,My College Football 25 Gameplay DEEP DIVE!,"Jun 23, 2024",1311,0:00:00
2024-06-02,jjy06inlCuQ,My College Football 25 Gameplay DEEP DIVE!,"Jun 23, 2024",1311,0:00:00
2024-06-03,jjy06inlCuQ,My College Football 25 Gameplay DEEP DIVE!,"Jun 23, 2024",1311,0:00:00
2024-06-04,jjy06inlCuQ,My College Football 25 Gameplay DEEP DIVE!,"Jun 23, 2024",1311,0:00:00
2024-06-05,jjy06inlCuQ,My College Football 25 Gameplay DEEP DIVE!,"Jun 23, 2024",1311,0:00:00
2024-06-06,jjy06inlCuQ,My College Football 25 Gameplay DEEP DIVE!,"Jun 23, 2024",1311,0:00:00
2024-06-07,jjy06inlCuQ,My College Football 25 Gameplay DEEP DIVE!,"Jun 23, 2024",1311,0:00:00
2024-06-08,jjy06inlCuQ,My College Football 25 Gameplay DEEP DIVE!,"Jun 23, 2024",1311,0:00:00
2024-06-09,jjy06inlCuQ,My College Football 25 Gameplay DEEP DIVE!,"Jun 23, 2024",1311,0:00:00
2024-06-10,jjy06inlCuQ,My College Football 25 Gameplay DEEP DIVE!,"Jun 23, 2024",1311,0:00:00
2024-06-11,jjy06inlCuQ,My College Football 25 Gameplay DEEP DIVE!,"Jun 23, 2024",1311,0:00:00
2024-06-12,jjy06inlCuQ,My College Football 25 Gameplay DEEP DIVE!,"Jun 23, 2024",1311,0:00:00
2024-06-13,jjy06inlCuQ,My College Football 25 Gameplay DEEP DIVE!,"Jun 23, 2024",1311,0:00:00
2024-06-14,jjy06inlCuQ,My College Football 25 Gameplay DEEP DIVE!,"Jun 23, 2024",1311,0:00:00
2024-06-15,jjy06inlCuQ,My College Football 25 Gameplay DEEP DIVE!,"Jun 23, 2024",1311,0:00:00
2024-06-16,jjy06inlCuQ,My College Football 25 Gameplay DEEP DIVE!,"Jun 23, 2024",1311,0:00:00
2024-06-17,jjy06inlCuQ,My College Football 25 Gameplay DEEP DIVE!,"Jun 23, 2024",1311,0:00:00
2024-06-18,jjy06inlCuQ,My College Football 25 Gameplay DEEP DIVE!,"Jun 23, 2024",1311,0:00:00
2024-06-19,jjy06inlCuQ,My College Football 25 Gameplay DEEP DIVE!,"Jun 23, 2024",1311,0:00:00
2024-06-20,jjy06inlCuQ,My College Football 25 Gameplay DEEP DIVE!,"Jun 23, 2024",1311,0:00:00
2024-06-21,jjy06inlCuQ,My College Football 25 Gameplay DEEP DIVE!,"Jun 23, 2024",1311,0:00:00
2024-06-22,jjy06inlCuQ,My College Football 25 Gameplay DEEP DIVE!,"Jun 23, 2024",1311,0:00:00
2024-06-23,jjy06inlCuQ,My College Football 25 Gameplay DEEP DIVE!,"Jun 23, 2024",1311,0:05:24
2024-06-24,jjy06inlCuQ,My College Football 25 Gameplay DEEP DIVE!,"Jun 23, 2024",1311,0:06:26
2024-06-25,jjy06inlCuQ,My College Football 25 Gameplay DEEP DIVE!,"Jun 23, 2024",1311,0:07:00
2024-06-26,jjy06inlCuQ,My College Football 25 Gameplay DEEP DIVE!,"Jun 23, 2024",1311,0:05:44
2024-06-27,jjy06inlCuQ,My College Football 25 Gameplay DEEP DIVE!,"Jun 23, 2024",1311,0:01:42
2024-06-28,jjy06inlCuQ,My College Football 25 Gameplay DEEP DIVE!,"Jun 23, 2024",1311,0:04:17
2024-06-29,jjy06inlCuQ,My College Football 25 Gameplay DEEP DIVE!,"Jun 23, 2024",1311,0:04:17
2024-06-30,jjy06inlCuQ,My College Football 25 Gameplay DEEP DIVE!,"Jun 23, 2024",1311,0:04:47
2024-07-01,jjy06inlCuQ,My College Football 25 Gameplay DEEP DIVE!,"Jun 23, 2024",1311,0:04:20
2024-07-02,jjy06inlCuQ,My College Football 25 Gameplay DEEP DIVE!,"Jun 23, 2024",1311,0:05:35
2024-07-03,jjy06inlCuQ,My College Football 25 Gameplay DEEP DIVE!,"Jun 23, 2024",1311,0:10:29
2024-07-04,jjy06inlCuQ,My College Football 25 Gameplay DEEP DIVE!,"Jun 23, 2024",1311,0:00:30
2024-07-05,jjy06inlCuQ,My College Football 25 Gameplay DEEP DIVE!,"Jun 23, 2024",1311,0:02:09
2024-07-06,jjy06inlCuQ,My College Football 25 Gameplay DEEP DIVE!,"Jun 23, 2024",1311,0:02:07
2024-07-07,jjy06inlCuQ,My College Football 25 Gameplay DEEP DIVE!,"Jun 23, 2024",1311,0:06:06
2024-07-08,jjy06inlCuQ,My College Football 25 Gameplay DEEP DIVE!,"Jun 23, 2024",1311,0:07:26
2024-07-09,jjy06inlCuQ,My College Football 25 Gameplay DEEP DIVE!,"Jun 23, 2024",1311,0:00:36
2024-07-10,jjy06inlCuQ,My College Football 25 Gameplay DEEP DIVE!,"Jun 23, 2024",1311,0:06:07
2024-07-11,jjy06inlCuQ,My College Football 25 Gameplay DEEP DIVE!,"Jun 23, 2024",1311,0:00:42
2024-07-12,jjy06inlCuQ,My College Football 25 Gameplay DEEP DIVE!,"Jun 23, 2024",1311,0:00:12
2024-07-13,jjy06inlCuQ,My College Football 25 Gameplay DEEP DIVE!,"Jun 23, 2024",1311,0:04:25
2024-07-14,jjy06inlCuQ,My College Football 25 Gameplay DEEP DIVE!,"Jun 23, 2024",1311,0:00:09
2024-07-15,jjy06inlCuQ,My College Football 25 Gameplay DEEP DIVE!,"Jun 23, 2024",1311,0:01:26
2024-07-16,jjy06inlCuQ,My College Football 25 Gameplay DEEP DIVE!,"Jun 23, 2024",1311,0:00:30
2024-07-17,jjy06inlCuQ,My College Football 25 Gameplay DEEP DIVE!,"Jun 23, 2024",1311,0:05:17
2024-07-18,jjy06inlCuQ,My College Football 25 Gameplay DEEP DIVE!,"Jun 23, 2024",1311,0:00:00
2024-07-19,jjy06inlCuQ,My College Football 25 Gameplay DEEP DIVE!,"Jun 23, 2024",1311,0:00:00
2024-07-20,jjy06inlCuQ,My College Football 25 Gameplay DEEP DIVE!,"Jun 23, 2024",1311,0:00:00
2024-07-21,jjy06inlCuQ,My College Football 25 Gameplay DEEP DIVE!,"Jun 23, 2024",1311,0:00:00
2024-07-22,jjy06inlCuQ,My College Football 25 Gameplay DEEP DIVE!,"Jun 23, 2024",1311,0:00:00
2024-07-23,jjy06inlCuQ,My College Football 25 Gameplay DEEP DIVE!,"Jun 23, 2024",1311,0:00:00
2024-07-24,jjy06inlCuQ,My College Football 25 Gameplay DEEP DIVE!,"Jun 23, 2024",1311,
2024-07-25,jjy06inlCuQ,My College Football 25 Gameplay DEEP DIVE!,"Jun 23, 2024",1311,
2024-07-26,jjy06inlCuQ,My College Football 25 Gameplay DEEP DIVE!,"Jun 23, 2024",1311,0:00:00
2024-07-27,jjy06inlCuQ,My College Football 25 Gameplay DEEP DIVE!,"Jun 23, 2024",1311,0:00:00
2024-07-28,jjy06inlCuQ,My College Football 25 Gameplay DEEP DIVE!,"Jun 23, 2024",1311,0:00:19
2024-07-29,jjy06inlCuQ,My College Football 25 Gameplay DEEP DIVE!,"Jun 23, 2024",1311,0:15:18
2024-07-30,jjy06inlCuQ,My College Football 25 Gameplay DEEP DIVE!,"Jun 23, 2024",1311,
2024-07-31,jjy06inlCuQ,My College Football 25 Gameplay DEEP DIVE!,"Jun 23, 2024",1311,0:00:00
2024-08-01,jjy06inlCuQ,My College Football 25 Gameplay DEEP DIVE!,"Jun 23, 2024",1311,0:00:00
2024-08-02,jjy06inlCuQ,My College Football 25 Gameplay DEEP DIVE!,"Jun 23, 2024",1311,0:00:00
2024-08-03,jjy06inlCuQ,My College Football 25 Gameplay DEEP DIVE!,"Jun 23, 2024",1311,0:08:40
2024-08-04,jjy06inlCuQ,My College Football 25 Gameplay DEEP DIVE!,"Jun 23, 2024",1311,0:00:00
2024-08-05,jjy06inlCuQ,My College Football 25 Gameplay DEEP DIVE!,"Jun 23, 2024",1311,0:01:12
2024-08-06,jjy06inlCuQ,My College Football 25 Gameplay DEEP DIVE!,"Jun 23, 2024",1311,0:00:00
2024-08-07,jjy06inlCuQ,My College Football 25 Gameplay DEEP DIVE!,"Jun 23, 2024",1311,0:00:00
2024-08-08,jjy06inlCuQ,My College Football 25 Gameplay DEEP DIVE!,"Jun 23, 2024",1311,0:00:00
2024-08-09,jjy06inlCuQ,My College Football 25 Gameplay DEEP DIVE!,"Jun 23, 2024",1311,0:00:00
2024-08-10,jjy06inlCuQ,My College Football 25 Gameplay DEEP DIVE!,"Jun 23, 2024",1311,0:00:00
2024-08-11,jjy06inlCuQ,My College Football 25 Gameplay DEEP DIVE!,"Jun 23, 2024",1311,
2024-08-12,jjy06inlCuQ,My College Football 25 Gameplay DEEP DIVE!,"Jun 23, 2024",1311,0:00:00
2024-08-13,jjy06inlCuQ,My College Football 25 Gameplay DEEP DIVE!,"Jun 23, 2024",1311,0:00:00
2024-08-14,jjy06inlCuQ,My College Football 25 Gameplay DEEP DIVE!,"Jun 23, 2024",1311,0:00:00
2024-08-15,jjy06inlCuQ,My College Football 25 Gameplay DEEP DIVE!,"Jun 23, 2024",1311,0:00:00
2024-08-16,jjy06inlCuQ,My College Football 25 Gameplay DEEP DIVE!,"Jun 23, 2024",1311,0:00:00
2024-08-17,jjy06inlCuQ,My College Football 25 Gameplay DEEP DIVE!,"Jun 23, 2024",1311,0:00:00
2024-08-18,jjy06inlCuQ,My College Football 25 Gameplay DEEP DIVE!,"Jun 23, 2024",1311,0:00:24
2024-08-19,jjy06inlCuQ,My College Football 25 Gameplay DEEP DIVE!,"Jun 23, 2024",1311,0:00:00
2024-08-20,jjy06inlCuQ,My College Football 25 Gameplay DEEP DIVE!,"Jun 23, 2024",1311,0:00:00
2024-08-21,jjy06inlCuQ,My College Football 25 Gameplay DEEP DIVE!,"Jun 23, 2024",1311,0:00:00
2024-08-22,jjy06inlCuQ,My College Football 25 Gameplay DEEP DIVE!,"Jun 23, 2024",1311,0:00:00
2024-08-23,jjy06inlCuQ,My College Football 25 Gameplay DEEP DIVE!,"Jun 23, 2024",1311,0:00:00
2024-08-24,jjy06inlCuQ,My College Football 25 Gameplay DEEP DIVE!,"Jun 23, 2024",1311,0:00:00
2024-08-25,jjy06inlCuQ,My College Football 25 Gameplay DEEP DIVE!,"Jun 23, 2024",1311,0:06:03
2024-08-26,jjy06inlCuQ,My College Football 25 Gameplay DEEP DIVE!,"Jun 23, 2024",1311,0:00:00
2024-08-27,jjy06inlCuQ,My College Football 25 Gameplay DEEP DIVE!,"Jun 23, 2024",1311,0:00:00
2024-08-28,jjy06inlCuQ,My College Football 25 Gameplay DEEP DIVE!,"Jun 23, 2024",1311,0:00:00
2024-08-29,jjy06inlCuQ,My College Football 25 Gameplay DEEP DIVE!,"Jun 23, 2024",1311,0:00:00
2024-08-30,jjy06inlCuQ,My College Football 25 Gameplay DEEP DIVE!,"Jun 23, 2024",1311,0:00:00
2024-08-31,jjy06inlCuQ,My College Football 25 Gameplay DEEP DIVE!,"Jun 23, 2024",1311,0:00:00
2024-09-01,jjy06inlCuQ,My College Football 25 Gameplay DEEP DIVE!,"Jun 23, 2024",1311,0:00:00
2024-09-02,jjy06inlCuQ,My College Football 25 Gameplay DEEP DIVE!,"Jun 23, 2024",1311,0:00:00
2024-09-03,jjy06inlCuQ,My College Football 25 Gameplay DEEP DIVE!,"Jun 23, 2024",1311,0:00:00
2024-09-04,jjy06inlCuQ,My College Football 25 Gameplay DEEP DIVE!,"Jun 23, 2024",1311,0:00:00
2024-09-05,jjy06inlCuQ,My College Football 25 Gameplay DEEP DIVE!,"Jun 23, 2024",1311,0:00:00
2024-09-06,jjy06inlCuQ,My College Football 25 Gameplay DEEP DIVE!,"Jun 23, 2024",1311,0:00:00
2024-09-07,jjy06inlCuQ,My College Football 25 Gameplay DEEP DIVE!,"Jun 23, 2024",1311,0:00:00
2024-09-08,jjy06inlCuQ,My College Football 25 Gameplay DEEP DIVE!,"Jun 23, 2024",1311,0:00:00
2024-09-09,jjy06inlCuQ,My College Football 25 Gameplay DEEP DIVE!,"Jun 23, 2024",1311,0:00:00
2024-09-10,jjy06inlCuQ,My College Football 25 Gameplay DEEP DIVE!,"Jun 23, 2024",1311,0:00:00
2024-09-11,jjy06inlCuQ,My College Football 25 Gameplay DEEP DIVE!,"Jun 23, 2024",1311,0:00:00
2024-09-12,jjy06inlCuQ,My College Football 25 Gameplay DEEP DIVE!,"Jun 23, 2024",1311,0:00:00
2024-09-13,jjy06inlCuQ,My College Football 25 Gameplay DEEP DIVE!,"Jun 23, 2024",1311,0:00:00
2024-09-14,jjy06inlCuQ,My College Football 25 Gameplay DEEP DIVE!,"Jun 23, 2024",1311,0:00:00
2024-09-15,jjy06inlCuQ,My College Football 25 Gameplay DEEP DIVE!,"Jun 23, 2024",1311,0:00:00
2024-09-16,jjy06inlCuQ,My College Football 25 Gameplay DEEP DIVE!,"Jun 23, 2024",1311,0:00:00
2024-09-17,jjy06inlCuQ,My College Football 25 Gameplay DEEP DIVE!,"Jun 23, 2024",1311,0:00:00
2024-09-18,jjy06inlCuQ,My College Football 25 Gameplay DEEP DIVE!,"Jun 23, 2024",1311,0:00:00
2024-09-19,jjy06inlCuQ,My College Football 25 Gameplay DEEP DIVE!,"Jun 23, 2024",1311,0:04:07
2024-09-20,jjy06inlCuQ,My College Football 25 Gameplay DEEP DIVE!,"Jun 23, 2024",1311,0:00:00
2024-09-21,jjy06inlCuQ,My College Football 25 Gameplay DEEP DIVE!,"Jun 23, 2024",1311,0:00:00
2024-09-22,jjy06inlCuQ,My College Football 25 Gameplay DEEP DIVE!,"Jun 23, 2024",1311,0:00:00
2024-09-23,jjy06inlCuQ,My College Football 25 Gameplay DEEP DIVE!,"Jun 23, 2024",1311,0:00:00
2024-09-24,jjy06inlCuQ,My College Football 25 Gameplay DEEP DIVE!,"Jun 23, 2024",1311,0:00:00
2024-09-25,jjy06inlCuQ,My College Football 25 Gameplay DEEP DIVE!,"Jun 23, 2024",1311,0:00:00
2024-09-26,jjy06inlCuQ,My College Football 25 Gameplay DEEP DIVE!,"Jun 23, 2024",1311,0:00:00
2024-09-27,jjy06inlCuQ,My College Football 25 Gameplay DEEP DIVE!,"Jun 23, 2024",1311,0:00:00
2024-09-28,jjy06inlCuQ,My College Football 25 Gameplay DEEP DIVE!,"Jun 23, 2024",1311,0:00:00
2024-09-29,jjy06inlCuQ,My College Football 25 Gameplay DEEP DIVE!,"Jun 23, 2024",1311,0:00:00
2024-09-30,jjy06inlCuQ,My College Football 25 Gameplay DEEP DIVE!,"Jun 23, 2024",1311,0:00:00
2024-10-01,jjy06inlCuQ,My College Football 25 Gameplay DEEP DIVE!,"Jun 23, 2024",1311,0:00:00
2024-10-02,jjy06inlCuQ,My College Football 25 Gameplay DEEP DIVE!,"Jun 23, 2024",1311,0:00:00
2024-10-03,jjy06inlCuQ,My College Football 25 Gameplay DEEP DIVE!,"Jun 23, 2024",1311,0:00:00
2024-10-04,jjy06inlCuQ,My College Football 25 Gameplay DEEP DIVE!,"Jun 23, 2024",1311,0:00:00
2024-10-05,jjy06inlCuQ,My College Football 25 Gameplay DEEP DIVE!,"Jun 23, 2024",1311,0:00:00
2024-10-06,jjy06inlCuQ,My College Football 25 Gameplay DEEP DIVE!,"Jun 23, 2024",1311,0:00:00
2024-10-07,jjy06inlCuQ,My College Football 25 Gameplay DEEP DIVE!,"Jun 23, 2024",1311,0:00:00
2024-10-08,jjy06inlCuQ,My College Football 25 Gameplay DEEP DIVE!,"Jun 23, 2024",1311,0:00:00
2024-10-09,jjy06inlCuQ,My College Football 25 Gameplay DEEP DIVE!,"Jun 23, 2024",1311,0:18:13
2024-10-10,jjy06inlCuQ,My College Football 25 Gameplay DEEP DIVE!,"Jun 23, 2024",1311,0:00:00
2024-10-11,jjy06inlCuQ,My College Football 25 Gameplay DEEP DIVE!,"Jun 23, 2024",1311,0:00:00
2024-10-12,jjy06inlCuQ,My College Football 25 Gameplay DEEP DIVE!,"Jun 23, 2024",1311,0:00:00
2024-10-13,jjy06inlCuQ,My College Football 25 Gameplay DEEP DIVE!,"Jun 23, 2024",1311,0:00:00
2024-10-14,jjy06inlCuQ,My College Football 25 Gameplay DEEP DIVE!,"Jun 23, 2024",1311,0:00:00
2024-10-15,jjy06inlCuQ,My College Football 25 Gameplay DEEP DIVE!,"Jun 23, 2024",1311,0:01:31
2024-10-16,jjy06inlCuQ,My College Football 25 Gameplay DEEP DIVE!,"Jun 23, 2024",1311,0:00:00
2024-10-17,jjy06inlCuQ,My College Football 25 Gameplay DEEP DIVE!,"Jun 23, 2024",1311,0:00:02
2024-10-18,jjy06inlCuQ,My College Football 25 Gameplay DEEP DIVE!,"Jun 23, 2024",1311,0:00:00
2024-10-19,jjy06inlCuQ,My College Football 25 Gameplay DEEP DIVE!,"Jun 23, 2024",1311,0:00:00
2024-10-20,jjy06inlCuQ,My College Football 25 Gameplay DEEP DIVE!,"Jun 23, 2024",1311,0:00:00
2024-10-21,jjy06inlCuQ,My College Football 25 Gameplay DEEP DIVE!,"Jun 23, 2024",1311,0:00:00
2024-10-22,jjy06inlCuQ,My College Football 25 Gameplay DEEP DIVE!,"Jun 23, 2024",1311,0:00:00
2024-10-23,jjy06inlCuQ,My College Football 25 Gameplay DEEP DIVE!,"Jun 23, 2024",1311,0:00:00
2024-10-24,jjy06inlCuQ,My College Football 25 Gameplay DEEP DIVE!,"Jun 23, 2024",1311,0:00:00
2024-10-25,jjy06inlCuQ,My College Football 25 Gameplay DEEP DIVE!,"Jun 23, 2024",1311,0:00:00
2024-10-26,jjy06inlCuQ,My College Football 25 Gameplay DEEP DIVE!,"Jun 23, 2024",1311,0:00:00
2024-10-27,jjy06inlCuQ,My College Football 25 Gameplay DEEP DIVE!,"Jun 23, 2024",1311,0:00:00
2024-10-28,jjy06inlCuQ,My College Football 25 Gameplay DEEP DIVE!,"Jun 23, 2024",1311,0:00:00
2024-10-29,jjy06inlCuQ,My College Football 25 Gameplay DEEP DIVE!,"Jun 23, 2024",1311,0:00:00
2024-10-30,jjy06inlCuQ,My College Football 25 Gameplay DEEP DIVE!,"Jun 23, 2024",1311,0:13:19
2024-10-31,jjy06inlCuQ,My College Football 25 Gameplay DEEP DIVE!,"Jun 23, 2024",1311,0:00:00
2024-11-01,jjy06inlCuQ,My College Football 25 Gameplay DEEP DIVE!,"Jun 23, 2024",1311,0:00:00
2024-11-02,jjy06inlCuQ,My College Football 25 Gameplay DEEP DIVE!,"Jun 23, 2024",1311,0:00:15
2024-11-03,jjy06inlCuQ,My College Football 25 Gameplay DEEP DIVE!,"Jun 23, 2024",1311,0:20:27
2024-11-04,jjy06inlCuQ,My College Football 25 Gameplay DEEP DIVE!,"Jun 23, 2024",1311,0:00:00
2024-11-05,jjy06inlCuQ,My College Football 25 Gameplay DEEP DIVE!,"Jun 23, 2024",1311,0:00:00
2024-11-06,jjy06inlCuQ,My College Football 25 Gameplay DEEP DIVE!,"Jun 23, 2024",1311,0:00:00
2024-11-07,jjy06inlCuQ,My College Football 25 Gameplay DEEP DIVE!,"Jun 23, 2024",1311,0:00:00
2024-11-08,jjy06inlCuQ,My College Football 25 Gameplay DEEP DIVE!,"Jun 23, 2024",1311,0:00:00
2024-11-09,jjy06inlCuQ,My College Football 25 Gameplay DEEP DIVE!,"Jun 23, 2024",1311,0:00:00
2024-11-10,jjy06inlCuQ,My College Football 25 Gameplay DEEP DIVE!,"Jun 23, 2024",1311,0:00:00
2024-11-11,jjy06inlCuQ,My College Football 25 Gameplay DEEP DIVE!,"Jun 23, 2024",1311,0:00:00
2024-11-12,jjy06inlCuQ,My College Football 25 Gameplay DEEP DIVE!,"Jun 23, 2024",1311,0:00:00
2024-11-13,jjy06inlCuQ,My College Football 25 Gameplay DEEP DIVE!,"Jun 23, 2024",1311,0:00:00
2024-11-14,jjy06inlCuQ,My College Football 25 Gameplay DEEP DIVE!,"Jun 23, 2024",1311,0:00:00
2024-11-15,jjy06inlCuQ,My College Football 25 Gameplay DEEP DIVE!,"Jun 23, 2024",1311,0:00:00
2024-11-16,jjy06inlCuQ,My College Football 25 Gameplay DEEP DIVE!,"Jun 23, 2024",1311,0:00:00
2024-11-17,jjy06inlCuQ,My College Football 25 Gameplay DEEP DIVE!,"Jun 23, 2024",1311,0:00:00
2024-11-18,jjy06inlCuQ,My College Football 25 Gameplay DEEP DIVE!,"Jun 23, 2024",1311,0:00:00
2024-11-19,jjy06inlCuQ,My College Football 25 Gameplay DEEP DIVE!,"Jun 23, 2024",1311,0:00:00
2024-11-20,jjy06inlCuQ,My College Football 25 Gameplay DEEP DIVE!,"Jun 23, 2024",1311,0:00:30
2024-11-21,jjy06inlCuQ,My College Football 25 Gameplay DEEP DIVE!,"Jun 23, 2024",1311,0:00:00
2024-11-22,jjy06inlCuQ,My College Football 25 Gameplay DEEP DIVE!,"Jun 23, 2024",1311,0:00:00
2024-11-23,jjy06inlCuQ,My College Football 25 Gameplay DEEP DIVE!,"Jun 23, 2024",1311,0:00:00
2024-11-24,jjy06inlCuQ,My College Football 25 Gameplay DEEP DIVE!,"Jun 23, 2024",1311,0:00:00
2024-11-25,jjy06inlCuQ,My College Football 25 Gameplay DEEP DIVE!,"Jun 23, 2024",1311,0:00:00
2024-11-26,jjy06inlCuQ,My College Football 25 Gameplay DEEP DIVE!,"Jun 23, 2024",1311,0:02:11
2024-11-27,jjy06inlCuQ,My College Football 25 Gameplay DEEP DIVE!,"Jun 23, 2024",1311,0:12:54
2024-11-28,jjy06inlCuQ,My College Football 25 Gameplay DEEP DIVE!,"Jun 23, 2024",1311,0:00:00
2024-11-29,jjy06inlCuQ,My College Football 25 Gameplay DEEP DIVE!,"Jun 23, 2024",1311,0:00:00
2024-11-30,jjy06inlCuQ,My College Football 25 Gameplay DEEP DIVE!,"Jun 23, 2024",1311,0:00:00
2024-12-01,jjy06inlCuQ,My College Football 25 Gameplay DEEP DIVE!,"Jun 23, 2024",1311,0:00:00
2024-12-02,jjy06inlCuQ,My College Football 25 Gameplay DEEP DIVE!,"Jun 23, 2024",1311,0:05:26
2024-12-03,jjy06inlCuQ,My College Football 25 Gameplay DEEP DIVE!,"Jun 23, 2024",1311,0:00:14
2024-12-04,jjy06inlCuQ,My College Football 25 Gameplay DEEP DIVE!,"Jun 23, 2024",1311,0:00:00
2024-12-05,jjy06inlCuQ,My College Football 25 Gameplay DEEP DIVE!,"Jun 23, 2024",1311,0:08:34
2024-12-06,jjy06inlCuQ,My College Football 25 Gameplay DEEP DIVE!,"Jun 23, 2024",1311,0:00:00
2024-12-07,jjy06inlCuQ,My College Football 25 Gameplay DEEP DIVE!,"Jun 23, 2024",1311,0:00:00
2024-12-08,jjy06inlCuQ,My College Football 25 Gameplay DEEP DIVE!,"Jun 23, 2024",1311,0:00:00
2024-12-09,jjy06inlCuQ,My College Football 25 Gameplay DEEP DIVE!,"Jun 23, 2024",1311,0:00:00
2024-12-10,jjy06inlCuQ,My College Football 25 Gameplay DEEP DIVE!,"Jun 23, 2024",1311,0:01:51
2024-12-11,jjy06inlCuQ,My College Football 25 Gameplay DEEP DIVE!,"Jun 23, 2024",1311,0:00:00
2024-12-12,jjy06inlCuQ,My College Football 25 Gameplay DEEP DIVE!,"Jun 23, 2024",1311,0:00:00
2024-12-13,jjy06inlCuQ,My College Football 25 Gameplay DEEP DIVE!,"Jun 23, 2024",1311,0:00:07
2024-12-14,jjy06inlCuQ,My College Football 25 Gameplay DEEP DIVE!,"Jun 23, 2024",1311,0:00:25
2024-12-15,jjy06inlCuQ,My College Football 25 Gameplay DEEP DIVE!,"Jun 23, 2024",1311,0:05:07
2024-12-16,jjy06inlCuQ,My College Football 25 Gameplay DEEP DIVE!,"Jun 23, 2024",1311,0:02:12
2024-12-17,jjy06inlCuQ,My College Football 25 Gameplay DEEP DIVE!,"Jun 23, 2024",1311,0:00:00
2024-12-18,jjy06inlCuQ,My College Football 25 Gameplay DEEP DIVE!,"Jun 23, 2024",1311,0:00:00
2024-12-19,jjy06inlCuQ,My College Football 25 Gameplay DEEP DIVE!,"Jun 23, 2024",1311,0:00:06
2024-12-20,jjy06inlCuQ,My College Football 25 Gameplay DEEP DIVE!,"Jun 23, 2024",1311,0:13:32
2024-12-21,jjy06inlCuQ,My College Football 25 Gameplay DEEP DIVE!,"Jun 23, 2024",1311,0:02:26
2024-12-22,jjy06inlCuQ,My College Football 25 Gameplay DEEP DIVE!,"Jun 23, 2024",1311,0:00:00
2024-12-23,jjy06inlCuQ,My College Football 25 Gameplay DEEP DIVE!,"Jun 23, 2024",1311,0:00:00
2024-12-24,jjy06inlCuQ,My College Football 25 Gameplay DEEP DIVE!,"Jun 23, 2024",1311,0:03:28
2024-12-25,jjy06inlCuQ,My College Football 25 Gameplay DEEP DIVE!,"Jun 23, 2024",1311,0:00:00
2024-12-26,jjy06inlCuQ,My College Football 25 Gameplay DEEP DIVE!,"Jun 23, 2024",1311,0:00:00
2024-12-27,jjy06inlCuQ,My College Football 25 Gameplay DEEP DIVE!,"Jun 23, 2024",1311,0:00:00
2024-12-28,jjy06inlCuQ,My College Football 25 Gameplay DEEP DIVE!,"Jun 23, 2024",1311,0:21:50
2024-12-29,jjy06inlCuQ,My College Football 25 Gameplay DEEP DIVE!,"Jun 23, 2024",1311,0:00:00
2024-12-30,jjy06inlCuQ,My College Football 25 Gameplay DEEP DIVE!,"Jun 23, 2024",1311,0:00:00
2024-12-31,jjy06inlCuQ,My College Football 25 Gameplay DEEP DIVE!,"Jun 23, 2024",1311,0:00:05
2025-01-01,jjy06inlCuQ,My College Football 25 Gameplay DEEP DIVE!,"Jun 23, 2024",1311,0:00:00
2025-01-02,jjy06inlCuQ,My College Football 25 Gameplay DEEP DIVE!,"Jun 23, 2024",1311,0:00:00
2025-01-03,jjy06inlCuQ,My College Football 25 Gameplay DEEP DIVE!,"Jun 23, 2024",1311,0:00:25
2025-01-04,jjy06inlCuQ,My College Football 25 Gameplay DEEP DIVE!,"Jun 23, 2024",1311,0:07:49
2025-01-05,jjy06inlCuQ,My College Football 25 Gameplay DEEP DIVE!,"Jun 23, 2024",1311,0:00:00
2025-01-06,jjy06inlCuQ,My College Football 25 Gameplay DEEP DIVE!,"Jun 23, 2024",1311,0:06:23
2025-01-07,jjy06inlCuQ,My College Football 25 Gameplay DEEP DIVE!,"Jun 23, 2024",1311,0:00:00
2025-01-08,jjy06inlCuQ,My College Football 25 Gameplay DEEP DIVE!,"Jun 23, 2024",1311,0:11:03
2025-01-09,jjy06inlCuQ,My College Football 25 Gameplay DEEP DIVE!,"Jun 23, 2024",1311,0:00:00
2025-01-10,jjy06inlCuQ,My College Football 25 Gameplay DEEP DIVE!,"Jun 23, 2024",1311,0:01:11
2025-01-11,jjy06inlCuQ,My College Football 25 Gameplay DEEP DIVE!,"Jun 23, 2024",1311,0:21:50
2025-01-12,jjy06inlCuQ,My College Football 25 Gameplay DEEP DIVE!,"Jun 23, 2024",1311,0:06:17
2025-01-13,jjy06inlCuQ,My College Football 25 Gameplay DEEP DIVE!,"Jun 23, 2024",1311,0:00:00
2025-01-14,jjy06inlCuQ,My College Football 25 Gameplay DEEP DIVE!,"Jun 23, 2024",1311,0:00:00
2025-01-15,jjy06inlCuQ,My College Football 25 Gameplay DEEP DIVE!,"Jun 23, 2024",1311,0:00:00
2025-01-16,jjy06inlCuQ,My College Football 25 Gameplay DEEP DIVE!,"Jun 23, 2024",1311,0:00:00
2025-01-17,jjy06inlCuQ,My College Football 25 Gameplay DEEP DIVE!,"Jun 23, 2024",1311,0:00:00
2025-01-18,jjy06inlCuQ,My College Football 25 Gameplay DEEP DIVE!,"Jun 23, 2024",1311,
2025-01-19,jjy06inlCuQ,My College Football 25 Gameplay DEEP DIVE!,"Jun 23, 2024",1311,0:00:00
2025-01-20,jjy06inlCuQ,My College Football 25 Gameplay DEEP DIVE!,"Jun 23, 2024",1311,0:00:00
2025-01-21,jjy06inlCuQ,My College Football 25 Gameplay DEEP DIVE!,"Jun 23, 2024",1311,0:02:19
2025-01-22,jjy06inlCuQ,My College Football 25 Gameplay DEEP DIVE!,"Jun 23, 2024",1311,0:08:10
2025-01-23,jjy06inlCuQ,My College Football 25 Gameplay DEEP DIVE!,"Jun 23, 2024",1311,0:00:00
2025-01-24,jjy06inlCuQ,My College Football 25 Gameplay DEEP DIVE!,"Jun 23, 2024",1311,0:00:00
2025-01-25,jjy06inlCuQ,My College Football 25 Gameplay DEEP DIVE!,"Jun 23, 2024",1311,0:00:00
2025-01-26,jjy06inlCuQ,My College Football 25 Gameplay DEEP DIVE!,"Jun 23, 2024",1311,0:00:00
2025-01-27,jjy06inlCuQ,My College Football 25 Gameplay DEEP DIVE!,"Jun 23, 2024",1311,0:00:00
2025-01-28,jjy06inlCuQ,My College Football 25 Gameplay DEEP DIVE!,"Jun 23, 2024",1311,0:00:00
2025-01-29,jjy06inlCuQ,My College Football 25 Gameplay DEEP DIVE!,"Jun 23, 2024",1311,0:00:00
2025-01-30,jjy06inlCuQ,My College Football 25 Gameplay DEEP DIVE!,"Jun 23, 2024",1311,0:10:59
2025-01-31,jjy06inlCuQ,My College Football 25 Gameplay DEEP DIVE!,"Jun 23, 2024",1311,0:00:00
2025-02-01,jjy06inlCuQ,My College Football 25 Gameplay DEEP DIVE!,"Jun 23, 2024",1311,0:07:14
2025-02-02,jjy06inlCuQ,My College Football 25 Gameplay DEEP DIVE!,"Jun 23, 2024",1311,0:00:06
2025-02-03,jjy06inlCuQ,My College Football 25 Gameplay DEEP DIVE!,"Jun 23, 2024",1311,0:00:18
2025-02-04,jjy06inlCuQ,My College Football 25 Gameplay DEEP DIVE!,"Jun 23, 2024",1311,0:00:00
2025-02-05,jjy06inlCuQ,My College Football 25 Gameplay DEEP DIVE!,"Jun 23, 2024",1311,0:00:00
2025-02-06,jjy06inlCuQ,My College Football 25 Gameplay DEEP DIVE!,"Jun 23, 2024",1311,0:00:00
2025-02-07,jjy06inlCuQ,My College Football 25 Gameplay DEEP DIVE!,"Jun 23, 2024",1311,0:00:00
2025-02-08,jjy06inlCuQ,My College Football 25 Gameplay DEEP DIVE!,"Jun 23, 2024",1311,0:05:49
2025-02-09,jjy06inlCuQ,My College Football 25 Gameplay DEEP DIVE!,"Jun 23, 2024",1311,0:21:50
2025-02-10,jjy06inlCuQ,My College Football 25 Gameplay DEEP DIVE!,"Jun 23, 2024",1311,0:21:35
2025-02-11,jjy06inlCuQ,My College Football 25 Gameplay DEEP DIVE!,"Jun 23, 2024",1311,0:00:19
2025-02-12,jjy06inlCuQ,My College Football 25 Gameplay DEEP DIVE!,"Jun 23, 2024",1311,0:10:44
2025-02-13,jjy06inlCuQ,My College Football 25 Gameplay DEEP DIVE!,"Jun 23, 2024",1311,0:00:47
2025-02-14,jjy06inlCuQ,My College Football 25 Gameplay DEEP DIVE!,"Jun 23, 2024",1311,0:00:00
2025-02-15,jjy06inlCuQ,My College Football 25 Gameplay DEEP DIVE!,"Jun 23, 2024",1311,0:15:18
2025-02-16,jjy06inlCuQ,My College Football 25 Gameplay DEEP DIVE!,"Jun 23, 2024",1311,0:00:00
2025-02-17,jjy06inlCuQ,My College Football 25 Gameplay DEEP DIVE!,"Jun 23, 2024",1311,0:00:00
2025-02-18,jjy06inlCuQ,My College Football 25 Gameplay DEEP DIVE!,"Jun 23, 2024",1311,0:00:00
2025-02-19,jjy06inlCuQ,My College Football 25 Gameplay DEEP DIVE!,"Jun 23, 2024",1311,0:00:40
2025-02-20,jjy06inlCuQ,My College Football 25 Gameplay DEEP DIVE!,"Jun 23, 2024",1311,0:00:00
2025-02-21,jjy06inlCuQ,My College Football 25 Gameplay DEEP DIVE!,"Jun 23, 2024",1311,0:00:00
2025-02-22,jjy06inlCuQ,My College Football 25 Gameplay DEEP DIVE!,"Jun 23, 2024",1311,0:02:03
2025-02-23,jjy06inlCuQ,My College Football 25 Gameplay DEEP DIVE!,"Jun 23, 2024",1311,0:00:00
2025-02-24,jjy06inlCuQ,My College Football 25 Gameplay DEEP DIVE!,"Jun 23, 2024",1311,0:00:28
2025-02-25,jjy06inlCuQ,My College Football 25 Gameplay DEEP DIVE!,"Jun 23, 2024",1311,0:00:00
2025-02-26,jjy06inlCuQ,My College Football 25 Gameplay DEEP DIVE!,"Jun 23, 2024",1311,0:00:00
2025-02-27,jjy06inlCuQ,My College Football 25 Gameplay DEEP DIVE!,"Jun 23, 2024",1311,0:00:00
2025-02-28,jjy06inlCuQ,My College Football 25 Gameplay DEEP DIVE!,"Jun 23, 2024",1311,0:00:00
2025-03-01,jjy06inlCuQ,My College Football 25 Gameplay DEEP DIVE!,"Jun 23, 2024",1311,0:00:00
2025-03-02,jjy06inlCuQ,My College Football 25 Gameplay DEEP DIVE!,"Jun 23, 2024",1311,0:00:00
2025-03-03,jjy06inlCuQ,My College Football 25 Gameplay DEEP DIVE!,"Jun 23, 2024",1311,0:00:00
2025-03-04,jjy06inlCuQ,My College Football 25 Gameplay DEEP DIVE!,"Jun 23, 2024",1311,0:00:04
2025-03-05,jjy06inlCuQ,My College Football 25 Gameplay DEEP DIVE!,"Jun 23, 2024",1311,0:21:50
2025-03-06,jjy06inlCuQ,My College Football 25 Gameplay DEEP DIVE!,"Jun 23, 2024",1311,0:00:00
2025-03-07,jjy06inlCuQ,My College Football 25 Gameplay DEEP DIVE!,"Jun 23, 2024",1311,0:00:00
2025-03-08,jjy06inlCuQ,My College Football 25 Gameplay DEEP DIVE!,"Jun 23, 2024",1311,0:00:00
2025-03-09,jjy06inlCuQ,My College Football 25 Gameplay DEEP DIVE!,"Jun 23, 2024",1311,0:01:54
2025-03-10,jjy06inlCuQ,My College Football 25 Gameplay DEEP DIVE!,"Jun 23, 2024",1311,0:00:00
2025-03-11,jjy06inlCuQ,My College Football 25 Gameplay DEEP DIVE!,"Jun 23, 2024",1311,0:00:00
2025-03-12,jjy06inlCuQ,My College Football 25 Gameplay DEEP DIVE!,"Jun 23, 2024",1311,0:00:00
2025-03-13,jjy06inlCuQ,My College Football 25 Gameplay DEEP DIVE!,"Jun 23, 2024",1311,0:00:01
2025-03-14,jjy06inlCuQ,My College Football 25 Gameplay DEEP DIVE!,"Jun 23, 2024",1311,0:00:00
2025-03-15,jjy06inlCuQ,My College Football 25 Gameplay DEEP DIVE!,"Jun 23, 2024",1311,0:00:00
2025-03-16,jjy06inlCuQ,My College Football 25 Gameplay DEEP DIVE!,"Jun 23, 2024",1311,0:01:04
2025-03-17,jjy06inlCuQ,My College Football 25 Gameplay DEEP DIVE!,"Jun 23, 2024",1311,0:00:00
2025-03-18,jjy06inlCuQ,My College Football 25 Gameplay DEEP DIVE!,"Jun 23, 2024",1311,0:00:00
2025-03-19,jjy06inlCuQ,My College Football 25 Gameplay DEEP DIVE!,"Jun 23, 2024",1311,0:00:00
2025-03-20,jjy06inlCuQ,My College Football 25 Gameplay DEEP DIVE!,"Jun 23, 2024",1311,0:00:00
2025-03-21,jjy06inlCuQ,My College Football 25 Gameplay DEEP DIVE!,"Jun 23, 2024",1311,0:00:00
2025-03-22,jjy06inlCuQ,My College Football 25 Gameplay DEEP DIVE!,"Jun 23, 2024",1311,0:00:00
2025-03-23,jjy06inlCuQ,My College Football 25 Gameplay DEEP DIVE!,"Jun 23, 2024",1311,0:00:00
2025-03-24,jjy06inlCuQ,My College Football 25 Gameplay DEEP DIVE!,"Jun 23, 2024",1311,0:00:00
2025-03-25,jjy06inlCuQ,My College Football 25 Gameplay DEEP DIVE!,"Jun 23, 2024",1311,0:00:00
2025-03-26,jjy06inlCuQ,My College Football 25 Gameplay DEEP DIVE!,"Jun 23, 2024",1311,0:00:00
2025-03-27,jjy06inlCuQ,My College Football 25 Gameplay DEEP DIVE!,"Jun 23, 2024",1311,0:11:05
2025-03-28,jjy06inlCuQ,My College Football 25 Gameplay DEEP DIVE!,"Jun 23, 2024",1311,0:01:32
2025-03-29,jjy06inlCuQ,My College Football 25 Gameplay DEEP DIVE!,"Jun 23, 2024",1311,0:10:57
2025-03-30,jjy06inlCuQ,My College Football 25 Gameplay DEEP DIVE!,"Jun 23, 2024",1311,0:00:00
2025-03-31,jjy06inlCuQ,My College Football 25 Gameplay DEEP DIVE!,"Jun 23, 2024",1311,0:21:50
2025-04-01,jjy06inlCuQ,My College Football 25 Gameplay DEEP DIVE!,"Jun 23, 2024",1311,0:00:00
2025-04-02,jjy06inlCuQ,My College Football 25 Gameplay DEEP DIVE!,"Jun 23, 2024",1311,0:00:00
2025-04-03,jjy06inlCuQ,My College Football 25 Gameplay DEEP DIVE!,"Jun 23, 2024",1311,0:03:39
2025-04-04,jjy06inlCuQ,My College Football 25 Gameplay DEEP DIVE!,"Jun 23, 2024",1311,0:00:00
2025-04-05,jjy06inlCuQ,My College Football 25 Gameplay DEEP DIVE!,"Jun 23, 2024",1311,0:00:00
2025-04-06,jjy06inlCuQ,My College Football 25 Gameplay DEEP DIVE!,"Jun 23, 2024",1311,0:00:00
2025-04-07,jjy06inlCuQ,My College Football 25 Gameplay DEEP DIVE!,"Jun 23, 2024",1311,0:00:00
2025-04-08,jjy06inlCuQ,My College Football 25 Gameplay DEEP DIVE!,"Jun 23, 2024",1311,0:00:00
2025-04-09,jjy06inlCuQ,My College Football 25 Gameplay DEEP DIVE!,"Jun 23, 2024",1311,0:00:00
2025-04-10,jjy06inlCuQ,My College Football 25 Gameplay DEEP DIVE!,"Jun 23, 2024",1311,0:00:00
2025-04-11,jjy06inlCuQ,My College Football 25 Gameplay DEEP DIVE!,"Jun 23, 2024",1311,0:00:00
2025-04-12,jjy06inlCuQ,My College Football 25 Gameplay DEEP DIVE!,"Jun 23, 2024",1311,0:00:00
2025-04-13,jjy06inlCuQ,My College Football 25 Gameplay DEEP DIVE!,"Jun 23, 2024",1311,0:21:49
2025-04-14,jjy06inlCuQ,My College Football 25 Gameplay DEEP DIVE!,"Jun 23, 2024",1311,0:00:00
2025-04-15,jjy06inlCuQ,My College Football 25 Gameplay DEEP DIVE!,"Jun 23, 2024",1311,0:00:00
2025-04-16,jjy06inlCuQ,My College Football 25 Gameplay DEEP DIVE!,"Jun 23, 2024",1311,0:21:50
2025-04-17,jjy06inlCuQ,My College Football 25 Gameplay DEEP DIVE!,"Jun 23, 2024",1311,0:00:00
2025-04-18,jjy06inlCuQ,My College Football 25 Gameplay DEEP DIVE!,"Jun 23, 2024",1311,0:00:00
2025-04-19,jjy06inlCuQ,My College Football 25 Gameplay DEEP DIVE!,"Jun 23, 2024",1311,0:00:00
2025-04-20,jjy06inlCuQ,My College Football 25 Gameplay DEEP DIVE!,"Jun 23, 2024",1311,
2025-04-21,jjy06inlCuQ,My College Football 25 Gameplay DEEP DIVE!,"Jun 23, 2024",1311,0:00:00
2025-04-22,jjy06inlCuQ,My College Football 25 Gameplay DEEP DIVE!,"Jun 23, 2024",1311,0:00:00
2025-04-23,jjy06inlCuQ,My College Football 25 Gameplay DEEP DIVE!,"Jun 23, 2024",1311,0:14:24
2025-04-24,jjy06inlCuQ,My College Football 25 Gameplay DEEP DIVE!,"Jun 23, 2024",1311,0:00:00
2025-04-25,jjy06inlCuQ,My College Football 25 Gameplay DEEP DIVE!,"Jun 23, 2024",1311,0:00:00
2025-04-26,jjy06inlCuQ,My College Football 25 Gameplay DEEP DIVE!,"Jun 23, 2024",1311,0:00:00
2025-04-27,jjy06inlCuQ,My College Football 25 Gameplay DEEP DIVE!,"Jun 23, 2024",1311,0:00:00
2025-04-28,jjy06inlCuQ,My College Football 25 Gameplay DEEP DIVE!,"Jun 23, 2024",1311,0:00:00
2025-04-29,jjy06inlCuQ,My College Football 25 Gameplay DEEP DIVE!,"Jun 23, 2024",1311,0:00:00
2025-04-30,jjy06inlCuQ,My College Football 25 Gameplay DEEP DIVE!,"Jun 23, 2024",1311,0:00:00
2025-05-01,jjy06inlCuQ,My College Football 25 Gameplay DEEP DIVE!,"Jun 23, 2024",1311,0:00:00
2025-05-02,jjy06inlCuQ,My College Football 25 Gameplay DEEP DIVE!,"Jun 23, 2024",1311,0:00:00
2025-05-03,jjy06inlCuQ,My College Football 25 Gameplay DEEP DIVE!,"Jun 23, 2024",1311,0:00:00
2025-05-04,jjy06inlCuQ,My College Football 25 Gameplay DEEP DIVE!,"Jun 23, 2024",1311,0:00:34
2025-05-05,jjy06inlCuQ,My College Football 25 Gameplay DEEP DIVE!,"Jun 23, 2024",1311,0:00:31
2025-05-06,jjy06inlCuQ,My College Football 25 Gameplay DEEP DIVE!,"Jun 23, 2024",1311,0:00:00
2025-05-07,jjy06inlCuQ,My College Football 25 Gameplay DEEP DIVE!,"Jun 23, 2024",1311,0:00:00
2025-05-08,jjy06inlCuQ,My College Football 25 Gameplay DEEP DIVE!,"Jun 23, 2024",1311,0:00:00
2025-05-09,jjy06inlCuQ,My College Football 25 Gameplay DEEP DIVE!,"Jun 23, 2024",1311,0:00:06
2025-05-10,jjy06inlCuQ,My College Football 25 Gameplay DEEP DIVE!,"Jun 23, 2024",1311,0:00:00
2025-05-11,jjy06inlCuQ,My College Football 25 Gameplay DEEP DIVE!,"Jun 23, 2024",1311,0:00:00
2025-05-12,jjy06inlCuQ,My College Football 25 Gameplay DEEP DIVE!,"Jun 23, 2024",1311,0:01:51
2025-05-13,jjy06inlCuQ,My College Football 25 Gameplay DEEP DIVE!,"Jun 23, 2024",1311,0:00:00
2025-05-14,jjy06inlCuQ,My College Football 25 Gameplay DEEP DIVE!,"Jun 23, 2024",1311,0:00:00
2025-05-15,jjy06inlCuQ,My College Football 25 Gameplay DEEP DIVE!,"Jun 23, 2024",1311,0:00:02
2025-05-16,jjy06inlCuQ,My College Football 25 Gameplay DEEP DIVE!,"Jun 23, 2024",1311,0:00:00
2025-05-17,jjy06inlCuQ,My College Football 25 Gameplay DEEP DIVE!,"Jun 23, 2024",1311,0:00:00
2025-05-18,jjy06inlCuQ,My College Football 25 Gameplay DEEP DIVE!,"Jun 23, 2024",1311,0:00:00
2025-05-19,jjy06inlCuQ,My College Football 25 Gameplay DEEP DIVE!,"Jun 23, 2024",1311,0:00:00
2025-05-20,jjy06inlCuQ,My College Football 25 Gameplay DEEP DIVE!,"Jun 23, 2024",1311,0:00:00
2025-05-21,jjy06inlCuQ,My College Football 25 Gameplay DEEP DIVE!,"Jun 23, 2024",1311,0:00:00
2025-05-22,jjy06inlCuQ,My College Football 25 Gameplay DEEP DIVE!,"Jun 23, 2024",1311,0:00:00
2025-05-23,jjy06inlCuQ,My College Football 25 Gameplay DEEP DIVE!,"Jun 23, 2024",1311,0:21:50
2025-05-24,jjy06inlCuQ,My College Football 25 Gameplay DEEP DIVE!,"Jun 23, 2024",1311,0:00:00
2025-05-25,jjy06inlCuQ,My College Football 25 Gameplay DEEP DIVE!,"Jun 23, 2024",1311,0:00:00
2025-05-26,jjy06inlCuQ,My College Football 25 Gameplay DEEP DIVE!,"Jun 23, 2024",1311,0:00:15
2025-05-27,jjy06inlCuQ,My College Football 25 Gameplay DEEP DIVE!,"Jun 23, 2024",1311,0:00:00
2025-05-28,jjy06inlCuQ,My College Football 25 Gameplay DEEP DIVE!,"Jun 23, 2024",1311,0:00:00
2025-05-29,jjy06inlCuQ,My College Football 25 Gameplay DEEP DIVE!,"Jun 23, 2024",1311,0:00:00
2025-05-30,jjy06inlCuQ,My College Football 25 Gameplay DEEP DIVE!,"Jun 23, 2024",1311,0:00:00
2025-05-31,jjy06inlCuQ,My College Football 25 Gameplay DEEP DIVE!,"Jun 23, 2024",1311,0:00:00
2025-06-01,jjy06inlCuQ,My College Football 25 Gameplay DEEP DIVE!,"Jun 23, 2024",1311,0:00:00
2025-06-02,jjy06inlCuQ,My College Football 25 Gameplay DEEP DIVE!,"Jun 23, 2024",1311,0:00:00
2025-06-03,jjy06inlCuQ,My College Football 25 Gameplay DEEP DIVE!,"Jun 23, 2024",1311,0:00:00
2025-06-04,jjy06inlCuQ,My College Football 25 Gameplay DEEP DIVE!,"Jun 23, 2024",1311,0:00:00
2025-06-05,jjy06inlCuQ,My College Football 25 Gameplay DEEP DIVE!,"Jun 23, 2024",1311,
2025-06-06,jjy06inlCuQ,My College Football 25 Gameplay DEEP DIVE!,"Jun 23, 2024",1311,0:00:00
2025-06-07,jjy06inlCuQ,My College Football 25 Gameplay DEEP DIVE!,"Jun 23, 2024",1311,0:00:00
2025-06-08,jjy06inlCuQ,My College Football 25 Gameplay DEEP DIVE!,"Jun 23, 2024",1311,0:00:00
2025-06-09,jjy06inlCuQ,My College Football 25 Gameplay DEEP DIVE!,"Jun 23, 2024",1311,0:00:00
2025-06-10,jjy06inlCuQ,My College Football 25 Gameplay DEEP DIVE!,"Jun 23, 2024",1311,0:00:00
2025-06-11,jjy06inlCuQ,My College Football 25 Gameplay DEEP DIVE!,"Jun 23, 2024",1311,0:00:00
2025-06-12,jjy06inlCuQ,My College Football 25 Gameplay DEEP DIVE!,"Jun 23, 2024",1311,0:00:00
2025-06-13,jjy06inlCuQ,My College Football 25 Gameplay DEEP DIVE!,"Jun 23, 2024",1311,0:00:00
2025-06-14,jjy06inlCuQ,My College Football 25 Gameplay DEEP DIVE!,"Jun 23, 2024",1311,0:00:00
2025-06-15,jjy06inlCuQ,My College Football 25 Gameplay DEEP DIVE!,"Jun 23, 2024",1311,0:21:50
2025-06-16,jjy06inlCuQ,My College Football 25 Gameplay DEEP DIVE!,"Jun 23, 2024",1311,0:00:00
2025-06-17,jjy06inlCuQ,My College Football 25 Gameplay DEEP DIVE!,"Jun 23, 2024",1311,0:00:00
2025-06-18,jjy06inlCuQ,My College Football 25 Gameplay DEEP DIVE!,"Jun 23, 2024",1311,0:00:00
2025-06-19,jjy06inlCuQ,My College Football 25 Gameplay DEEP DIVE!,"Jun 23, 2024",1311,0:00:00
2025-06-20,jjy06inlCuQ,My College Football 25 Gameplay DEEP DIVE!,"Jun 23, 2024",1311,0:00:00
2025-06-21,jjy06inlCuQ,My College Football 25 Gameplay DEEP DIVE!,"Jun 23, 2024",1311,0:00:00
2025-06-22,jjy06inlCuQ,My College Football 25 Gameplay DEEP DIVE!,"Jun 23, 2024",1311,0:00:00
2025-06-23,jjy06inlCuQ,My College Football 25 Gameplay DEEP DIVE!,"Jun 23, 2024",1311,0:00:00
2025-06-24,jjy06inlCuQ,My College Football 25 Gameplay DEEP DIVE!,"Jun 23, 2024",1311,0:00:00
2025-06-25,jjy06inlCuQ,My College Football 25 Gameplay DEEP DIVE!,"Jun 23, 2024",1311,0:00:00
2025-06-26,jjy06inlCuQ,My College Football 25 Gameplay DEEP DIVE!,"Jun 23, 2024",1311,0:00:00
2025-06-27,jjy06inlCuQ,My College Football 25 Gameplay DEEP DIVE!,"Jun 23, 2024",1311,0:00:00
2025-06-28,jjy06inlCuQ,My College Football 25 Gameplay DEEP DIVE!,"Jun 23, 2024",1311,0:00:00
2025-06-29,jjy06inlCuQ,My College Football 25 Gameplay DEEP DIVE!,"Jun 23, 2024",1311,0:00:00
2025-06-30,jjy06inlCuQ,My College Football 25 Gameplay DEEP DIVE!,"Jun 23, 2024",1311,0:00:00
2025-07-01,jjy06inlCuQ,My College Football 25 Gameplay DEEP DIVE!,"Jun 23, 2024",1311,0:00:00
2025-07-02,jjy06inlCuQ,My College Football 25 Gameplay DEEP DIVE!,"Jun 23, 2024",1311,0:00:00
2025-07-03,jjy06inlCuQ,My College Football 25 Gameplay DEEP DIVE!,"Jun 23, 2024",1311,0:00:00
2025-07-04,jjy06inlCuQ,My College Football 25 Gameplay DEEP DIVE!,"Jun 23, 2024",1311,0:00:00
2025-07-05,jjy06inlCuQ,My College Football 25 Gameplay DEEP DIVE!,"Jun 23, 2024",1311,0:00:00
2025-07-06,jjy06inlCuQ,My College Football 25 Gameplay DEEP DIVE!,"Jun 23, 2024",1311,0:00:00
2025-07-07,jjy06inlCuQ,My College Football 25 Gameplay DEEP DIVE!,"Jun 23, 2024",1311,0:00:00
2025-07-08,jjy06inlCuQ,My College Football 25 Gameplay DEEP DIVE!,"Jun 23, 2024",1311,0:00:00
2025-07-09,jjy06inlCuQ,My College Football 25 Gameplay DEEP DIVE!,"Jun 23, 2024",1311,0:00:00
2025-07-10,jjy06inlCuQ,My College Football 25 Gameplay DEEP DIVE!,"Jun 23, 2024",1311,0:00:00
2025-07-11,jjy06inlCuQ,My College Football 25 Gameplay DEEP DIVE!,"Jun 23, 2024",1311,0:00:00
2025-07-12,jjy06inlCuQ,My College Football 25 Gameplay DEEP DIVE!,"Jun 23, 2024",1311,0:00:00
2025-07-13,jjy06inlCuQ,My College Football 25 Gameplay DEEP DIVE!,"Jun 23, 2024",1311,0:00:00
2025-07-14,jjy06inlCuQ,My College Football 25 Gameplay DEEP DIVE!,"Jun 23, 2024",1311,0:00:00
2025-07-15,jjy06inlCuQ,My College Football 25 Gameplay DEEP DIVE!,"Jun 23, 2024",1311,0:00:00
2025-07-16,jjy06inlCuQ,My College Football 25 Gameplay DEEP DIVE!,"Jun 23, 2024",1311,0:00:00
2025-07-17,jjy06inlCuQ,My College Football 25 Gameplay DEEP DIVE!,"Jun 23, 2024",1311,0:00:00
2025-07-18,jjy06inlCuQ,My College Football 25 Gameplay DEEP DIVE!,"Jun 23, 2024",1311,0:00:00
2025-07-19,jjy06inlCuQ,My College Football 25 Gameplay DEEP DIVE!,"Jun 23, 2024",1311,0:00:00
2025-07-20,jjy06inlCuQ,My College Football 25 Gameplay DEEP DIVE!,"Jun 23, 2024",1311,0:00:00
2025-07-21,jjy06inlCuQ,My College Football 25 Gameplay DEEP DIVE!,"Jun 23, 2024",1311,0:00:00
2025-07-22,jjy06inlCuQ,My College Football 25 Gameplay DEEP DIVE!,"Jun 23, 2024",1311,0:00:00
2025-07-23,jjy06inlCuQ,My College Football 25 Gameplay DEEP DIVE!,"Jun 23, 2024",1311,0:00:00
2025-07-24,jjy06inlCuQ,My College Football 25 Gameplay DEEP DIVE!,"Jun 23, 2024",1311,0:00:00
2025-07-25,jjy06inlCuQ,My College Football 25 Gameplay DEEP DIVE!,"Jun 23, 2024",1311,0:00:00
2025-07-26,jjy06inlCuQ,My College Football 25 Gameplay DEEP DIVE!,"Jun 23, 2024",1311,0:00:00
2025-07-27,jjy06inlCuQ,My College Football 25 Gameplay DEEP DIVE!,"Jun 23, 2024",1311,0:00:00
2025-07-28,jjy06inlCuQ,My College Football 25 Gameplay DEEP DIVE!,"Jun 23, 2024",1311,0:00:00
2025-07-29,jjy06inlCuQ,My College Football 25 Gameplay DEEP DIVE!,"Jun 23, 2024",1311,0:00:00
2025-07-30,jjy06inlCuQ,My College Football 25 Gameplay DEEP DIVE!,"Jun 23, 2024",1311,0:00:00
2025-07-31,jjy06inlCuQ,My College Football 25 Gameplay DEEP DIVE!,"Jun 23, 2024",1311,0:00:00
2025-08-01,jjy06inlCuQ,My College Football 25 Gameplay DEEP DIVE!,"Jun 23, 2024",1311,0:00:00
2025-08-02,jjy06inlCuQ,My College Football 25 Gameplay DEEP DIVE!,"Jun 23, 2024",1311,0:00:00
2025-08-03,jjy06inlCuQ,My College Football 25 Gameplay DEEP DIVE!,"Jun 23, 2024",1311,0:00:00
2025-08-04,jjy06inlCuQ,My College Football 25 Gameplay DEEP DIVE!,"Jun 23, 2024",1311,0:00:00
2025-08-05,jjy06inlCuQ,My College Football 25 Gameplay DEEP DIVE!,"Jun 23, 2024",1311,0:00:00
2025-08-06,jjy06inlCuQ,My College Football 25 Gameplay DEEP DIVE!,"Jun 23, 2024",1311,0:00:00
2025-08-07,jjy06inlCuQ,My College Football 25 Gameplay DEEP DIVE!,"Jun 23, 2024",1311,0:00:00
2025-08-08,jjy06inlCuQ,My College Football 25 Gameplay DEEP DIVE!,"Jun 23, 2024",1311,
2025-08-09,jjy06inlCuQ,My College Football 25 Gameplay DEEP DIVE!,"Jun 23, 2024",1311,0:00:10
2025-08-10,jjy06inlCuQ,My College Football 25 Gameplay DEEP DIVE!,"Jun 23, 2024",1311,0:00:00
2025-08-11,jjy06inlCuQ,My College Football 25 Gameplay DEEP DIVE!,"Jun 23, 2024",1311,0:00:00
2025-08-12,jjy06inlCuQ,My College Football 25 Gameplay DEEP DIVE!,"Jun 23, 2024",1311,0:00:00
2025-08-13,jjy06inlCuQ,My College Football 25 Gameplay DEEP DIVE!,"Jun 23, 2024",1311,0:00:00
2025-08-14,jjy06inlCuQ,My College Football 25 Gameplay DEEP DIVE!,"Jun 23, 2024",1311,0:00:00
2025-08-15,jjy06inlCuQ,My College Football 25 Gameplay DEEP DIVE!,"Jun 23, 2024",1311,0:00:00
2025-08-16,jjy06inlCuQ,My College Football 25 Gameplay DEEP DIVE!,"Jun 23, 2024",1311,0:00:00
2025-08-17,jjy06inlCuQ,My College Football 25 Gameplay DEEP DIVE!,"Jun 23, 2024",1311,0:00:00
2025-08-18,jjy06inlCuQ,My College Football 25 Gameplay DEEP DIVE!,"Jun 23, 2024",1311,0:00:00
2025-08-19,jjy06inlCuQ,My College Football 25 Gameplay DEEP DIVE!,"Jun 23, 2024",1311,0:00:00
2025-08-20,jjy06inlCuQ,My College Football 25 Gameplay DEEP DIVE!,"Jun 23, 2024",1311,0:00:00
2025-08-21,jjy06inlCuQ,My College Football 25 Gameplay DEEP DIVE!,"Jun 23, 2024",1311,0:00:00
2025-08-22,jjy06inlCuQ,My College Football 25 Gameplay DEEP DIVE!,"Jun 23, 2024",1311,0:00:00
2025-08-23,jjy06inlCuQ,My College Football 25 Gameplay DEEP DIVE!,"Jun 23, 2024",1311,0:00:00
2025-08-24,jjy06inlCuQ,My College Football 25 Gameplay DEEP DIVE!,"Jun 23, 2024",1311,0:00:00
2025-08-25,jjy06inlCuQ,My College Football 25 Gameplay DEEP DIVE!,"Jun 23, 2024",1311,0:00:00
2025-08-26,jjy06inlCuQ,My College Football 25 Gameplay DEEP DIVE!,"Jun 23, 2024",1311,0:00:00
2025-08-27,jjy06inlCuQ,My College Football 25 Gameplay DEEP DIVE!,"Jun 23, 2024",1311,0:00:00
2025-08-28,jjy06inlCuQ,My College Football 25 Gameplay DEEP DIVE!,"Jun 23, 2024",1311,0:00:00
2025-08-29,jjy06inlCuQ,My College Football 25 Gameplay DEEP DIVE!,"Jun 23, 2024",1311,0:00:00
2025-08-30,jjy06inlCuQ,My College Football 25 Gameplay DEEP DIVE!,"Jun 23, 2024",1311,0:00:00
2025-08-31,jjy06inlCuQ,My College Football 25 Gameplay DEEP DIVE!,"Jun 23, 2024",1311,0:00:00
2025-09-01,jjy06inlCuQ,My College Football 25 Gameplay DEEP DIVE!,"Jun 23, 2024",1311,0:00:00
2025-09-02,jjy06inlCuQ,My College Football 25 Gameplay DEEP DIVE!,"Jun 23, 2024",1311,0:00:00
2025-09-03,jjy06inlCuQ,My College Football 25 Gameplay DEEP DIVE!,"Jun 23, 2024",1311,0:00:00
2025-09-04,jjy06inlCuQ,My College Football 25 Gameplay DEEP DIVE!,"Jun 23, 2024",1311,0:00:00
2025-09-05,jjy06inlCuQ,My College Football 25 Gameplay DEEP DIVE!,"Jun 23, 2024",1311,0:00:00
2025-09-06,jjy06inlCuQ,My College Football 25 Gameplay DEEP DIVE!,"Jun 23, 2024",1311,0:00:00
2025-09-07,jjy06inlCuQ,My College Football 25 Gameplay DEEP DIVE!,"Jun 23, 2024",1311,0:00:00
2025-09-08,jjy06inlCuQ,My College Football 25 Gameplay DEEP DIVE!,"Jun 23, 2024",1311,0:00:00
2025-09-09,jjy06inlCuQ,My College Football 25 Gameplay DEEP DIVE!,"Jun 23, 2024",1311,0:00:00
2025-09-10,jjy06inlCuQ,My College Football 25 Gameplay DEEP DIVE!,"Jun 23, 2024",1311,0:00:00
2025-09-11,jjy06inlCuQ,My College Football 25 Gameplay DEEP DIVE!,"Jun 23, 2024",1311,0:00:00
2025-09-12,jjy06inlCuQ,My College Football 25 Gameplay DEEP DIVE!,"Jun 23, 2024",1311,0:00:00
2025-09-13,jjy06inlCuQ,My College Football 25 Gameplay DEEP DIVE!,"Jun 23, 2024",1311,0:00:00
2025-09-14,jjy06inlCuQ,My College Football 25 Gameplay DEEP DIVE!,"Jun 23, 2024",1311,0:00:00
2025-09-15,jjy06inlCuQ,My College Football 25 Gameplay DEEP DIVE!,"Jun 23, 2024",1311,0:00:00
2025-09-16,jjy06inlCuQ,My College Football 25 Gameplay DEEP DIVE!,"Jun 23, 2024",1311,0:00:00
2025-09-17,jjy06inlCuQ,My College Football 25 Gameplay DEEP DIVE!,"Jun 23, 2024",1311,0:00:00
2025-09-18,jjy06inlCuQ,My College Football 25 Gameplay DEEP DIVE!,"Jun 23, 2024",1311,0:00:00
2025-09-19,jjy06inlCuQ,My College Football 25 Gameplay DEEP DIVE!,"Jun 23, 2024",1311,0:00:00
2025-09-20,jjy06inlCuQ,My College Football 25 Gameplay DEEP DIVE!,"Jun 23, 2024",1311,0:00:00
2025-09-21,jjy06inlCuQ,My College Football 25 Gameplay DEEP DIVE!,"Jun 23, 2024",1311,0:00:00
2025-09-22,jjy06inlCuQ,My College Football 25 Gameplay DEEP DIVE!,"Jun 23, 2024",1311,0:00:00
2025-09-23,jjy06inlCuQ,My College Football 25 Gameplay DEEP DIVE!,"Jun 23, 2024",1311,0:00:00
2025-09-24,jjy06inlCuQ,My College Football 25 Gameplay DEEP DIVE!,"Jun 23, 2024",1311,0:00:00
2025-09-25,jjy06inlCuQ,My College Football 25 Gameplay DEEP DIVE!,"Jun 23, 2024",1311,0:00:00
2025-09-26,jjy06inlCuQ,My College Football 25 Gameplay DEEP DIVE!,"Jun 23, 2024",1311,0:00:00
2025-09-27,jjy06inlCuQ,My College Football 25 Gameplay DEEP DIVE!,"Jun 23, 2024",1311,0:00:00
2025-09-28,jjy06inlCuQ,My College Football 25 Gameplay DEEP DIVE!,"Jun 23, 2024",1311,0:00:00
2025-09-29,jjy06inlCuQ,My College Football 25 Gameplay DEEP DIVE!,"Jun 23, 2024",1311,0:00:00
2025-09-30,jjy06inlCuQ,My College Football 25 Gameplay DEEP DIVE!,"Jun 23, 2024",1311,0:00:00
2025-10-01,jjy06inlCuQ,My College Football 25 Gameplay DEEP DIVE!,"Jun 23, 2024",1311,0:00:00
2025-10-02,jjy06inlCuQ,My College Football 25 Gameplay DEEP DIVE!,"Jun 23, 2024",1311,0:00:00
2025-10-03,jjy06inlCuQ,My College Football 25 Gameplay DEEP DIVE!,"Jun 23, 2024",1311,0:00:00
2025-10-04,jjy06inlCuQ,My College Football 25 Gameplay DEEP DIVE!,"Jun 23, 2024",1311,0:00:00
2025-10-05,jjy06inlCuQ,My College Football 25 Gameplay DEEP DIVE!,"Jun 23, 2024",1311,0:00:00
2025-10-06,jjy06inlCuQ,My College Football 25 Gameplay DEEP DIVE!,"Jun 23, 2024",1311,
2025-10-07,jjy06inlCuQ,My College Football 25 Gameplay DEEP DIVE!,"Jun 23, 2024",1311,0:00:00
2025-10-08,jjy06inlCuQ,My College Football 25 Gameplay DEEP DIVE!,"Jun 23, 2024",1311,0:00:00
2025-10-09,jjy06inlCuQ,My College Football 25 Gameplay DEEP DIVE!,"Jun 23, 2024",1311,0:00:00
2025-10-10,jjy06inlCuQ,My College Football 25 Gameplay DEEP DIVE!,"Jun 23, 2024",1311,0:00:00
2025-10-11,jjy06inlCuQ,My College Football 25 Gameplay DEEP DIVE!,"Jun 23, 2024",1311,0:00:00
2025-10-12,jjy06inlCuQ,My College Football 25 Gameplay DEEP DIVE!,"Jun 23, 2024",1311,0:00:00
2025-10-13,jjy06inlCuQ,My College Football 25 Gameplay DEEP DIVE!,"Jun 23, 2024",1311,0:00:00
2025-10-14,jjy06inlCuQ,My College Football 25 Gameplay DEEP DIVE!,"Jun 23, 2024",1311,0:00:00
2025-10-15,jjy06inlCuQ,My College Football 25 Gameplay DEEP DIVE!,"Jun 23, 2024",1311,0:00:00
2025-10-16,jjy06inlCuQ,My College Football 25 Gameplay DEEP DIVE!,"Jun 23, 2024",1311,0:00:00
2025-10-17,jjy06inlCuQ,My College Football 25 Gameplay DEEP DIVE!,"Jun 23, 2024",1311,0:00:00
2025-10-18,jjy06inlCuQ,My College Football 25 Gameplay DEEP DIVE!,"Jun 23, 2024",1311,0:00:00
2025-10-19,jjy06inlCuQ,My College Football 25 Gameplay DEEP DIVE!,"Jun 23, 2024",1311,0:00:00
2025-10-20,jjy06inlCuQ,My College Football 25 Gameplay DEEP DIVE!,"Jun 23, 2024",1311,0:00:00
2025-10-21,jjy06inlCuQ,My College Football 25 Gameplay DEEP DIVE!,"Jun 23, 2024",1311,0:00:00
2025-10-22,jjy06inlCuQ,My College Football 25 Gameplay DEEP DIVE!,"Jun 23, 2024",1311,0:00:00
2025-10-23,jjy06inlCuQ,My College Football 25 Gameplay DEEP DIVE!,"Jun 23, 2024",1311,0:00:00
2025-10-24,jjy06inlCuQ,My College Football 25 Gameplay DEEP DIVE!,"Jun 23, 2024",1311,0:00:00
2025-10-25,jjy06inlCuQ,My College Football 25 Gameplay DEEP DIVE!,"Jun 23, 2024",1311,0:00:00
2025-10-26,jjy06inlCuQ,My College Football 25 Gameplay DEEP DIVE!,"Jun 23, 2024",1311,0:00:00
2025-10-27,jjy06inlCuQ,My College Football 25 Gameplay DEEP DIVE!,"Jun 23, 2024",1311,0:00:00
2025-10-28,jjy06inlCuQ,My College Football 25 Gameplay DEEP DIVE!,"Jun 23, 2024",1311,0:00:00
2025-10-29,jjy06inlCuQ,My College Football 25 Gameplay DEEP DIVE!,"Jun 23, 2024",1311,0:00:00
2025-10-30,jjy06inlCuQ,My College Football 25 Gameplay DEEP DIVE!,"Jun 23, 2024",1311,0:00:00
2025-10-31,jjy06inlCuQ,My College Football 25 Gameplay DEEP DIVE!,"Jun 23, 2024",1311,0:00:00
2025-11-01,jjy06inlCuQ,My College Football 25 Gameplay DEEP DIVE!,"Jun 23, 2024",1311,0:00:00
2025-11-02,jjy06inlCuQ,My College Football 25 Gameplay DEEP DIVE!,"Jun 23, 2024",1311,0:00:00
2025-11-03,jjy06inlCuQ,My College Football 25 Gameplay DEEP DIVE!,"Jun 23, 2024",1311,0:00:00
2025-11-04,jjy06inlCuQ,My College Football 25 Gameplay DEEP DIVE!,"Jun 23, 2024",1311,0:00:00
2025-11-05,jjy06inlCuQ,My College Football 25 Gameplay DEEP DIVE!,"Jun 23, 2024",1311,0:00:00
2025-11-06,jjy06inlCuQ,My College Football 25 Gameplay DEEP DIVE!,"Jun 23, 2024",1311,0:00:00
2025-11-07,jjy06inlCuQ,My College Football 25 Gameplay DEEP DIVE!,"Jun 23, 2024",1311,0:00:00
2025-11-08,jjy06inlCuQ,My College Football 25 Gameplay DEEP DIVE!,"Jun 23, 2024",1311,0:00:00
2025-11-09,jjy06inlCuQ,My College Football 25 Gameplay DEEP DIVE!,"Jun 23, 2024",1311,0:00:00
2025-11-10,jjy06inlCuQ,My College Football 25 Gameplay DEEP DIVE!,"Jun 23, 2024",1311,0:00:00
2025-11-11,jjy06inlCuQ,My College Football 25 Gameplay DEEP DIVE!,"Jun 23, 2024",1311,0:00:00
2025-11-12,jjy06inlCuQ,My College Football 25 Gameplay DEEP DIVE!,"Jun 23, 2024",1311,0:00:00
2025-11-13,jjy06inlCuQ,My College Football 25 Gameplay DEEP DIVE!,"Jun 23, 2024",1311,0:00:00
2025-11-14,jjy06inlCuQ,My College Football 25 Gameplay DEEP DIVE!,"Jun 23, 2024",1311,0:00:00
2025-11-15,jjy06inlCuQ,My College Football 25 Gameplay DEEP DIVE!,"Jun 23, 2024",1311,0:00:00
2025-11-16,jjy06inlCuQ,My College Football 25 Gameplay DEEP DIVE!,"Jun 23, 2024",1311,0:00:00
2025-11-17,jjy06inlCuQ,My College Football 25 Gameplay DEEP DIVE!,"Jun 23, 2024",1311,0:00:00
2025-11-18,jjy06inlCuQ,My College Football 25 Gameplay DEEP DIVE!,"Jun 23, 2024",1311,0:00:00
2025-11-19,jjy06inlCuQ,My College Football 25 Gameplay DEEP DIVE!,"Jun 23, 2024",1311,0:00:00
2025-11-20,jjy06inlCuQ,My College Football 25 Gameplay DEEP DIVE!,"Jun 23, 2024",1311,0:00:00
2025-11-21,jjy06inlCuQ,My College Football 25 Gameplay DEEP DIVE!,"Jun 23, 2024",1311,0:00:00
2025-11-22,jjy06inlCuQ,My College Football 25 Gameplay DEEP DIVE!,"Jun 23, 2024",1311,0:00:00
2025-11-23,jjy06inlCuQ,My College Football 25 Gameplay DEEP DIVE!,"Jun 23, 2024",1311,0:00:00
2025-11-24,jjy06inlCuQ,My College Football 25 Gameplay DEEP DIVE!,"Jun 23, 2024",1311,0:00:00
2025-11-25,jjy06inlCuQ,My College Football 25 Gameplay DEEP DIVE!,"Jun 23, 2024",1311,0:00:00
2025-11-26,jjy06inlCuQ,My College Football 25 Gameplay DEEP DIVE!,"Jun 23, 2024",1311,0:00:00
2025-11-27,jjy06inlCuQ,My College Football 25 Gameplay DEEP DIVE!,"Jun 23, 2024",1311,0:00:00
2025-11-28,jjy06inlCuQ,My College Football 25 Gameplay DEEP DIVE!,"Jun 23, 2024",1311,0:00:00
2025-11-29,jjy06inlCuQ,My College Football 25 Gameplay DEEP DIVE!,"Jun 23, 2024",1311,0:00:00
2025-11-30,jjy06inlCuQ,My College Football 25 Gameplay DEEP DIVE!,"Jun 23, 2024",1311,0:00:00
2025-12-01,jjy06inlCuQ,My College Football 25 Gameplay DEEP DIVE!,"Jun 23, 2024",1311,0:00:00
2025-12-02,jjy06inlCuQ,My College Football 25 Gameplay DEEP DIVE!,"Jun 23, 2024",1311,0:00:00
2025-12-03,jjy06inlCuQ,My College Football 25 Gameplay DEEP DIVE!,"Jun 23, 2024",1311,0:00:00
2025-12-04,jjy06inlCuQ,My College Football 25 Gameplay DEEP DIVE!,"Jun 23, 2024",1311,0:00:00
2025-12-05,jjy06inlCuQ,My College Football 25 Gameplay DEEP DIVE!,"Jun 23, 2024",1311,0:00:00
2025-12-06,jjy06inlCuQ,My College Football 25 Gameplay DEEP DIVE!,"Jun 23, 2024",1311,0:00:00
2025-12-07,jjy06inlCuQ,My College Football 25 Gameplay DEEP DIVE!,"Jun 23, 2024",1311,0:00:00
2025-12-08,jjy06inlCuQ,My College Football 25 Gameplay DEEP DIVE!,"Jun 23, 2024",1311,0:00:00
2025-12-09,jjy06inlCuQ,My College Football 25 Gameplay DEEP DIVE!,"Jun 23, 2024",1311,0:00:00
2025-12-10,jjy06inlCuQ,My College Football 25 Gameplay DEEP DIVE!,"Jun 23, 2024",1311,0:00:00
2025-12-11,jjy06inlCuQ,My College Football 25 Gameplay DEEP DIVE!,"Jun 23, 2024",1311,0:00:00
2025-12-12,jjy06inlCuQ,My College Football 25 Gameplay DEEP DIVE!,"Jun 23, 2024",1311,0:00:00
2025-12-13,jjy06inlCuQ,My College Football 25 Gameplay DEEP DIVE!,"Jun 23, 2024",1311,0:00:00
2025-12-14,jjy06inlCuQ,My College Football 25 Gameplay DEEP DIVE!,"Jun 23, 2024",1311,0:00:00
2025-12-15,jjy06inlCuQ,My College Football 25 Gameplay DEEP DIVE!,"Jun 23, 2024",1311,0:00:00
2025-12-16,jjy06inlCuQ,My College Football 25 Gameplay DEEP DIVE!,"Jun 23, 2024",1311,0:00:00
2025-12-17,jjy06inlCuQ,My College Football 25 Gameplay DEEP DIVE!,"Jun 23, 2024",1311,0:00:00
2025-12-18,jjy06inlCuQ,My College Football 25 Gameplay DEEP DIVE!,"Jun 23, 2024",1311,0:00:00
2025-12-19,jjy06inlCuQ,My College Football 25 Gameplay DEEP DIVE!,"Jun 23, 2024",1311,0:00:00
2025-12-20,jjy06inlCuQ,My College Football 25 Gameplay DEEP DIVE!,"Jun 23, 2024",1311,
2025-12-21,jjy06inlCuQ,My College Football 25 Gameplay DEEP DIVE!,"Jun 23, 2024",1311,0:00:00
2025-12-22,jjy06inlCuQ,My College Football 25 Gameplay DEEP DIVE!,"Jun 23, 2024",1311,0:00:00
2025-12-23,jjy06inlCuQ,My College Football 25 Gameplay DEEP DIVE!,"Jun 23, 2024",1311,0:00:00
2025-12-24,jjy06inlCuQ,My College Football 25 Gameplay DEEP DIVE!,"Jun 23, 2024",1311,0:00:00
2025-12-25,jjy06inlCuQ,My College Football 25 Gameplay DEEP DIVE!,"Jun 23, 2024",1311,0:00:00
2025-12-26,jjy06inlCuQ,My College Football 25 Gameplay DEEP DIVE!,"Jun 23, 2024",1311,0:00:00
2025-12-27,jjy06inlCuQ,My College Football 25 Gameplay DEEP DIVE!,"Jun 23, 2024",1311,0:00:00
2025-12-28,jjy06inlCuQ,My College Football 25 Gameplay DEEP DIVE!,"Jun 23, 2024",1311,0:00:00
2025-12-29,jjy06inlCuQ,My College Football 25 Gameplay DEEP DIVE!,"Jun 23, 2024",1311,0:00:00
2025-12-30,jjy06inlCuQ,My College Football 25 Gameplay DEEP DIVE!,"Jun 23, 2024",1311,0:00:00
2025-12-31,jjy06inlCuQ,My College Football 25 Gameplay DEEP DIVE!,"Jun 23, 2024",1311,0:00:00
2026-01-01,jjy06inlCuQ,My College Football 25 Gameplay DEEP DIVE!,"Jun 23, 2024",1311,0:00:00
2026-01-02,jjy06inlCuQ,My College Football 25 Gameplay DEEP DIVE!,"Jun 23, 2024",1311,0:00:00
2026-01-03,jjy06inlCuQ,My College Football 25 Gameplay DEEP DIVE!,"Jun 23, 2024",1311,0:00:00
2026-01-04,jjy06inlCuQ,My College Football 25 Gameplay DEEP DIVE!,"Jun 23, 2024",1311,0:00:00
2026-01-05,jjy06inlCuQ,My College Football 25 Gameplay DEEP DIVE!,"Jun 23, 2024",1311,0:00:00
2026-01-06,jjy06inlCuQ,My College Football 25 Gameplay DEEP DIVE!,"Jun 23, 2024",1311,0:00:00
2026-01-07,jjy06inlCuQ,My College Football 25 Gameplay DEEP DIVE!,"Jun 23, 2024",1311,0:00:00
2026-01-08,jjy06inlCuQ,My College Football 25 Gameplay DEEP DIVE!,"Jun 23, 2024",1311,0:00:00
2026-01-09,jjy06inlCuQ,My College Football 25 Gameplay DEEP DIVE!,"Jun 23, 2024",1311,0:00:00
2026-01-10,jjy06inlCuQ,My College Football 25 Gameplay DEEP DIVE!,"Jun 23, 2024",1311,0:00:00
2026-01-11,jjy06inlCuQ,My College Football 25 Gameplay DEEP DIVE!,"Jun 23, 2024",1311,0:00:00
2026-01-12,jjy06inlCuQ,My College Football 25 Gameplay DEEP DIVE!,"Jun 23, 2024",1311,0:00:00
2026-01-13,jjy06inlCuQ,My College Football 25 Gameplay DEEP DIVE!,"Jun 23, 2024",1311,0:00:00
2026-01-14,jjy06inlCuQ,My College Football 25 Gameplay DEEP DIVE!,"Jun 23, 2024",1311,0:00:00
2026-01-15,jjy06inlCuQ,My College Football 25 Gameplay DEEP DIVE!,"Jun 23, 2024",1311,0:00:00
2026-01-16,jjy06inlCuQ,My College Football 25 Gameplay DEEP DIVE!,"Jun 23, 2024",1311,0:00:00
2026-01-17,jjy06inlCuQ,My College Football 25 Gameplay DEEP DIVE!,"Jun 23, 2024",1311,0:00:00
2026-01-18,jjy06inlCuQ,My College Football 25 Gameplay DEEP DIVE!,"Jun 23, 2024",1311,0:00:00
2026-01-19,jjy06inlCuQ,My College Football 25 Gameplay DEEP DIVE!,"Jun 23, 2024",1311,0:00:00
2026-01-20,jjy06inlCuQ,My College Football 25 Gameplay DEEP DIVE!,"Jun 23, 2024",1311,0:00:00
2026-01-21,jjy06inlCuQ,My College Football 25 Gameplay DEEP DIVE!,"Jun 23, 2024",1311,0:00:00
2026-01-22,jjy06inlCuQ,My College Football 25 Gameplay DEEP DIVE!,"Jun 23, 2024",1311,0:00:00
2026-01-23,jjy06inlCuQ,My College Football 25 Gameplay DEEP DIVE!,"Jun 23, 2024",1311,0:00:00
2026-01-24,jjy06inlCuQ,My College Football 25 Gameplay DEEP DIVE!,"Jun 23, 2024",1311,0:00:00
2026-01-25,jjy06inlCuQ,My College Football 25 Gameplay DEEP DIVE!,"Jun 23, 2024",1311,0:00:00
2026-01-26,jjy06inlCuQ,My College Football 25 Gameplay DEEP DIVE!,"Jun 23, 2024",1311,0:00:00
2026-01-27,jjy06inlCuQ,My College Football 25 Gameplay DEEP DIVE!,"Jun 23, 2024",1311,0:00:00
2026-01-28,jjy06inlCuQ,My College Football 25 Gameplay DEEP DIVE!,"Jun 23, 2024",1311,0:00:00
2026-01-29,jjy06inlCuQ,My College Football 25 Gameplay DEEP DIVE!,"Jun 23, 2024",1311,0:00:00
2026-01-30,jjy06inlCuQ,My College Football 25 Gameplay DEEP DIVE!,"Jun 23, 2024",1311,0:00:00
2026-01-31,jjy06inlCuQ,My College Football 25 Gameplay DEEP DIVE!,"Jun 23, 2024",1311,0:00:00
2026-02-01,jjy06inlCuQ,My College Football 25 Gameplay DEEP DIVE!,"Jun 23, 2024",1311,0:00:00
2026-02-02,jjy06inlCuQ,My College Football 25 Gameplay DEEP DIVE!,"Jun 23, 2024",1311,0:00:00
2026-02-03,jjy06inlCuQ,My College Football 25 Gameplay DEEP DIVE!,"Jun 23, 2024",1311,0:00:00
2026-02-04,jjy06inlCuQ,My College Football 25 Gameplay DEEP DIVE!,"Jun 23, 2024",1311,0:00:00
2026-02-05,jjy06inlCuQ,My College Football 25 Gameplay DEEP DIVE!,"Jun 23, 2024",1311,0:00:39
2026-02-06,jjy06inlCuQ,My College Football 25 Gameplay DEEP DIVE!,"Jun 23, 2024",1311,0:00:00
2026-02-07,jjy06inlCuQ,My College Football 25 Gameplay DEEP DIVE!,"Jun 23, 2024",1311,0:00:00
2026-02-08,jjy06inlCuQ,My College Football 25 Gameplay DEEP DIVE!,"Jun 23, 2024",1311,0:00:00
2026-02-09,jjy06inlCuQ,My College Football 25 Gameplay DEEP DIVE!,"Jun 23, 2024",1311,0:00:00
2026-02-10,jjy06inlCuQ,My College Football 25 Gameplay DEEP DIVE!,"Jun 23, 2024",1311,0:00:00
2026-02-11,jjy06inlCuQ,My College Football 25 Gameplay DEEP DIVE!,"Jun 23, 2024",1311,0:00:00
2026-02-12,jjy06inlCuQ,My College Football 25 Gameplay DEEP DIVE!,"Jun 23, 2024",1311,0:00:00
2026-02-13,jjy06inlCuQ,My College Football 25 Gameplay DEEP DIVE!,"Jun 23, 2024",1311,0:00:00
2026-02-14,jjy06inlCuQ,My College Football 25 Gameplay DEEP DIVE!,"Jun 23, 2024",1311,0:00:00
2026-02-15,jjy06inlCuQ,My College Football 25 Gameplay DEEP DIVE!,"Jun 23, 2024",1311,0:00:00
2026-02-16,jjy06inlCuQ,My College Football 25 Gameplay DEEP DIVE!,"Jun 23, 2024",1311,0:00:00
2026-02-17,jjy06inlCuQ,My College Football 25 Gameplay DEEP DIVE!,"Jun 23, 2024",1311,0:00:00
2026-02-18,jjy06inlCuQ,My College Football 25 Gameplay DEEP DIVE!,"Jun 23, 2024",1311,0:00:00
2026-02-19,jjy06inlCuQ,My College Football 25 Gameplay DEEP DIVE!,"Jun 23, 2024",1311,0:00:00
2026-02-20,jjy06inlCuQ,My College Football 25 Gameplay DEEP DIVE!,"Jun 23, 2024",1311,0:00:00
2026-02-21,jjy06inlCuQ,My College Football 25 Gameplay DEEP DIVE!,"Jun 23, 2024",1311,0:00:00
2026-02-22,jjy06inlCuQ,My College Football 25 Gameplay DEEP DIVE!,"Jun 23, 2024",1311,0:01:01
2026-02-23,jjy06inlCuQ,My College Football 25 Gameplay DEEP DIVE!,"Jun 23, 2024",1311,0:00:00
2026-02-24,jjy06inlCuQ,My College Football 25 Gameplay DEEP DIVE!,"Jun 23, 2024",1311,0:00:00
2026-02-25,jjy06inlCuQ,My College Football 25 Gameplay DEEP DIVE!,"Jun 23, 2024",1311,0:00:00
2026-02-26,jjy06inlCuQ,My College Football 25 Gameplay DEEP DIVE!,"Jun 23, 2024",1311,0:00:00
2026-02-27,jjy06inlCuQ,My College Football 25 Gameplay DEEP DIVE!,"Jun 23, 2024",1311,0:00:00
2026-02-28,jjy06inlCuQ,My College Football 25 Gameplay DEEP DIVE!,"Jun 23, 2024",1311,0:00:00
2026-03-01,jjy06inlCuQ,My College Football 25 Gameplay DEEP DIVE!,"Jun 23, 2024",1311,0:00:00
2026-03-02,jjy06inlCuQ,My College Football 25 Gameplay DEEP DIVE!,"Jun 23, 2024",1311,0:00:00
2026-03-03,jjy06inlCuQ,My College Football 25 Gameplay DEEP DIVE!,"Jun 23, 2024",1311,0:00:00
2026-03-04,jjy06inlCuQ,My College Football 25 Gameplay DEEP DIVE!,"Jun 23, 2024",1311,0:00:00
2026-03-05,jjy06inlCuQ,My College Football 25 Gameplay DEEP DIVE!,"Jun 23, 2024",1311,0:00:00
2026-03-06,jjy06inlCuQ,My College Football 25 Gameplay DEEP DIVE!,"Jun 23, 2024",1311,0:00:00
2026-03-07,jjy06inlCuQ,My College Football 25 Gameplay DEEP DIVE!,"Jun 23, 2024",1311,0:00:00
2026-03-08,jjy06inlCuQ,My College Football 25 Gameplay DEEP DIVE!,"Jun 23, 2024",1311,0:00:00
2026-03-09,jjy06inlCuQ,My College Football 25 Gameplay DEEP DIVE!,"Jun 23, 2024",1311,0:00:00
2026-03-10,jjy06inlCuQ,My College Football 25 Gameplay DEEP DIVE!,"Jun 23, 2024",1311,0:00:00
2026-03-11,jjy06inlCuQ,My College Football 25 Gameplay DEEP DIVE!,"Jun 23, 2024",1311,0:00:00
2026-03-12,jjy06inlCuQ,My College Football 25 Gameplay DEEP DIVE!,"Jun 23, 2024",1311,0:00:00
2026-03-13,jjy06inlCuQ,My College Football 25 Gameplay DEEP DIVE!,"Jun 23, 2024",1311,0:00:00
2026-03-14,jjy06inlCuQ,My College Football 25 Gameplay DEEP DIVE!,"Jun 23, 2024",1311,0:00:00
2026-03-15,jjy06inlCuQ,My College Football 25 Gameplay DEEP DIVE!,"Jun 23, 2024",1311,0:00:00
2026-03-16,jjy06inlCuQ,My College Football 25 Gameplay DEEP DIVE!,"Jun 23, 2024",1311,0:00:00
2026-03-17,jjy06inlCuQ,My College Football 25 Gameplay DEEP DIVE!,"Jun 23, 2024",1311,0:00:00
2026-03-18,jjy06inlCuQ,My College Football 25 Gameplay DEEP DIVE!,"Jun 23, 2024",1311,0:00:00
2026-03-19,jjy06inlCuQ,My College Football 25 Gameplay DEEP DIVE!,"Jun 23, 2024",1311,0:00:00
2026-03-20,jjy06inlCuQ,My College Football 25 Gameplay DEEP DIVE!,"Jun 23, 2024",1311,0:00:00
2026-03-21,jjy06inlCuQ,My College Football 25 Gameplay DEEP DIVE!,"Jun 23, 2024",1311,0:00:00
2026-03-22,jjy06inlCuQ,My College Football 25 Gameplay DEEP DIVE!,"Jun 23, 2024",1311,0:00:00
2026-03-23,jjy06inlCuQ,My College Football 25 Gameplay DEEP DIVE!,"Jun 23, 2024",1311,0:00:00
2026-03-24,jjy06inlCuQ,My College Football 25 Gameplay DEEP DIVE!,"Jun 23, 2024",1311,0:00:00
2026-03-25,jjy06inlCuQ,My College Football 25 Gameplay DEEP DIVE!,"Jun 23, 2024",1311,0:00:00
2026-03-26,jjy06inlCuQ,My College Football 25 Gameplay DEEP DIVE!,"Jun 23, 2024",1311,0:00:00
2026-03-27,jjy06inlCuQ,My College Football 25 Gameplay DEEP DIVE!,"Jun 23, 2024",1311,0:00:00
2026-03-28,jjy06inlCuQ,My College Football 25 Gameplay DEEP DIVE!,"Jun 23, 2024",1311,0:00:00
2026-03-29,jjy06inlCuQ,My College Football 25 Gameplay DEEP DIVE!,"Jun 23, 2024",1311,0:00:00
2026-03-30,jjy06inlCuQ,My College Football 25 Gameplay DEEP DIVE!,"Jun 23, 2024",1311,0:00:00
2026-03-31,jjy06inlCuQ,My College Football 25 Gameplay DEEP DIVE!,"Jun 23, 2024",1311,0:00:00
2026-04-01,jjy06inlCuQ,My College Football 25 Gameplay DEEP DIVE!,"Jun 23, 2024",1311,0:00:00
2026-04-02,jjy06inlCuQ,My College Football 25 Gameplay DEEP DIVE!,"Jun 23, 2024",1311,0:00:00
2026-04-03,jjy06inlCuQ,My College Football 25 Gameplay DEEP DIVE!,"Jun 23, 2024",1311,0:00:00
2026-04-04,jjy06inlCuQ,My College Football 25 Gameplay DEEP DIVE!,"Jun 23, 2024",1311,0:00:00
2026-04-05,jjy06inlCuQ,My College Football 25 Gameplay DEEP DIVE!,"Jun 23, 2024",1311,0:19:52
2026-04-06,jjy06inlCuQ,My College Football 25 Gameplay DEEP DIVE!,"Jun 23, 2024",1311,0:00:00
2026-04-07,jjy06inlCuQ,My College Football 25 Gameplay DEEP DIVE!,"Jun 23, 2024",1311,0:00:00
2026-04-08,jjy06inlCuQ,My College Football 25 Gameplay DEEP DIVE!,"Jun 23, 2024",1311,0:00:00
2026-04-09,jjy06inlCuQ,My College Football 25 Gameplay DEEP DIVE!,"Jun 23, 2024",1311,0:00:00
2026-04-10,jjy06inlCuQ,My College Football 25 Gameplay DEEP DIVE!,"Jun 23, 2024",1311,0:00:00
2026-04-11,jjy06inlCuQ,My College Football 25 Gameplay DEEP DIVE!,"Jun 23, 2024",1311,0:00:00
2026-04-12,jjy06inlCuQ,My College Football 25 Gameplay DEEP DIVE!,"Jun 23, 2024",1311,0:00:00
2026-04-13,jjy06inlCuQ,My College Football 25 Gameplay DEEP DIVE!,"Jun 23, 2024",1311,0:00:00
2026-04-14,jjy06inlCuQ,My College Football 25 Gameplay DEEP DIVE!,"Jun 23, 2024",1311,0:00:00
2026-04-15,jjy06inlCuQ,My College Football 25 Gameplay DEEP DIVE!,"Jun 23, 2024",1311,0:00:00
2026-04-16,jjy06inlCuQ,My College Football 25 Gameplay DEEP DIVE!,"Jun 23, 2024",1311,0:00:00
2026-04-17,jjy06inlCuQ,My College Football 25 Gameplay DEEP DIVE!,"Jun 23, 2024",1311,0:00:00
2026-04-18,jjy06inlCuQ,My College Football 25 Gameplay DEEP DIVE!,"Jun 23, 2024",1311,0:00:00
2026-04-19,jjy06inlCuQ,My College Football 25 Gameplay DEEP DIVE!,"Jun 23, 2024",1311,0:00:00
2026-04-20,jjy06inlCuQ,My College Football 25 Gameplay DEEP DIVE!,"Jun 23, 2024",1311,0:00:00
2026-04-21,jjy06inlCuQ,My College Football 25 Gameplay DEEP DIVE!,"Jun 23, 2024",1311,0:00:00
2026-04-22,jjy06inlCuQ,My College Football 25 Gameplay DEEP DIVE!,"Jun 23, 2024",1311,0:00:00
2026-04-23,jjy06inlCuQ,My College Football 25 Gameplay DEEP DIVE!,"Jun 23, 2024",1311,0:00:00
2026-04-24,jjy06inlCuQ,My College Football 25 Gameplay DEEP DIVE!,"Jun 23, 2024",1311,0:00:00
2026-04-25,jjy06inlCuQ,My College Football 25 Gameplay DEEP DIVE!,"Jun 23, 2024",1311,0:00:00
2026-04-26,jjy06inlCuQ,My College Football 25 Gameplay DEEP DIVE!,"Jun 23, 2024",1311,0:00:00
2026-04-27,jjy06inlCuQ,My College Football 25 Gameplay DEEP DIVE!,"Jun 23, 2024",1311,0:00:00
2026-04-28,jjy06inlCuQ,My College Football 25 Gameplay DEEP DIVE!,"Jun 23, 2024",1311,0:00:00
2026-04-29,jjy06inlCuQ,My College Football 25 Gameplay DEEP DIVE!,"Jun 23, 2024",1311,0:00:00
2026-04-30,jjy06inlCuQ,My College Football 25 Gameplay DEEP DIVE!,"Jun 23, 2024",1311,0:00:00
2026-05-01,jjy06inlCuQ,My College Football 25 Gameplay DEEP DIVE!,"Jun 23, 2024",1311,0:00:00
2026-05-02,jjy06inlCuQ,My College Football 25 Gameplay DEEP DIVE!,"Jun 23, 2024",1311,0:00:00
2026-05-03,jjy06inlCuQ,My College Football 25 Gameplay DEEP DIVE!,"Jun 23, 2024",1311,0:00:00
2026-05-04,jjy06inlCuQ,My College Football 25 Gameplay DEEP DIVE!,"Jun 23, 2024",1311,0:00:00
2026-05-05,jjy06inlCuQ,My College Football 25 Gameplay DEEP DIVE!,"Jun 23, 2024",1311,0:00:00
2026-05-06,jjy06inlCuQ,My College Football 25 Gameplay DEEP DIVE!,"Jun 23, 2024",1311,0:00:00
2026-05-07,jjy06inlCuQ,My College Football 25 Gameplay DEEP DIVE!,"Jun 23, 2024",1311,0:00:00
2026-05-08,jjy06inlCuQ,My College Football 25 Gameplay DEEP DIVE!,"Jun 23, 2024",1311,0:00:00
2026-05-09,jjy06inlCuQ,My College Football 25 Gameplay DEEP DIVE!,"Jun 23, 2024",1311,0:00:00
2026-05-10,jjy06inlCuQ,My College Football 25 Gameplay DEEP DIVE!,"Jun 23, 2024",1311,0:00:00
2026-05-11,jjy06inlCuQ,My College Football 25 Gameplay DEEP DIVE!,"Jun 23, 2024",1311,0:00:00
2026-05-12,jjy06inlCuQ,My College Football 25 Gameplay DEEP DIVE!,"Jun 23, 2024",1311,0:00:00
2026-05-13,jjy06inlCuQ,My College Football 25 Gameplay DEEP DIVE!,"Jun 23, 2024",1311,0:00:00
2026-05-14,jjy06inlCuQ,My College Football 25 Gameplay DEEP DIVE!,"Jun 23, 2024",1311,0:00:00
2026-05-15,jjy06inlCuQ,My College Football 25 Gameplay DEEP DIVE!,"Jun 23, 2024",1311,0:00:00
2026-05-16,jjy06inlCuQ,My College Football 25 Gameplay DEEP DIVE!,"Jun 23, 2024",1311,0:00:00
2026-05-17,jjy06inlCuQ,My College Football 25 Gameplay DEEP DIVE!,"Jun 23, 2024",1311,0:00:00
2026-05-18,jjy06inlCuQ,My College Football 25 Gameplay DEEP DIVE!,"Jun 23, 2024",1311,0:00:00
2026-05-19,jjy06inlCuQ,My College Football 25 Gameplay DEEP DIVE!,"Jun 23, 2024",1311,0:00:00
2026-05-20,jjy06inlCuQ,My College Football 25 Gameplay DEEP DIVE!,"Jun 23, 2024",1311,0:00:00
2026-05-21,jjy06inlCuQ,My College Football 25 Gameplay DEEP DIVE!,"Jun 23, 2024",1311,0:00:00
2026-05-22,jjy06inlCuQ,My College Football 25 Gameplay DEEP DIVE!,"Jun 23, 2024",1311,0:00:00
2026-05-23,jjy06inlCuQ,My College Football 25 Gameplay DEEP DIVE!,"Jun 23, 2024",1311,0:00:00
2026-05-24,jjy06inlCuQ,My College Football 25 Gameplay DEEP DIVE!,"Jun 23, 2024",1311,0:00:00
2026-05-25,jjy06inlCuQ,My College Football 25 Gameplay DEEP DIVE!,"Jun 23, 2024",1311,0:00:00
2026-05-26,jjy06inlCuQ,My College Football 25 Gameplay DEEP DIVE!,"Jun 23, 2024",1311,0:00:00
2026-05-27,jjy06inlCuQ,My College Football 25 Gameplay DEEP DIVE!,"Jun 23, 2024",1311,0:00:00
2026-05-28,jjy06inlCuQ,My College Football 25 Gameplay DEEP DIVE!,"Jun 23, 2024",1311,0:00:00
2026-05-29,jjy06inlCuQ,My College Football 25 Gameplay DEEP DIVE!,"Jun 23, 2024",1311,
2026-05-30,jjy06inlCuQ,My College Football 25 Gameplay DEEP DIVE!,"Jun 23, 2024",1311,0:00:00
2026-05-31,jjy06inlCuQ,My College Football 25 Gameplay DEEP DIVE!,"Jun 23, 2024",1311,0:00:00
2026-06-01,jjy06inlCuQ,My College Football 25 Gameplay DEEP DIVE!,"Jun 23, 2024",1311,0:00:00
2026-06-02,jjy06inlCuQ,My College Football 25 Gameplay DEEP DIVE!,"Jun 23, 2024",1311,0:00:12
2026-06-03,jjy06inlCuQ,My College Football 25 Gameplay DEEP DIVE!,"Jun 23, 2024",1311,0:00:00
2026-06-04,jjy06inlCuQ,My College Football 25 Gameplay DEEP DIVE!,"Jun 23, 2024",1311,0:00:00
2026-06-05,jjy06inlCuQ,My College Football 25 Gameplay DEEP DIVE!,"Jun 23, 2024",1311,0:00:00
2026-06-06,jjy06inlCuQ,My College Football 25 Gameplay DEEP DIVE!,"Jun 23, 2024",1311,0:00:00
2026-06-07,jjy06inlCuQ,My College Football 25 Gameplay DEEP DIVE!,"Jun 23, 2024",1311,0:00:00
2026-06-08,jjy06inlCuQ,My College Football 25 Gameplay DEEP DIVE!,"Jun 23, 2024",1311,0:00:00
2026-06-09,jjy06inlCuQ,My College Football 25 Gameplay DEEP DIVE!,"Jun 23, 2024",1311,0:00:00
2026-06-10,jjy06inlCuQ,My College Football 25 Gameplay DEEP DIVE!,"Jun 23, 2024",1311,0:00:00
2026-06-11,jjy06inlCuQ,My College Football 25 Gameplay DEEP DIVE!,"Jun 23, 2024",1311,0:00:00
2026-06-12,jjy06inlCuQ,My College Football 25 Gameplay DEEP DIVE!,"Jun 23, 2024",1311,0:00:00
2026-06-13,jjy06inlCuQ,My College Football 25 Gameplay DEEP DIVE!,"Jun 23, 2024",1311,0:00:00
2026-06-14,jjy06inlCuQ,My College Football 25 Gameplay DEEP DIVE!,"Jun 23, 2024",1311,0:00:00
2026-06-15,jjy06inlCuQ,My College Football 25 Gameplay DEEP DIVE!,"Jun 23, 2024",1311,0:00:00
2026-06-16,jjy06inlCuQ,My College Football 25 Gameplay DEEP DIVE!,"Jun 23, 2024",1311,0:00:00
2026-06-17,jjy06inlCuQ,My College Football 25 Gameplay DEEP DIVE!,"Jun 23, 2024",1311,0:00:00
2026-06-18,jjy06inlCuQ,My College Football 25 Gameplay DEEP DIVE!,"Jun 23, 2024",1311,0:00:00
2026-06-19,jjy06inlCuQ,My College Football 25 Gameplay DEEP DIVE!,"Jun 23, 2024",1311,0:00:00
2026-06-20,jjy06inlCuQ,My College Football 25 Gameplay DEEP DIVE!,"Jun 23, 2024",1311,0:00:00
2026-06-21,jjy06inlCuQ,My College Football 25 Gameplay DEEP DIVE!,"Jun 23, 2024",1311,0:00:00
2026-06-22,jjy06inlCuQ,My College Football 25 Gameplay DEEP DIVE!,"Jun 23, 2024",1311,0:00:00
2026-06-23,jjy06inlCuQ,My College Football 25 Gameplay DEEP DIVE!,"Jun 23, 2024",1311,0:00:00
2026-06-24,jjy06inlCuQ,My College Football 25 Gameplay DEEP DIVE!,"Jun 23, 2024",1311,0:00:00
2026-06-25,jjy06inlCuQ,My College Football 25 Gameplay DEEP DIVE!,"Jun 23, 2024",1311,0:00:00
2026-06-26,jjy06inlCuQ,My College Football 25 Gameplay DEEP DIVE!,"Jun 23, 2024",1311,0:00:00
2026-06-27,jjy06inlCuQ,My College Football 25 Gameplay DEEP DIVE!,"Jun 23, 2024",1311,0:00:00
2026-06-28,jjy06inlCuQ,My College Football 25 Gameplay DEEP DIVE!,"Jun 23, 2024",1311,0:00:00
2026-06-29,jjy06inlCuQ,My College Football 25 Gameplay DEEP DIVE!,"Jun 23, 2024",1311,0:00:00
2026-06-30,jjy06inlCuQ,My College Football 25 Gameplay DEEP DIVE!,"Jun 23, 2024",1311,0:00:00
2026-07-01,jjy06inlCuQ,My College Football 25 Gameplay DEEP DIVE!,"Jun 23, 2024",1311,0:00:00
2026-07-02,jjy06inlCuQ,My College Football 25 Gameplay DEEP DIVE!,"Jun 23, 2024",1311,0:00:00
2026-07-03,jjy06inlCuQ,My College Football 25 Gameplay DEEP DIVE!,"Jun 23, 2024",1311,0:00:00
2026-07-04,jjy06inlCuQ,My College Football 25 Gameplay DEEP DIVE!,"Jun 23, 2024",1311,0:00:00
2026-07-05,jjy06inlCuQ,My College Football 25 Gameplay DEEP DIVE!,"Jun 23, 2024",1311,0:00:00
2026-07-06,jjy06inlCuQ,My College Football 25 Gameplay DEEP DIVE!,"Jun 23, 2024",1311,0:00:00
2026-07-07,jjy06inlCuQ,My College Football 25 Gameplay DEEP DIVE!,"Jun 23, 2024",1311,0:00:00
2026-07-08,jjy06inlCuQ,My College Football 25 Gameplay DEEP DIVE!,"Jun 23, 2024",1311,0:00:00
2026-07-09,jjy06inlCuQ,My College Football 25 Gameplay DEEP DIVE!,"Jun 23, 2024",1311,0:00:00
2026-07-10,jjy06inlCuQ,My College Football 25 Gameplay DEEP DIVE!,"Jun 23, 2024",1311,0:00:00
2026-07-11,jjy06inlCuQ,My College Football 25 Gameplay DEEP DIVE!,"Jun 23, 2024",1311,0:00:00
2026-07-12,jjy06inlCuQ,My College Football 25 Gameplay DEEP DIVE!,"Jun 23, 2024",1311,0:00:00
2021-06-09,zB7lFywaK1g,College Football 25 Dynasty Extras,"Jul 7, 2024",521,0:00:00
2021-06-10,zB7lFywaK1g,College Football 25 Dynasty Extras,"Jul 7, 2024",521,0:00:00
2021-06-11,zB7lFywaK1g,College Football 25 Dynasty Extras,"Jul 7, 2024",521,0:00:00
2021-06-12,zB7lFywaK1g,College Football 25 Dynasty Extras,"Jul 7, 2024",521,0:00:00
2021-06-13,zB7lFywaK1g,College Football 25 Dynasty Extras,"Jul 7, 2024",521,0:00:00
2021-06-14,zB7lFywaK1g,College Football 25 Dynasty Extras,"Jul 7, 2024",521,0:00:00
2021-06-15,zB7lFywaK1g,College Football 25 Dynasty Extras,"Jul 7, 2024",521,0:00:00
2021-06-16,zB7lFywaK1g,College Football 25 Dynasty Extras,"Jul 7, 2024",521,0:00:00
2021-06-17,zB7lFywaK1g,College Football 25 Dynasty Extras,"Jul 7, 2024",521,0:00:00
2021-06-18,zB7lFywaK1g,College Football 25 Dynasty Extras,"Jul 7, 2024",521,0:00:00
2021-06-19,zB7lFywaK1g,College Football 25 Dynasty Extras,"Jul 7, 2024",521,0:00:00
2021-06-20,zB7lFywaK1g,College Football 25 Dynasty Extras,"Jul 7, 2024",521,0:00:00
2021-06-21,zB7lFywaK1g,College Football 25 Dynasty Extras,"Jul 7, 2024",521,0:00:00
2021-06-22,zB7lFywaK1g,College Football 25 Dynasty Extras,"Jul 7, 2024",521,0:00:00
2021-06-23,zB7lFywaK1g,College Football 25 Dynasty Extras,"Jul 7, 2024",521,0:00:00
2021-06-24,zB7lFywaK1g,College Football 25 Dynasty Extras,"Jul 7, 2024",521,0:00:00
2021-06-25,zB7lFywaK1g,College Football 25 Dynasty Extras,"Jul 7, 2024",521,0:00:00
2021-06-26,zB7lFywaK1g,College Football 25 Dynasty Extras,"Jul 7, 2024",521,0:00:00
2021-06-27,zB7lFywaK1g,College Football 25 Dynasty Extras,"Jul 7, 2024",521,0:00:00
2021-06-28,zB7lFywaK1g,College Football 25 Dynasty Extras,"Jul 7, 2024",521,0:00:00
2021-06-29,zB7lFywaK1g,College Football 25 Dynasty Extras,"Jul 7, 2024",521,0:00:00
2021-06-30,zB7lFywaK1g,College Football 25 Dynasty Extras,"Jul 7, 2024",521,0:00:00
2021-07-01,zB7lFywaK1g,College Football 25 Dynasty Extras,"Jul 7, 2024",521,0:00:00
2021-07-02,zB7lFywaK1g,College Football 25 Dynasty Extras,"Jul 7, 2024",521,0:00:00
2021-07-03,zB7lFywaK1g,College Football 25 Dynasty Extras,"Jul 7, 2024",521,0:00:00
2021-07-04,zB7lFywaK1g,College Football 25 Dynasty Extras,"Jul 7, 2024",521,0:00:00
2021-07-05,zB7lFywaK1g,College Football 25 Dynasty Extras,"Jul 7, 2024",521,0:00:00
2021-07-06,zB7lFywaK1g,College Football 25 Dynasty Extras,"Jul 7, 2024",521,0:00:00
2021-07-07,zB7lFywaK1g,College Football 25 Dynasty Extras,"Jul 7, 2024",521,0:00:00
2021-07-08,zB7lFywaK1g,College Football 25 Dynasty Extras,"Jul 7, 2024",521,0:00:00
2021-07-09,zB7lFywaK1g,College Football 25 Dynasty Extras,"Jul 7, 2024",521,0:00:00
2021-07-10,zB7lFywaK1g,College Football 25 Dynasty Extras,"Jul 7, 2024",521,0:00:00
2021-07-11,zB7lFywaK1g,College Football 25 Dynasty Extras,"Jul 7, 2024",521,0:00:00
2021-07-12,zB7lFywaK1g,College Football 25 Dynasty Extras,"Jul 7, 2024",521,0:00:00
2021-07-13,zB7lFywaK1g,College Football 25 Dynasty Extras,"Jul 7, 2024",521,0:00:00
2021-07-14,zB7lFywaK1g,College Football 25 Dynasty Extras,"Jul 7, 2024",521,0:00:00
2021-07-15,zB7lFywaK1g,College Football 25 Dynasty Extras,"Jul 7, 2024",521,0:00:00
2021-07-16,zB7lFywaK1g,College Football 25 Dynasty Extras,"Jul 7, 2024",521,0:00:00
2021-07-17,zB7lFywaK1g,College Football 25 Dynasty Extras,"Jul 7, 2024",521,0:00:00
2021-07-18,zB7lFywaK1g,College Football 25 Dynasty Extras,"Jul 7, 2024",521,0:00:00
2021-07-19,zB7lFywaK1g,College Football 25 Dynasty Extras,"Jul 7, 2024",521,0:00:00
2021-07-20,zB7lFywaK1g,College Football 25 Dynasty Extras,"Jul 7, 2024",521,0:00:00
2021-07-21,zB7lFywaK1g,College Football 25 Dynasty Extras,"Jul 7, 2024",521,0:00:00
2021-07-22,zB7lFywaK1g,College Football 25 Dynasty Extras,"Jul 7, 2024",521,0:00:00
2021-07-23,zB7lFywaK1g,College Football 25 Dynasty Extras,"Jul 7, 2024",521,0:00:00
2021-07-24,zB7lFywaK1g,College Football 25 Dynasty Extras,"Jul 7, 2024",521,0:00:00
2021-07-25,zB7lFywaK1g,College Football 25 Dynasty Extras,"Jul 7, 2024",521,0:00:00
2021-07-26,zB7lFywaK1g,College Football 25 Dynasty Extras,"Jul 7, 2024",521,0:00:00
2021-07-27,zB7lFywaK1g,College Football 25 Dynasty Extras,"Jul 7, 2024",521,0:00:00
2021-07-28,zB7lFywaK1g,College Football 25 Dynasty Extras,"Jul 7, 2024",521,0:00:00
2021-07-29,zB7lFywaK1g,College Football 25 Dynasty Extras,"Jul 7, 2024",521,0:00:00
2021-07-30,zB7lFywaK1g,College Football 25 Dynasty Extras,"Jul 7, 2024",521,0:00:00
2021-07-31,zB7lFywaK1g,College Football 25 Dynasty Extras,"Jul 7, 2024",521,0:00:00
2021-08-01,zB7lFywaK1g,College Football 25 Dynasty Extras,"Jul 7, 2024",521,0:00:00
2021-08-02,zB7lFywaK1g,College Football 25 Dynasty Extras,"Jul 7, 2024",521,0:00:00
2021-08-03,zB7lFywaK1g,College Football 25 Dynasty Extras,"Jul 7, 2024",521,0:00:00
2021-08-04,zB7lFywaK1g,College Football 25 Dynasty Extras,"Jul 7, 2024",521,0:00:00
2021-08-05,zB7lFywaK1g,College Football 25 Dynasty Extras,"Jul 7, 2024",521,0:00:00
2021-08-06,zB7lFywaK1g,College Football 25 Dynasty Extras,"Jul 7, 2024",521,0:00:00
2021-08-07,zB7lFywaK1g,College Football 25 Dynasty Extras,"Jul 7, 2024",521,0:00:00
2021-08-08,zB7lFywaK1g,College Football 25 Dynasty Extras,"Jul 7, 2024",521,0:00:00
2021-08-09,zB7lFywaK1g,College Football 25 Dynasty Extras,"Jul 7, 2024",521,0:00:00
2021-08-10,zB7lFywaK1g,College Football 25 Dynasty Extras,"Jul 7, 2024",521,0:00:00
2021-08-11,zB7lFywaK1g,College Football 25 Dynasty Extras,"Jul 7, 2024",521,0:00:00
2021-08-12,zB7lFywaK1g,College Football 25 Dynasty Extras,"Jul 7, 2024",521,0:00:00
2021-08-13,zB7lFywaK1g,College Football 25 Dynasty Extras,"Jul 7, 2024",521,0:00:00
2021-08-14,zB7lFywaK1g,College Football 25 Dynasty Extras,"Jul 7, 2024",521,0:00:00
2021-08-15,zB7lFywaK1g,College Football 25 Dynasty Extras,"Jul 7, 2024",521,0:00:00
2021-08-16,zB7lFywaK1g,College Football 25 Dynasty Extras,"Jul 7, 2024",521,0:00:00
2021-08-17,zB7lFywaK1g,College Football 25 Dynasty Extras,"Jul 7, 2024",521,0:00:00
2021-08-18,zB7lFywaK1g,College Football 25 Dynasty Extras,"Jul 7, 2024",521,0:00:00
2021-08-19,zB7lFywaK1g,College Football 25 Dynasty Extras,"Jul 7, 2024",521,0:00:00
2021-08-20,zB7lFywaK1g,College Football 25 Dynasty Extras,"Jul 7, 2024",521,0:00:00
2021-08-21,zB7lFywaK1g,College Football 25 Dynasty Extras,"Jul 7, 2024",521,0:00:00
2021-08-22,zB7lFywaK1g,College Football 25 Dynasty Extras,"Jul 7, 2024",521,0:00:00
2021-08-23,zB7lFywaK1g,College Football 25 Dynasty Extras,"Jul 7, 2024",521,0:00:00
2021-08-24,zB7lFywaK1g,College Football 25 Dynasty Extras,"Jul 7, 2024",521,0:00:00
2021-08-25,zB7lFywaK1g,College Football 25 Dynasty Extras,"Jul 7, 2024",521,0:00:00
2021-08-26,zB7lFywaK1g,College Football 25 Dynasty Extras,"Jul 7, 2024",521,0:00:00
2021-08-27,zB7lFywaK1g,College Football 25 Dynasty Extras,"Jul 7, 2024",521,0:00:00
2021-08-28,zB7lFywaK1g,College Football 25 Dynasty Extras,"Jul 7, 2024",521,0:00:00
2021-08-29,zB7lFywaK1g,College Football 25 Dynasty Extras,"Jul 7, 2024",521,0:00:00
2021-08-30,zB7lFywaK1g,College Football 25 Dynasty Extras,"Jul 7, 2024",521,0:00:00
2021-08-31,zB7lFywaK1g,College Football 25 Dynasty Extras,"Jul 7, 2024",521,0:00:00
2021-09-01,zB7lFywaK1g,College Football 25 Dynasty Extras,"Jul 7, 2024",521,0:00:00
2021-09-02,zB7lFywaK1g,College Football 25 Dynasty Extras,"Jul 7, 2024",521,0:00:00
2021-09-03,zB7lFywaK1g,College Football 25 Dynasty Extras,"Jul 7, 2024",521,0:00:00
2021-09-04,zB7lFywaK1g,College Football 25 Dynasty Extras,"Jul 7, 2024",521,0:00:00
2021-09-05,zB7lFywaK1g,College Football 25 Dynasty Extras,"Jul 7, 2024",521,0:00:00
2021-09-06,zB7lFywaK1g,College Football 25 Dynasty Extras,"Jul 7, 2024",521,0:00:00
2021-09-07,zB7lFywaK1g,College Football 25 Dynasty Extras,"Jul 7, 2024",521,0:00:00
2021-09-08,zB7lFywaK1g,College Football 25 Dynasty Extras,"Jul 7, 2024",521,0:00:00
2021-09-09,zB7lFywaK1g,College Football 25 Dynasty Extras,"Jul 7, 2024",521,0:00:00
2021-09-10,zB7lFywaK1g,College Football 25 Dynasty Extras,"Jul 7, 2024",521,0:00:00
2021-09-11,zB7lFywaK1g,College Football 25 Dynasty Extras,"Jul 7, 2024",521,0:00:00
2021-09-12,zB7lFywaK1g,College Football 25 Dynasty Extras,"Jul 7, 2024",521,0:00:00
2021-09-13,zB7lFywaK1g,College Football 25 Dynasty Extras,"Jul 7, 2024",521,0:00:00
2021-09-14,zB7lFywaK1g,College Football 25 Dynasty Extras,"Jul 7, 2024",521,0:00:00
2021-09-15,zB7lFywaK1g,College Football 25 Dynasty Extras,"Jul 7, 2024",521,0:00:00
2021-09-16,zB7lFywaK1g,College Football 25 Dynasty Extras,"Jul 7, 2024",521,0:00:00
2021-09-17,zB7lFywaK1g,College Football 25 Dynasty Extras,"Jul 7, 2024",521,0:00:00
2021-09-18,zB7lFywaK1g,College Football 25 Dynasty Extras,"Jul 7, 2024",521,0:00:00
2021-09-19,zB7lFywaK1g,College Football 25 Dynasty Extras,"Jul 7, 2024",521,0:00:00
2021-09-20,zB7lFywaK1g,College Football 25 Dynasty Extras,"Jul 7, 2024",521,0:00:00
2021-09-21,zB7lFywaK1g,College Football 25 Dynasty Extras,"Jul 7, 2024",521,0:00:00
2021-09-22,zB7lFywaK1g,College Football 25 Dynasty Extras,"Jul 7, 2024",521,0:00:00
2021-09-23,zB7lFywaK1g,College Football 25 Dynasty Extras,"Jul 7, 2024",521,0:00:00
2021-09-24,zB7lFywaK1g,College Football 25 Dynasty Extras,"Jul 7, 2024",521,0:00:00
2021-09-25,zB7lFywaK1g,College Football 25 Dynasty Extras,"Jul 7, 2024",521,0:00:00
2021-09-26,zB7lFywaK1g,College Football 25 Dynasty Extras,"Jul 7, 2024",521,0:00:00
2021-09-27,zB7lFywaK1g,College Football 25 Dynasty Extras,"Jul 7, 2024",521,0:00:00
2021-09-28,zB7lFywaK1g,College Football 25 Dynasty Extras,"Jul 7, 2024",521,0:00:00
2021-09-29,zB7lFywaK1g,College Football 25 Dynasty Extras,"Jul 7, 2024",521,0:00:00
2021-09-30,zB7lFywaK1g,College Football 25 Dynasty Extras,"Jul 7, 2024",521,0:00:00
2021-10-01,zB7lFywaK1g,College Football 25 Dynasty Extras,"Jul 7, 2024",521,0:00:00
2021-10-02,zB7lFywaK1g,College Football 25 Dynasty Extras,"Jul 7, 2024",521,0:00:00
2021-10-03,zB7lFywaK1g,College Football 25 Dynasty Extras,"Jul 7, 2024",521,0:00:00
2021-10-04,zB7lFywaK1g,College Football 25 Dynasty Extras,"Jul 7, 2024",521,0:00:00
2021-10-05,zB7lFywaK1g,College Football 25 Dynasty Extras,"Jul 7, 2024",521,0:00:00
2021-10-06,zB7lFywaK1g,College Football 25 Dynasty Extras,"Jul 7, 2024",521,0:00:00
2021-10-07,zB7lFywaK1g,College Football 25 Dynasty Extras,"Jul 7, 2024",521,0:00:00
2021-10-08,zB7lFywaK1g,College Football 25 Dynasty Extras,"Jul 7, 2024",521,0:00:00
2021-10-09,zB7lFywaK1g,College Football 25 Dynasty Extras,"Jul 7, 2024",521,0:00:00
2021-10-10,zB7lFywaK1g,College Football 25 Dynasty Extras,"Jul 7, 2024",521,0:00:00
2021-10-11,zB7lFywaK1g,College Football 25 Dynasty Extras,"Jul 7, 2024",521,0:00:00
2021-10-12,zB7lFywaK1g,College Football 25 Dynasty Extras,"Jul 7, 2024",521,0:00:00
2021-10-13,zB7lFywaK1g,College Football 25 Dynasty Extras,"Jul 7, 2024",521,0:00:00
2021-10-14,zB7lFywaK1g,College Football 25 Dynasty Extras,"Jul 7, 2024",521,0:00:00
2021-10-15,zB7lFywaK1g,College Football 25 Dynasty Extras,"Jul 7, 2024",521,0:00:00
2021-10-16,zB7lFywaK1g,College Football 25 Dynasty Extras,"Jul 7, 2024",521,0:00:00
2021-10-17,zB7lFywaK1g,College Football 25 Dynasty Extras,"Jul 7, 2024",521,0:00:00
2021-10-18,zB7lFywaK1g,College Football 25 Dynasty Extras,"Jul 7, 2024",521,0:00:00
2021-10-19,zB7lFywaK1g,College Football 25 Dynasty Extras,"Jul 7, 2024",521,0:00:00
2021-10-20,zB7lFywaK1g,College Football 25 Dynasty Extras,"Jul 7, 2024",521,0:00:00
2021-10-21,zB7lFywaK1g,College Football 25 Dynasty Extras,"Jul 7, 2024",521,0:00:00
2021-10-22,zB7lFywaK1g,College Football 25 Dynasty Extras,"Jul 7, 2024",521,0:00:00
2021-10-23,zB7lFywaK1g,College Football 25 Dynasty Extras,"Jul 7, 2024",521,0:00:00
2021-10-24,zB7lFywaK1g,College Football 25 Dynasty Extras,"Jul 7, 2024",521,0:00:00
2021-10-25,zB7lFywaK1g,College Football 25 Dynasty Extras,"Jul 7, 2024",521,0:00:00
2021-10-26,zB7lFywaK1g,College Football 25 Dynasty Extras,"Jul 7, 2024",521,0:00:00
2021-10-27,zB7lFywaK1g,College Football 25 Dynasty Extras,"Jul 7, 2024",521,0:00:00
2021-10-28,zB7lFywaK1g,College Football 25 Dynasty Extras,"Jul 7, 2024",521,0:00:00
2021-10-29,zB7lFywaK1g,College Football 25 Dynasty Extras,"Jul 7, 2024",521,0:00:00
2021-10-30,zB7lFywaK1g,College Football 25 Dynasty Extras,"Jul 7, 2024",521,0:00:00
2021-10-31,zB7lFywaK1g,College Football 25 Dynasty Extras,"Jul 7, 2024",521,0:00:00
2021-11-01,zB7lFywaK1g,College Football 25 Dynasty Extras,"Jul 7, 2024",521,0:00:00
2021-11-02,zB7lFywaK1g,College Football 25 Dynasty Extras,"Jul 7, 2024",521,0:00:00
2021-11-03,zB7lFywaK1g,College Football 25 Dynasty Extras,"Jul 7, 2024",521,0:00:00
2021-11-04,zB7lFywaK1g,College Football 25 Dynasty Extras,"Jul 7, 2024",521,0:00:00
2021-11-05,zB7lFywaK1g,College Football 25 Dynasty Extras,"Jul 7, 2024",521,0:00:00
2021-11-06,zB7lFywaK1g,College Football 25 Dynasty Extras,"Jul 7, 2024",521,0:00:00
2021-11-07,zB7lFywaK1g,College Football 25 Dynasty Extras,"Jul 7, 2024",521,0:00:00
2021-11-08,zB7lFywaK1g,College Football 25 Dynasty Extras,"Jul 7, 2024",521,0:00:00
2021-11-09,zB7lFywaK1g,College Football 25 Dynasty Extras,"Jul 7, 2024",521,0:00:00
2021-11-10,zB7lFywaK1g,College Football 25 Dynasty Extras,"Jul 7, 2024",521,0:00:00
2021-11-11,zB7lFywaK1g,College Football 25 Dynasty Extras,"Jul 7, 2024",521,0:00:00
2021-11-12,zB7lFywaK1g,College Football 25 Dynasty Extras,"Jul 7, 2024",521,0:00:00
2021-11-13,zB7lFywaK1g,College Football 25 Dynasty Extras,"Jul 7, 2024",521,0:00:00
2021-11-14,zB7lFywaK1g,College Football 25 Dynasty Extras,"Jul 7, 2024",521,0:00:00
2021-11-15,zB7lFywaK1g,College Football 25 Dynasty Extras,"Jul 7, 2024",521,0:00:00
2021-11-16,zB7lFywaK1g,College Football 25 Dynasty Extras,"Jul 7, 2024",521,0:00:00
2021-11-17,zB7lFywaK1g,College Football 25 Dynasty Extras,"Jul 7, 2024",521,0:00:00
2021-11-18,zB7lFywaK1g,College Football 25 Dynasty Extras,"Jul 7, 2024",521,0:00:00
2021-11-19,zB7lFywaK1g,College Football 25 Dynasty Extras,"Jul 7, 2024",521,0:00:00
2021-11-20,zB7lFywaK1g,College Football 25 Dynasty Extras,"Jul 7, 2024",521,0:00:00
2021-11-21,zB7lFywaK1g,College Football 25 Dynasty Extras,"Jul 7, 2024",521,0:00:00
2021-11-22,zB7lFywaK1g,College Football 25 Dynasty Extras,"Jul 7, 2024",521,0:00:00
2021-11-23,zB7lFywaK1g,College Football 25 Dynasty Extras,"Jul 7, 2024",521,0:00:00
2021-11-24,zB7lFywaK1g,College Football 25 Dynasty Extras,"Jul 7, 2024",521,0:00:00
2021-11-25,zB7lFywaK1g,College Football 25 Dynasty Extras,"Jul 7, 2024",521,0:00:00
2021-11-26,zB7lFywaK1g,College Football 25 Dynasty Extras,"Jul 7, 2024",521,0:00:00
2021-11-27,zB7lFywaK1g,College Football 25 Dynasty Extras,"Jul 7, 2024",521,0:00:00
2021-11-28,zB7lFywaK1g,College Football 25 Dynasty Extras,"Jul 7, 2024",521,0:00:00
2021-11-29,zB7lFywaK1g,College Football 25 Dynasty Extras,"Jul 7, 2024",521,0:00:00
2021-11-30,zB7lFywaK1g,College Football 25 Dynasty Extras,"Jul 7, 2024",521,0:00:00
2021-12-01,zB7lFywaK1g,College Football 25 Dynasty Extras,"Jul 7, 2024",521,0:00:00
2021-12-02,zB7lFywaK1g,College Football 25 Dynasty Extras,"Jul 7, 2024",521,0:00:00
2021-12-03,zB7lFywaK1g,College Football 25 Dynasty Extras,"Jul 7, 2024",521,0:00:00
2021-12-04,zB7lFywaK1g,College Football 25 Dynasty Extras,"Jul 7, 2024",521,0:00:00
2021-12-05,zB7lFywaK1g,College Football 25 Dynasty Extras,"Jul 7, 2024",521,0:00:00
2021-12-06,zB7lFywaK1g,College Football 25 Dynasty Extras,"Jul 7, 2024",521,0:00:00
2021-12-07,zB7lFywaK1g,College Football 25 Dynasty Extras,"Jul 7, 2024",521,0:00:00
2021-12-08,zB7lFywaK1g,College Football 25 Dynasty Extras,"Jul 7, 2024",521,0:00:00
2021-12-09,zB7lFywaK1g,College Football 25 Dynasty Extras,"Jul 7, 2024",521,0:00:00
2021-12-10,zB7lFywaK1g,College Football 25 Dynasty Extras,"Jul 7, 2024",521,0:00:00
2021-12-11,zB7lFywaK1g,College Football 25 Dynasty Extras,"Jul 7, 2024",521,0:00:00
2021-12-12,zB7lFywaK1g,College Football 25 Dynasty Extras,"Jul 7, 2024",521,0:00:00
2021-12-13,zB7lFywaK1g,College Football 25 Dynasty Extras,"Jul 7, 2024",521,0:00:00
2021-12-14,zB7lFywaK1g,College Football 25 Dynasty Extras,"Jul 7, 2024",521,0:00:00
2021-12-15,zB7lFywaK1g,College Football 25 Dynasty Extras,"Jul 7, 2024",521,0:00:00
2021-12-16,zB7lFywaK1g,College Football 25 Dynasty Extras,"Jul 7, 2024",521,0:00:00
2021-12-17,zB7lFywaK1g,College Football 25 Dynasty Extras,"Jul 7, 2024",521,0:00:00
2021-12-18,zB7lFywaK1g,College Football 25 Dynasty Extras,"Jul 7, 2024",521,0:00:00
2021-12-19,zB7lFywaK1g,College Football 25 Dynasty Extras,"Jul 7, 2024",521,0:00:00
2021-12-20,zB7lFywaK1g,College Football 25 Dynasty Extras,"Jul 7, 2024",521,0:00:00
2021-12-21,zB7lFywaK1g,College Football 25 Dynasty Extras,"Jul 7, 2024",521,0:00:00
2021-12-22,zB7lFywaK1g,College Football 25 Dynasty Extras,"Jul 7, 2024",521,0:00:00
2021-12-23,zB7lFywaK1g,College Football 25 Dynasty Extras,"Jul 7, 2024",521,0:00:00
2021-12-24,zB7lFywaK1g,College Football 25 Dynasty Extras,"Jul 7, 2024",521,0:00:00
2021-12-25,zB7lFywaK1g,College Football 25 Dynasty Extras,"Jul 7, 2024",521,0:00:00
2021-12-26,zB7lFywaK1g,College Football 25 Dynasty Extras,"Jul 7, 2024",521,0:00:00
2021-12-27,zB7lFywaK1g,College Football 25 Dynasty Extras,"Jul 7, 2024",521,0:00:00
2021-12-28,zB7lFywaK1g,College Football 25 Dynasty Extras,"Jul 7, 2024",521,0:00:00
2021-12-29,zB7lFywaK1g,College Football 25 Dynasty Extras,"Jul 7, 2024",521,0:00:00
2021-12-30,zB7lFywaK1g,College Football 25 Dynasty Extras,"Jul 7, 2024",521,0:00:00
2021-12-31,zB7lFywaK1g,College Football 25 Dynasty Extras,"Jul 7, 2024",521,0:00:00
2022-01-01,zB7lFywaK1g,College Football 25 Dynasty Extras,"Jul 7, 2024",521,0:00:00
2022-01-02,zB7lFywaK1g,College Football 25 Dynasty Extras,"Jul 7, 2024",521,0:00:00
2022-01-03,zB7lFywaK1g,College Football 25 Dynasty Extras,"Jul 7, 2024",521,0:00:00
2022-01-04,zB7lFywaK1g,College Football 25 Dynasty Extras,"Jul 7, 2024",521,0:00:00
2022-01-05,zB7lFywaK1g,College Football 25 Dynasty Extras,"Jul 7, 2024",521,0:00:00
2022-01-06,zB7lFywaK1g,College Football 25 Dynasty Extras,"Jul 7, 2024",521,0:00:00
2022-01-07,zB7lFywaK1g,College Football 25 Dynasty Extras,"Jul 7, 2024",521,0:00:00
2022-01-08,zB7lFywaK1g,College Football 25 Dynasty Extras,"Jul 7, 2024",521,0:00:00
2022-01-09,zB7lFywaK1g,College Football 25 Dynasty Extras,"Jul 7, 2024",521,0:00:00
2022-01-10,zB7lFywaK1g,College Football 25 Dynasty Extras,"Jul 7, 2024",521,0:00:00
2022-01-11,zB7lFywaK1g,College Football 25 Dynasty Extras,"Jul 7, 2024",521,0:00:00
2022-01-12,zB7lFywaK1g,College Football 25 Dynasty Extras,"Jul 7, 2024",521,0:00:00
2022-01-13,zB7lFywaK1g,College Football 25 Dynasty Extras,"Jul 7, 2024",521,0:00:00
2022-01-14,zB7lFywaK1g,College Football 25 Dynasty Extras,"Jul 7, 2024",521,0:00:00
2022-01-15,zB7lFywaK1g,College Football 25 Dynasty Extras,"Jul 7, 2024",521,0:00:00
2022-01-16,zB7lFywaK1g,College Football 25 Dynasty Extras,"Jul 7, 2024",521,0:00:00
2022-01-17,zB7lFywaK1g,College Football 25 Dynasty Extras,"Jul 7, 2024",521,0:00:00
2022-01-18,zB7lFywaK1g,College Football 25 Dynasty Extras,"Jul 7, 2024",521,0:00:00
2022-01-19,zB7lFywaK1g,College Football 25 Dynasty Extras,"Jul 7, 2024",521,0:00:00
2022-01-20,zB7lFywaK1g,College Football 25 Dynasty Extras,"Jul 7, 2024",521,0:00:00
2022-01-21,zB7lFywaK1g,College Football 25 Dynasty Extras,"Jul 7, 2024",521,0:00:00
2022-01-22,zB7lFywaK1g,College Football 25 Dynasty Extras,"Jul 7, 2024",521,0:00:00
2022-01-23,zB7lFywaK1g,College Football 25 Dynasty Extras,"Jul 7, 2024",521,0:00:00
2022-01-24,zB7lFywaK1g,College Football 25 Dynasty Extras,"Jul 7, 2024",521,0:00:00
2022-01-25,zB7lFywaK1g,College Football 25 Dynasty Extras,"Jul 7, 2024",521,0:00:00
2022-01-26,zB7lFywaK1g,College Football 25 Dynasty Extras,"Jul 7, 2024",521,0:00:00
2022-01-27,zB7lFywaK1g,College Football 25 Dynasty Extras,"Jul 7, 2024",521,0:00:00
2022-01-28,zB7lFywaK1g,College Football 25 Dynasty Extras,"Jul 7, 2024",521,0:00:00
2022-01-29,zB7lFywaK1g,College Football 25 Dynasty Extras,"Jul 7, 2024",521,0:00:00
2022-01-30,zB7lFywaK1g,College Football 25 Dynasty Extras,"Jul 7, 2024",521,0:00:00
2022-01-31,zB7lFywaK1g,College Football 25 Dynasty Extras,"Jul 7, 2024",521,0:00:00
2022-02-01,zB7lFywaK1g,College Football 25 Dynasty Extras,"Jul 7, 2024",521,0:00:00
2022-02-02,zB7lFywaK1g,College Football 25 Dynasty Extras,"Jul 7, 2024",521,0:00:00
2022-02-03,zB7lFywaK1g,College Football 25 Dynasty Extras,"Jul 7, 2024",521,0:00:00
2022-02-04,zB7lFywaK1g,College Football 25 Dynasty Extras,"Jul 7, 2024",521,0:00:00
2022-02-05,zB7lFywaK1g,College Football 25 Dynasty Extras,"Jul 7, 2024",521,0:00:00
2022-02-06,zB7lFywaK1g,College Football 25 Dynasty Extras,"Jul 7, 2024",521,0:00:00
2022-02-07,zB7lFywaK1g,College Football 25 Dynasty Extras,"Jul 7, 2024",521,0:00:00
2022-02-08,zB7lFywaK1g,College Football 25 Dynasty Extras,"Jul 7, 2024",521,0:00:00
2022-02-09,zB7lFywaK1g,College Football 25 Dynasty Extras,"Jul 7, 2024",521,0:00:00
2022-02-10,zB7lFywaK1g,College Football 25 Dynasty Extras,"Jul 7, 2024",521,0:00:00
2022-02-11,zB7lFywaK1g,College Football 25 Dynasty Extras,"Jul 7, 2024",521,0:00:00
2022-02-12,zB7lFywaK1g,College Football 25 Dynasty Extras,"Jul 7, 2024",521,0:00:00
2022-02-13,zB7lFywaK1g,College Football 25 Dynasty Extras,"Jul 7, 2024",521,0:00:00
2022-02-14,zB7lFywaK1g,College Football 25 Dynasty Extras,"Jul 7, 2024",521,0:00:00
2022-02-15,zB7lFywaK1g,College Football 25 Dynasty Extras,"Jul 7, 2024",521,0:00:00
2022-02-16,zB7lFywaK1g,College Football 25 Dynasty Extras,"Jul 7, 2024",521,0:00:00
2022-02-17,zB7lFywaK1g,College Football 25 Dynasty Extras,"Jul 7, 2024",521,0:00:00
2022-02-18,zB7lFywaK1g,College Football 25 Dynasty Extras,"Jul 7, 2024",521,0:00:00
2022-02-19,zB7lFywaK1g,College Football 25 Dynasty Extras,"Jul 7, 2024",521,0:00:00
2022-02-20,zB7lFywaK1g,College Football 25 Dynasty Extras,"Jul 7, 2024",521,0:00:00
2022-02-21,zB7lFywaK1g,College Football 25 Dynasty Extras,"Jul 7, 2024",521,0:00:00
2022-02-22,zB7lFywaK1g,College Football 25 Dynasty Extras,"Jul 7, 2024",521,0:00:00
2022-02-23,zB7lFywaK1g,College Football 25 Dynasty Extras,"Jul 7, 2024",521,0:00:00
2022-02-24,zB7lFywaK1g,College Football 25 Dynasty Extras,"Jul 7, 2024",521,0:00:00
2022-02-25,zB7lFywaK1g,College Football 25 Dynasty Extras,"Jul 7, 2024",521,0:00:00
2022-02-26,zB7lFywaK1g,College Football 25 Dynasty Extras,"Jul 7, 2024",521,0:00:00
2022-02-27,zB7lFywaK1g,College Football 25 Dynasty Extras,"Jul 7, 2024",521,0:00:00
2022-02-28,zB7lFywaK1g,College Football 25 Dynasty Extras,"Jul 7, 2024",521,0:00:00
2022-03-01,zB7lFywaK1g,College Football 25 Dynasty Extras,"Jul 7, 2024",521,0:00:00
2022-03-02,zB7lFywaK1g,College Football 25 Dynasty Extras,"Jul 7, 2024",521,0:00:00
2022-03-03,zB7lFywaK1g,College Football 25 Dynasty Extras,"Jul 7, 2024",521,0:00:00
2022-03-04,zB7lFywaK1g,College Football 25 Dynasty Extras,"Jul 7, 2024",521,0:00:00
2022-03-05,zB7lFywaK1g,College Football 25 Dynasty Extras,"Jul 7, 2024",521,0:00:00
2022-03-06,zB7lFywaK1g,College Football 25 Dynasty Extras,"Jul 7, 2024",521,0:00:00
2022-03-07,zB7lFywaK1g,College Football 25 Dynasty Extras,"Jul 7, 2024",521,0:00:00
2022-03-08,zB7lFywaK1g,College Football 25 Dynasty Extras,"Jul 7, 2024",521,0:00:00
2022-03-09,zB7lFywaK1g,College Football 25 Dynasty Extras,"Jul 7, 2024",521,0:00:00
2022-03-10,zB7lFywaK1g,College Football 25 Dynasty Extras,"Jul 7, 2024",521,0:00:00
2022-03-11,zB7lFywaK1g,College Football 25 Dynasty Extras,"Jul 7, 2024",521,0:00:00
2022-03-12,zB7lFywaK1g,College Football 25 Dynasty Extras,"Jul 7, 2024",521,0:00:00
2022-03-13,zB7lFywaK1g,College Football 25 Dynasty Extras,"Jul 7, 2024",521,0:00:00
2022-03-14,zB7lFywaK1g,College Football 25 Dynasty Extras,"Jul 7, 2024",521,0:00:00
2022-03-15,zB7lFywaK1g,College Football 25 Dynasty Extras,"Jul 7, 2024",521,0:00:00
2022-03-16,zB7lFywaK1g,College Football 25 Dynasty Extras,"Jul 7, 2024",521,0:00:00
2022-03-17,zB7lFywaK1g,College Football 25 Dynasty Extras,"Jul 7, 2024",521,0:00:00
2022-03-18,zB7lFywaK1g,College Football 25 Dynasty Extras,"Jul 7, 2024",521,0:00:00
2022-03-19,zB7lFywaK1g,College Football 25 Dynasty Extras,"Jul 7, 2024",521,0:00:00
2022-03-20,zB7lFywaK1g,College Football 25 Dynasty Extras,"Jul 7, 2024",521,0:00:00
2022-03-21,zB7lFywaK1g,College Football 25 Dynasty Extras,"Jul 7, 2024",521,0:00:00
2022-03-22,zB7lFywaK1g,College Football 25 Dynasty Extras,"Jul 7, 2024",521,0:00:00
2022-03-23,zB7lFywaK1g,College Football 25 Dynasty Extras,"Jul 7, 2024",521,0:00:00
2022-03-24,zB7lFywaK1g,College Football 25 Dynasty Extras,"Jul 7, 2024",521,0:00:00
2022-03-25,zB7lFywaK1g,College Football 25 Dynasty Extras,"Jul 7, 2024",521,0:00:00
2022-03-26,zB7lFywaK1g,College Football 25 Dynasty Extras,"Jul 7, 2024",521,0:00:00
2022-03-27,zB7lFywaK1g,College Football 25 Dynasty Extras,"Jul 7, 2024",521,0:00:00
2022-03-28,zB7lFywaK1g,College Football 25 Dynasty Extras,"Jul 7, 2024",521,0:00:00
2022-03-29,zB7lFywaK1g,College Football 25 Dynasty Extras,"Jul 7, 2024",521,0:00:00
2022-03-30,zB7lFywaK1g,College Football 25 Dynasty Extras,"Jul 7, 2024",521,0:00:00
2022-03-31,zB7lFywaK1g,College Football 25 Dynasty Extras,"Jul 7, 2024",521,0:00:00
2022-04-01,zB7lFywaK1g,College Football 25 Dynasty Extras,"Jul 7, 2024",521,0:00:00
2022-04-02,zB7lFywaK1g,College Football 25 Dynasty Extras,"Jul 7, 2024",521,0:00:00
2022-04-03,zB7lFywaK1g,College Football 25 Dynasty Extras,"Jul 7, 2024",521,0:00:00
2022-04-04,zB7lFywaK1g,College Football 25 Dynasty Extras,"Jul 7, 2024",521,0:00:00
2022-04-05,zB7lFywaK1g,College Football 25 Dynasty Extras,"Jul 7, 2024",521,0:00:00
2022-04-06,zB7lFywaK1g,College Football 25 Dynasty Extras,"Jul 7, 2024",521,0:00:00
2022-04-07,zB7lFywaK1g,College Football 25 Dynasty Extras,"Jul 7, 2024",521,0:00:00
2022-04-08,zB7lFywaK1g,College Football 25 Dynasty Extras,"Jul 7, 2024",521,0:00:00
2022-04-09,zB7lFywaK1g,College Football 25 Dynasty Extras,"Jul 7, 2024",521,0:00:00
2022-04-10,zB7lFywaK1g,College Football 25 Dynasty Extras,"Jul 7, 2024",521,0:00:00
2022-04-11,zB7lFywaK1g,College Football 25 Dynasty Extras,"Jul 7, 2024",521,0:00:00
2022-04-12,zB7lFywaK1g,College Football 25 Dynasty Extras,"Jul 7, 2024",521,0:00:00
2022-04-13,zB7lFywaK1g,College Football 25 Dynasty Extras,"Jul 7, 2024",521,0:00:00
2022-04-14,zB7lFywaK1g,College Football 25 Dynasty Extras,"Jul 7, 2024",521,0:00:00
2022-04-15,zB7lFywaK1g,College Football 25 Dynasty Extras,"Jul 7, 2024",521,0:00:00
2022-04-16,zB7lFywaK1g,College Football 25 Dynasty Extras,"Jul 7, 2024",521,0:00:00
2022-04-17,zB7lFywaK1g,College Football 25 Dynasty Extras,"Jul 7, 2024",521,0:00:00
2022-04-18,zB7lFywaK1g,College Football 25 Dynasty Extras,"Jul 7, 2024",521,0:00:00
2022-04-19,zB7lFywaK1g,College Football 25 Dynasty Extras,"Jul 7, 2024",521,0:00:00
2022-04-20,zB7lFywaK1g,College Football 25 Dynasty Extras,"Jul 7, 2024",521,0:00:00
2022-04-21,zB7lFywaK1g,College Football 25 Dynasty Extras,"Jul 7, 2024",521,0:00:00
2022-04-22,zB7lFywaK1g,College Football 25 Dynasty Extras,"Jul 7, 2024",521,0:00:00
2022-04-23,zB7lFywaK1g,College Football 25 Dynasty Extras,"Jul 7, 2024",521,0:00:00
2022-04-24,zB7lFywaK1g,College Football 25 Dynasty Extras,"Jul 7, 2024",521,0:00:00
2022-04-25,zB7lFywaK1g,College Football 25 Dynasty Extras,"Jul 7, 2024",521,0:00:00
2022-04-26,zB7lFywaK1g,College Football 25 Dynasty Extras,"Jul 7, 2024",521,0:00:00
2022-04-27,zB7lFywaK1g,College Football 25 Dynasty Extras,"Jul 7, 2024",521,0:00:00
2022-04-28,zB7lFywaK1g,College Football 25 Dynasty Extras,"Jul 7, 2024",521,0:00:00
2022-04-29,zB7lFywaK1g,College Football 25 Dynasty Extras,"Jul 7, 2024",521,0:00:00
2022-04-30,zB7lFywaK1g,College Football 25 Dynasty Extras,"Jul 7, 2024",521,0:00:00
2022-05-01,zB7lFywaK1g,College Football 25 Dynasty Extras,"Jul 7, 2024",521,0:00:00
2022-05-02,zB7lFywaK1g,College Football 25 Dynasty Extras,"Jul 7, 2024",521,0:00:00
2022-05-03,zB7lFywaK1g,College Football 25 Dynasty Extras,"Jul 7, 2024",521,0:00:00
2022-05-04,zB7lFywaK1g,College Football 25 Dynasty Extras,"Jul 7, 2024",521,0:00:00
2022-05-05,zB7lFywaK1g,College Football 25 Dynasty Extras,"Jul 7, 2024",521,0:00:00
2022-05-06,zB7lFywaK1g,College Football 25 Dynasty Extras,"Jul 7, 2024",521,0:00:00
2022-05-07,zB7lFywaK1g,College Football 25 Dynasty Extras,"Jul 7, 2024",521,0:00:00
2022-05-08,zB7lFywaK1g,College Football 25 Dynasty Extras,"Jul 7, 2024",521,0:00:00
2022-05-09,zB7lFywaK1g,College Football 25 Dynasty Extras,"Jul 7, 2024",521,0:00:00
2022-05-10,zB7lFywaK1g,College Football 25 Dynasty Extras,"Jul 7, 2024",521,0:00:00
2022-05-11,zB7lFywaK1g,College Football 25 Dynasty Extras,"Jul 7, 2024",521,0:00:00
2022-05-12,zB7lFywaK1g,College Football 25 Dynasty Extras,"Jul 7, 2024",521,0:00:00
2022-05-13,zB7lFywaK1g,College Football 25 Dynasty Extras,"Jul 7, 2024",521,0:00:00
2022-05-14,zB7lFywaK1g,College Football 25 Dynasty Extras,"Jul 7, 2024",521,0:00:00
2022-05-15,zB7lFywaK1g,College Football 25 Dynasty Extras,"Jul 7, 2024",521,0:00:00
2022-05-16,zB7lFywaK1g,College Football 25 Dynasty Extras,"Jul 7, 2024",521,0:00:00
2022-05-17,zB7lFywaK1g,College Football 25 Dynasty Extras,"Jul 7, 2024",521,0:00:00
2022-05-18,zB7lFywaK1g,College Football 25 Dynasty Extras,"Jul 7, 2024",521,0:00:00
2022-05-19,zB7lFywaK1g,College Football 25 Dynasty Extras,"Jul 7, 2024",521,0:00:00
2022-05-20,zB7lFywaK1g,College Football 25 Dynasty Extras,"Jul 7, 2024",521,0:00:00
2022-05-21,zB7lFywaK1g,College Football 25 Dynasty Extras,"Jul 7, 2024",521,0:00:00
2022-05-22,zB7lFywaK1g,College Football 25 Dynasty Extras,"Jul 7, 2024",521,0:00:00
2022-05-23,zB7lFywaK1g,College Football 25 Dynasty Extras,"Jul 7, 2024",521,0:00:00
2022-05-24,zB7lFywaK1g,College Football 25 Dynasty Extras,"Jul 7, 2024",521,0:00:00
2022-05-25,zB7lFywaK1g,College Football 25 Dynasty Extras,"Jul 7, 2024",521,0:00:00
2022-05-26,zB7lFywaK1g,College Football 25 Dynasty Extras,"Jul 7, 2024",521,0:00:00
2022-05-27,zB7lFywaK1g,College Football 25 Dynasty Extras,"Jul 7, 2024",521,0:00:00
2022-05-28,zB7lFywaK1g,College Football 25 Dynasty Extras,"Jul 7, 2024",521,0:00:00
2022-05-29,zB7lFywaK1g,College Football 25 Dynasty Extras,"Jul 7, 2024",521,0:00:00
2022-05-30,zB7lFywaK1g,College Football 25 Dynasty Extras,"Jul 7, 2024",521,0:00:00
2022-05-31,zB7lFywaK1g,College Football 25 Dynasty Extras,"Jul 7, 2024",521,0:00:00
2022-06-01,zB7lFywaK1g,College Football 25 Dynasty Extras,"Jul 7, 2024",521,0:00:00
2022-06-02,zB7lFywaK1g,College Football 25 Dynasty Extras,"Jul 7, 2024",521,0:00:00
2022-06-03,zB7lFywaK1g,College Football 25 Dynasty Extras,"Jul 7, 2024",521,0:00:00
2022-06-04,zB7lFywaK1g,College Football 25 Dynasty Extras,"Jul 7, 2024",521,0:00:00
2022-06-05,zB7lFywaK1g,College Football 25 Dynasty Extras,"Jul 7, 2024",521,0:00:00
2022-06-06,zB7lFywaK1g,College Football 25 Dynasty Extras,"Jul 7, 2024",521,0:00:00
2022-06-07,zB7lFywaK1g,College Football 25 Dynasty Extras,"Jul 7, 2024",521,0:00:00
2022-06-08,zB7lFywaK1g,College Football 25 Dynasty Extras,"Jul 7, 2024",521,0:00:00
2022-06-09,zB7lFywaK1g,College Football 25 Dynasty Extras,"Jul 7, 2024",521,0:00:00
2022-06-10,zB7lFywaK1g,College Football 25 Dynasty Extras,"Jul 7, 2024",521,0:00:00
2022-06-11,zB7lFywaK1g,College Football 25 Dynasty Extras,"Jul 7, 2024",521,0:00:00
2022-06-12,zB7lFywaK1g,College Football 25 Dynasty Extras,"Jul 7, 2024",521,0:00:00
2022-06-13,zB7lFywaK1g,College Football 25 Dynasty Extras,"Jul 7, 2024",521,0:00:00
2022-06-14,zB7lFywaK1g,College Football 25 Dynasty Extras,"Jul 7, 2024",521,0:00:00
2022-06-15,zB7lFywaK1g,College Football 25 Dynasty Extras,"Jul 7, 2024",521,0:00:00
2022-06-16,zB7lFywaK1g,College Football 25 Dynasty Extras,"Jul 7, 2024",521,0:00:00
2022-06-17,zB7lFywaK1g,College Football 25 Dynasty Extras,"Jul 7, 2024",521,0:00:00
2022-06-18,zB7lFywaK1g,College Football 25 Dynasty Extras,"Jul 7, 2024",521,0:00:00
2022-06-19,zB7lFywaK1g,College Football 25 Dynasty Extras,"Jul 7, 2024",521,0:00:00
2022-06-20,zB7lFywaK1g,College Football 25 Dynasty Extras,"Jul 7, 2024",521,0:00:00
2022-06-21,zB7lFywaK1g,College Football 25 Dynasty Extras,"Jul 7, 2024",521,0:00:00
2022-06-22,zB7lFywaK1g,College Football 25 Dynasty Extras,"Jul 7, 2024",521,0:00:00
2022-06-23,zB7lFywaK1g,College Football 25 Dynasty Extras,"Jul 7, 2024",521,0:00:00
2022-06-24,zB7lFywaK1g,College Football 25 Dynasty Extras,"Jul 7, 2024",521,0:00:00
2022-06-25,zB7lFywaK1g,College Football 25 Dynasty Extras,"Jul 7, 2024",521,0:00:00
2022-06-26,zB7lFywaK1g,College Football 25 Dynasty Extras,"Jul 7, 2024",521,0:00:00
2022-06-27,zB7lFywaK1g,College Football 25 Dynasty Extras,"Jul 7, 2024",521,0:00:00
2022-06-28,zB7lFywaK1g,College Football 25 Dynasty Extras,"Jul 7, 2024",521,0:00:00
2022-06-29,zB7lFywaK1g,College Football 25 Dynasty Extras,"Jul 7, 2024",521,0:00:00
2022-06-30,zB7lFywaK1g,College Football 25 Dynasty Extras,"Jul 7, 2024",521,0:00:00
2022-07-01,zB7lFywaK1g,College Football 25 Dynasty Extras,"Jul 7, 2024",521,0:00:00
2022-07-02,zB7lFywaK1g,College Football 25 Dynasty Extras,"Jul 7, 2024",521,0:00:00
2022-07-03,zB7lFywaK1g,College Football 25 Dynasty Extras,"Jul 7, 2024",521,0:00:00
2022-07-04,zB7lFywaK1g,College Football 25 Dynasty Extras,"Jul 7, 2024",521,0:00:00
2022-07-05,zB7lFywaK1g,College Football 25 Dynasty Extras,"Jul 7, 2024",521,0:00:00
2022-07-06,zB7lFywaK1g,College Football 25 Dynasty Extras,"Jul 7, 2024",521,0:00:00
2022-07-07,zB7lFywaK1g,College Football 25 Dynasty Extras,"Jul 7, 2024",521,0:00:00
2022-07-08,zB7lFywaK1g,College Football 25 Dynasty Extras,"Jul 7, 2024",521,0:00:00
2022-07-09,zB7lFywaK1g,College Football 25 Dynasty Extras,"Jul 7, 2024",521,0:00:00
2022-07-10,zB7lFywaK1g,College Football 25 Dynasty Extras,"Jul 7, 2024",521,0:00:00
2022-07-11,zB7lFywaK1g,College Football 25 Dynasty Extras,"Jul 7, 2024",521,0:00:00
2022-07-12,zB7lFywaK1g,College Football 25 Dynasty Extras,"Jul 7, 2024",521,0:00:00
2022-07-13,zB7lFywaK1g,College Football 25 Dynasty Extras,"Jul 7, 2024",521,0:00:00
2022-07-14,zB7lFywaK1g,College Football 25 Dynasty Extras,"Jul 7, 2024",521,0:00:00
2022-07-15,zB7lFywaK1g,College Football 25 Dynasty Extras,"Jul 7, 2024",521,0:00:00
2022-07-16,zB7lFywaK1g,College Football 25 Dynasty Extras,"Jul 7, 2024",521,0:00:00
2022-07-17,zB7lFywaK1g,College Football 25 Dynasty Extras,"Jul 7, 2024",521,0:00:00
2022-07-18,zB7lFywaK1g,College Football 25 Dynasty Extras,"Jul 7, 2024",521,0:00:00
2022-07-19,zB7lFywaK1g,College Football 25 Dynasty Extras,"Jul 7, 2024",521,0:00:00
2022-07-20,zB7lFywaK1g,College Football 25 Dynasty Extras,"Jul 7, 2024",521,0:00:00
2022-07-21,zB7lFywaK1g,College Football 25 Dynasty Extras,"Jul 7, 2024",521,0:00:00
2022-07-22,zB7lFywaK1g,College Football 25 Dynasty Extras,"Jul 7, 2024",521,0:00:00
2022-07-23,zB7lFywaK1g,College Football 25 Dynasty Extras,"Jul 7, 2024",521,0:00:00
2022-07-24,zB7lFywaK1g,College Football 25 Dynasty Extras,"Jul 7, 2024",521,0:00:00
2022-07-25,zB7lFywaK1g,College Football 25 Dynasty Extras,"Jul 7, 2024",521,0:00:00
2022-07-26,zB7lFywaK1g,College Football 25 Dynasty Extras,"Jul 7, 2024",521,0:00:00
2022-07-27,zB7lFywaK1g,College Football 25 Dynasty Extras,"Jul 7, 2024",521,0:00:00
2022-07-28,zB7lFywaK1g,College Football 25 Dynasty Extras,"Jul 7, 2024",521,0:00:00
2022-07-29,zB7lFywaK1g,College Football 25 Dynasty Extras,"Jul 7, 2024",521,0:00:00
2022-07-30,zB7lFywaK1g,College Football 25 Dynasty Extras,"Jul 7, 2024",521,0:00:00
2022-07-31,zB7lFywaK1g,College Football 25 Dynasty Extras,"Jul 7, 2024",521,0:00:00
2022-08-01,zB7lFywaK1g,College Football 25 Dynasty Extras,"Jul 7, 2024",521,0:00:00
2022-08-02,zB7lFywaK1g,College Football 25 Dynasty Extras,"Jul 7, 2024",521,0:00:00
2022-08-03,zB7lFywaK1g,College Football 25 Dynasty Extras,"Jul 7, 2024",521,0:00:00
2022-08-04,zB7lFywaK1g,College Football 25 Dynasty Extras,"Jul 7, 2024",521,0:00:00
2022-08-05,zB7lFywaK1g,College Football 25 Dynasty Extras,"Jul 7, 2024",521,0:00:00
2022-08-06,zB7lFywaK1g,College Football 25 Dynasty Extras,"Jul 7, 2024",521,0:00:00
2022-08-07,zB7lFywaK1g,College Football 25 Dynasty Extras,"Jul 7, 2024",521,0:00:00
2022-08-08,zB7lFywaK1g,College Football 25 Dynasty Extras,"Jul 7, 2024",521,0:00:00
2022-08-09,zB7lFywaK1g,College Football 25 Dynasty Extras,"Jul 7, 2024",521,0:00:00
2022-08-10,zB7lFywaK1g,College Football 25 Dynasty Extras,"Jul 7, 2024",521,0:00:00
2022-08-11,zB7lFywaK1g,College Football 25 Dynasty Extras,"Jul 7, 2024",521,0:00:00
2022-08-12,zB7lFywaK1g,College Football 25 Dynasty Extras,"Jul 7, 2024",521,0:00:00
2022-08-13,zB7lFywaK1g,College Football 25 Dynasty Extras,"Jul 7, 2024",521,0:00:00
2022-08-14,zB7lFywaK1g,College Football 25 Dynasty Extras,"Jul 7, 2024",521,0:00:00
2022-08-15,zB7lFywaK1g,College Football 25 Dynasty Extras,"Jul 7, 2024",521,0:00:00
2022-08-16,zB7lFywaK1g,College Football 25 Dynasty Extras,"Jul 7, 2024",521,0:00:00
2022-08-17,zB7lFywaK1g,College Football 25 Dynasty Extras,"Jul 7, 2024",521,0:00:00
2022-08-18,zB7lFywaK1g,College Football 25 Dynasty Extras,"Jul 7, 2024",521,0:00:00
2022-08-19,zB7lFywaK1g,College Football 25 Dynasty Extras,"Jul 7, 2024",521,0:00:00
2022-08-20,zB7lFywaK1g,College Football 25 Dynasty Extras,"Jul 7, 2024",521,0:00:00
2022-08-21,zB7lFywaK1g,College Football 25 Dynasty Extras,"Jul 7, 2024",521,0:00:00
2022-08-22,zB7lFywaK1g,College Football 25 Dynasty Extras,"Jul 7, 2024",521,0:00:00
2022-08-23,zB7lFywaK1g,College Football 25 Dynasty Extras,"Jul 7, 2024",521,0:00:00
2022-08-24,zB7lFywaK1g,College Football 25 Dynasty Extras,"Jul 7, 2024",521,0:00:00
2022-08-25,zB7lFywaK1g,College Football 25 Dynasty Extras,"Jul 7, 2024",521,0:00:00
2022-08-26,zB7lFywaK1g,College Football 25 Dynasty Extras,"Jul 7, 2024",521,0:00:00
2022-08-27,zB7lFywaK1g,College Football 25 Dynasty Extras,"Jul 7, 2024",521,0:00:00
2022-08-28,zB7lFywaK1g,College Football 25 Dynasty Extras,"Jul 7, 2024",521,0:00:00
2022-08-29,zB7lFywaK1g,College Football 25 Dynasty Extras,"Jul 7, 2024",521,0:00:00
2022-08-30,zB7lFywaK1g,College Football 25 Dynasty Extras,"Jul 7, 2024",521,0:00:00
2022-08-31,zB7lFywaK1g,College Football 25 Dynasty Extras,"Jul 7, 2024",521,0:00:00
2022-09-01,zB7lFywaK1g,College Football 25 Dynasty Extras,"Jul 7, 2024",521,0:00:00
2022-09-02,zB7lFywaK1g,College Football 25 Dynasty Extras,"Jul 7, 2024",521,0:00:00
2022-09-03,zB7lFywaK1g,College Football 25 Dynasty Extras,"Jul 7, 2024",521,0:00:00
2022-09-04,zB7lFywaK1g,College Football 25 Dynasty Extras,"Jul 7, 2024",521,0:00:00
2022-09-05,zB7lFywaK1g,College Football 25 Dynasty Extras,"Jul 7, 2024",521,0:00:00
2022-09-06,zB7lFywaK1g,College Football 25 Dynasty Extras,"Jul 7, 2024",521,0:00:00
2022-09-07,zB7lFywaK1g,College Football 25 Dynasty Extras,"Jul 7, 2024",521,0:00:00
2022-09-08,zB7lFywaK1g,College Football 25 Dynasty Extras,"Jul 7, 2024",521,0:00:00
2022-09-09,zB7lFywaK1g,College Football 25 Dynasty Extras,"Jul 7, 2024",521,0:00:00
2022-09-10,zB7lFywaK1g,College Football 25 Dynasty Extras,"Jul 7, 2024",521,0:00:00
2022-09-11,zB7lFywaK1g,College Football 25 Dynasty Extras,"Jul 7, 2024",521,0:00:00
2022-09-12,zB7lFywaK1g,College Football 25 Dynasty Extras,"Jul 7, 2024",521,0:00:00
2022-09-13,zB7lFywaK1g,College Football 25 Dynasty Extras,"Jul 7, 2024",521,0:00:00
2022-09-14,zB7lFywaK1g,College Football 25 Dynasty Extras,"Jul 7, 2024",521,0:00:00
2022-09-15,zB7lFywaK1g,College Football 25 Dynasty Extras,"Jul 7, 2024",521,0:00:00
2022-09-16,zB7lFywaK1g,College Football 25 Dynasty Extras,"Jul 7, 2024",521,0:00:00
2022-09-17,zB7lFywaK1g,College Football 25 Dynasty Extras,"Jul 7, 2024",521,0:00:00
2022-09-18,zB7lFywaK1g,College Football 25 Dynasty Extras,"Jul 7, 2024",521,0:00:00
2022-09-19,zB7lFywaK1g,College Football 25 Dynasty Extras,"Jul 7, 2024",521,0:00:00
2022-09-20,zB7lFywaK1g,College Football 25 Dynasty Extras,"Jul 7, 2024",521,0:00:00
2022-09-21,zB7lFywaK1g,College Football 25 Dynasty Extras,"Jul 7, 2024",521,0:00:00
2022-09-22,zB7lFywaK1g,College Football 25 Dynasty Extras,"Jul 7, 2024",521,0:00:00
2022-09-23,zB7lFywaK1g,College Football 25 Dynasty Extras,"Jul 7, 2024",521,0:00:00
2022-09-24,zB7lFywaK1g,College Football 25 Dynasty Extras,"Jul 7, 2024",521,0:00:00
2022-09-25,zB7lFywaK1g,College Football 25 Dynasty Extras,"Jul 7, 2024",521,0:00:00
2022-09-26,zB7lFywaK1g,College Football 25 Dynasty Extras,"Jul 7, 2024",521,0:00:00
2022-09-27,zB7lFywaK1g,College Football 25 Dynasty Extras,"Jul 7, 2024",521,0:00:00
2022-09-28,zB7lFywaK1g,College Football 25 Dynasty Extras,"Jul 7, 2024",521,0:00:00
2022-09-29,zB7lFywaK1g,College Football 25 Dynasty Extras,"Jul 7, 2024",521,0:00:00
2022-09-30,zB7lFywaK1g,College Football 25 Dynasty Extras,"Jul 7, 2024",521,0:00:00
2022-10-01,zB7lFywaK1g,College Football 25 Dynasty Extras,"Jul 7, 2024",521,0:00:00
2022-10-02,zB7lFywaK1g,College Football 25 Dynasty Extras,"Jul 7, 2024",521,0:00:00
2022-10-03,zB7lFywaK1g,College Football 25 Dynasty Extras,"Jul 7, 2024",521,0:00:00
2022-10-04,zB7lFywaK1g,College Football 25 Dynasty Extras,"Jul 7, 2024",521,0:00:00
2022-10-05,zB7lFywaK1g,College Football 25 Dynasty Extras,"Jul 7, 2024",521,0:00:00
2022-10-06,zB7lFywaK1g,College Football 25 Dynasty Extras,"Jul 7, 2024",521,0:00:00
2022-10-07,zB7lFywaK1g,College Football 25 Dynasty Extras,"Jul 7, 2024",521,0:00:00
2022-10-08,zB7lFywaK1g,College Football 25 Dynasty Extras,"Jul 7, 2024",521,0:00:00
2022-10-09,zB7lFywaK1g,College Football 25 Dynasty Extras,"Jul 7, 2024",521,0:00:00
2022-10-10,zB7lFywaK1g,College Football 25 Dynasty Extras,"Jul 7, 2024",521,0:00:00
2022-10-11,zB7lFywaK1g,College Football 25 Dynasty Extras,"Jul 7, 2024",521,0:00:00
2022-10-12,zB7lFywaK1g,College Football 25 Dynasty Extras,"Jul 7, 2024",521,0:00:00
2022-10-13,zB7lFywaK1g,College Football 25 Dynasty Extras,"Jul 7, 2024",521,0:00:00
2022-10-14,zB7lFywaK1g,College Football 25 Dynasty Extras,"Jul 7, 2024",521,0:00:00
2022-10-15,zB7lFywaK1g,College Football 25 Dynasty Extras,"Jul 7, 2024",521,0:00:00
2022-10-16,zB7lFywaK1g,College Football 25 Dynasty Extras,"Jul 7, 2024",521,0:00:00
2022-10-17,zB7lFywaK1g,College Football 25 Dynasty Extras,"Jul 7, 2024",521,0:00:00
2022-10-18,zB7lFywaK1g,College Football 25 Dynasty Extras,"Jul 7, 2024",521,0:00:00
2022-10-19,zB7lFywaK1g,College Football 25 Dynasty Extras,"Jul 7, 2024",521,0:00:00
2022-10-20,zB7lFywaK1g,College Football 25 Dynasty Extras,"Jul 7, 2024",521,0:00:00
2022-10-21,zB7lFywaK1g,College Football 25 Dynasty Extras,"Jul 7, 2024",521,0:00:00
2022-10-22,zB7lFywaK1g,College Football 25 Dynasty Extras,"Jul 7, 2024",521,0:00:00
2022-10-23,zB7lFywaK1g,College Football 25 Dynasty Extras,"Jul 7, 2024",521,0:00:00
2022-10-24,zB7lFywaK1g,College Football 25 Dynasty Extras,"Jul 7, 2024",521,0:00:00
2022-10-25,zB7lFywaK1g,College Football 25 Dynasty Extras,"Jul 7, 2024",521,0:00:00
2022-10-26,zB7lFywaK1g,College Football 25 Dynasty Extras,"Jul 7, 2024",521,0:00:00
2022-10-27,zB7lFywaK1g,College Football 25 Dynasty Extras,"Jul 7, 2024",521,0:00:00
2022-10-28,zB7lFywaK1g,College Football 25 Dynasty Extras,"Jul 7, 2024",521,0:00:00
2022-10-29,zB7lFywaK1g,College Football 25 Dynasty Extras,"Jul 7, 2024",521,0:00:00
2022-10-30,zB7lFywaK1g,College Football 25 Dynasty Extras,"Jul 7, 2024",521,0:00:00
2022-10-31,zB7lFywaK1g,College Football 25 Dynasty Extras,"Jul 7, 2024",521,0:00:00
2022-11-01,zB7lFywaK1g,College Football 25 Dynasty Extras,"Jul 7, 2024",521,0:00:00
2022-11-02,zB7lFywaK1g,College Football 25 Dynasty Extras,"Jul 7, 2024",521,0:00:00
2022-11-03,zB7lFywaK1g,College Football 25 Dynasty Extras,"Jul 7, 2024",521,0:00:00
2022-11-04,zB7lFywaK1g,College Football 25 Dynasty Extras,"Jul 7, 2024",521,0:00:00
2022-11-05,zB7lFywaK1g,College Football 25 Dynasty Extras,"Jul 7, 2024",521,0:00:00
2022-11-06,zB7lFywaK1g,College Football 25 Dynasty Extras,"Jul 7, 2024",521,0:00:00
2022-11-07,zB7lFywaK1g,College Football 25 Dynasty Extras,"Jul 7, 2024",521,0:00:00
2022-11-08,zB7lFywaK1g,College Football 25 Dynasty Extras,"Jul 7, 2024",521,0:00:00
2022-11-09,zB7lFywaK1g,College Football 25 Dynasty Extras,"Jul 7, 2024",521,0:00:00
2022-11-10,zB7lFywaK1g,College Football 25 Dynasty Extras,"Jul 7, 2024",521,0:00:00
2022-11-11,zB7lFywaK1g,College Football 25 Dynasty Extras,"Jul 7, 2024",521,0:00:00
2022-11-12,zB7lFywaK1g,College Football 25 Dynasty Extras,"Jul 7, 2024",521,0:00:00
2022-11-13,zB7lFywaK1g,College Football 25 Dynasty Extras,"Jul 7, 2024",521,0:00:00
2022-11-14,zB7lFywaK1g,College Football 25 Dynasty Extras,"Jul 7, 2024",521,0:00:00
2022-11-15,zB7lFywaK1g,College Football 25 Dynasty Extras,"Jul 7, 2024",521,0:00:00
2022-11-16,zB7lFywaK1g,College Football 25 Dynasty Extras,"Jul 7, 2024",521,0:00:00
2022-11-17,zB7lFywaK1g,College Football 25 Dynasty Extras,"Jul 7, 2024",521,0:00:00
2022-11-18,zB7lFywaK1g,College Football 25 Dynasty Extras,"Jul 7, 2024",521,0:00:00
2022-11-19,zB7lFywaK1g,College Football 25 Dynasty Extras,"Jul 7, 2024",521,0:00:00
2022-11-20,zB7lFywaK1g,College Football 25 Dynasty Extras,"Jul 7, 2024",521,0:00:00
2022-11-21,zB7lFywaK1g,College Football 25 Dynasty Extras,"Jul 7, 2024",521,0:00:00
2022-11-22,zB7lFywaK1g,College Football 25 Dynasty Extras,"Jul 7, 2024",521,0:00:00
2022-11-23,zB7lFywaK1g,College Football 25 Dynasty Extras,"Jul 7, 2024",521,0:00:00
2022-11-24,zB7lFywaK1g,College Football 25 Dynasty Extras,"Jul 7, 2024",521,0:00:00
2022-11-25,zB7lFywaK1g,College Football 25 Dynasty Extras,"Jul 7, 2024",521,0:00:00
2022-11-26,zB7lFywaK1g,College Football 25 Dynasty Extras,"Jul 7, 2024",521,0:00:00
2022-11-27,zB7lFywaK1g,College Football 25 Dynasty Extras,"Jul 7, 2024",521,0:00:00
2022-11-28,zB7lFywaK1g,College Football 25 Dynasty Extras,"Jul 7, 2024",521,0:00:00
2022-11-29,zB7lFywaK1g,College Football 25 Dynasty Extras,"Jul 7, 2024",521,0:00:00
2022-11-30,zB7lFywaK1g,College Football 25 Dynasty Extras,"Jul 7, 2024",521,0:00:00
2022-12-01,zB7lFywaK1g,College Football 25 Dynasty Extras,"Jul 7, 2024",521,0:00:00
2022-12-02,zB7lFywaK1g,College Football 25 Dynasty Extras,"Jul 7, 2024",521,0:00:00
2022-12-03,zB7lFywaK1g,College Football 25 Dynasty Extras,"Jul 7, 2024",521,0:00:00
2022-12-04,zB7lFywaK1g,College Football 25 Dynasty Extras,"Jul 7, 2024",521,0:00:00
2022-12-05,zB7lFywaK1g,College Football 25 Dynasty Extras,"Jul 7, 2024",521,0:00:00
2022-12-06,zB7lFywaK1g,College Football 25 Dynasty Extras,"Jul 7, 2024",521,0:00:00
2022-12-07,zB7lFywaK1g,College Football 25 Dynasty Extras,"Jul 7, 2024",521,0:00:00
2022-12-08,zB7lFywaK1g,College Football 25 Dynasty Extras,"Jul 7, 2024",521,0:00:00
2022-12-09,zB7lFywaK1g,College Football 25 Dynasty Extras,"Jul 7, 2024",521,0:00:00
2022-12-10,zB7lFywaK1g,College Football 25 Dynasty Extras,"Jul 7, 2024",521,0:00:00
2022-12-11,zB7lFywaK1g,College Football 25 Dynasty Extras,"Jul 7, 2024",521,0:00:00
2022-12-12,zB7lFywaK1g,College Football 25 Dynasty Extras,"Jul 7, 2024",521,0:00:00
2022-12-13,zB7lFywaK1g,College Football 25 Dynasty Extras,"Jul 7, 2024",521,0:00:00
2022-12-14,zB7lFywaK1g,College Football 25 Dynasty Extras,"Jul 7, 2024",521,0:00:00
2022-12-15,zB7lFywaK1g,College Football 25 Dynasty Extras,"Jul 7, 2024",521,0:00:00
2022-12-16,zB7lFywaK1g,College Football 25 Dynasty Extras,"Jul 7, 2024",521,0:00:00
2022-12-17,zB7lFywaK1g,College Football 25 Dynasty Extras,"Jul 7, 2024",521,0:00:00
2022-12-18,zB7lFywaK1g,College Football 25 Dynasty Extras,"Jul 7, 2024",521,0:00:00
2022-12-19,zB7lFywaK1g,College Football 25 Dynasty Extras,"Jul 7, 2024",521,0:00:00
2022-12-20,zB7lFywaK1g,College Football 25 Dynasty Extras,"Jul 7, 2024",521,0:00:00
2022-12-21,zB7lFywaK1g,College Football 25 Dynasty Extras,"Jul 7, 2024",521,0:00:00
2022-12-22,zB7lFywaK1g,College Football 25 Dynasty Extras,"Jul 7, 2024",521,0:00:00
2022-12-23,zB7lFywaK1g,College Football 25 Dynasty Extras,"Jul 7, 2024",521,0:00:00
2022-12-24,zB7lFywaK1g,College Football 25 Dynasty Extras,"Jul 7, 2024",521,0:00:00
2022-12-25,zB7lFywaK1g,College Football 25 Dynasty Extras,"Jul 7, 2024",521,0:00:00
2022-12-26,zB7lFywaK1g,College Football 25 Dynasty Extras,"Jul 7, 2024",521,0:00:00
2022-12-27,zB7lFywaK1g,College Football 25 Dynasty Extras,"Jul 7, 2024",521,0:00:00
2022-12-28,zB7lFywaK1g,College Football 25 Dynasty Extras,"Jul 7, 2024",521,0:00:00
2022-12-29,zB7lFywaK1g,College Football 25 Dynasty Extras,"Jul 7, 2024",521,0:00:00
2022-12-30,zB7lFywaK1g,College Football 25 Dynasty Extras,"Jul 7, 2024",521,0:00:00
2022-12-31,zB7lFywaK1g,College Football 25 Dynasty Extras,"Jul 7, 2024",521,0:00:00
2023-01-01,zB7lFywaK1g,College Football 25 Dynasty Extras,"Jul 7, 2024",521,0:00:00
2023-01-02,zB7lFywaK1g,College Football 25 Dynasty Extras,"Jul 7, 2024",521,0:00:00
2023-01-03,zB7lFywaK1g,College Football 25 Dynasty Extras,"Jul 7, 2024",521,0:00:00
2023-01-04,zB7lFywaK1g,College Football 25 Dynasty Extras,"Jul 7, 2024",521,0:00:00
2023-01-05,zB7lFywaK1g,College Football 25 Dynasty Extras,"Jul 7, 2024",521,0:00:00
2023-01-06,zB7lFywaK1g,College Football 25 Dynasty Extras,"Jul 7, 2024",521,0:00:00
2023-01-07,zB7lFywaK1g,College Football 25 Dynasty Extras,"Jul 7, 2024",521,0:00:00
2023-01-08,zB7lFywaK1g,College Football 25 Dynasty Extras,"Jul 7, 2024",521,0:00:00
2023-01-09,zB7lFywaK1g,College Football 25 Dynasty Extras,"Jul 7, 2024",521,0:00:00
2023-01-10,zB7lFywaK1g,College Football 25 Dynasty Extras,"Jul 7, 2024",521,0:00:00
2023-01-11,zB7lFywaK1g,College Football 25 Dynasty Extras,"Jul 7, 2024",521,0:00:00
2023-01-12,zB7lFywaK1g,College Football 25 Dynasty Extras,"Jul 7, 2024",521,0:00:00
2023-01-13,zB7lFywaK1g,College Football 25 Dynasty Extras,"Jul 7, 2024",521,0:00:00
2023-01-14,zB7lFywaK1g,College Football 25 Dynasty Extras,"Jul 7, 2024",521,0:00:00
2023-01-15,zB7lFywaK1g,College Football 25 Dynasty Extras,"Jul 7, 2024",521,0:00:00
2023-01-16,zB7lFywaK1g,College Football 25 Dynasty Extras,"Jul 7, 2024",521,0:00:00
2023-01-17,zB7lFywaK1g,College Football 25 Dynasty Extras,"Jul 7, 2024",521,0:00:00
2023-01-18,zB7lFywaK1g,College Football 25 Dynasty Extras,"Jul 7, 2024",521,0:00:00
2023-01-19,zB7lFywaK1g,College Football 25 Dynasty Extras,"Jul 7, 2024",521,0:00:00
2023-01-20,zB7lFywaK1g,College Football 25 Dynasty Extras,"Jul 7, 2024",521,0:00:00
2023-01-21,zB7lFywaK1g,College Football 25 Dynasty Extras,"Jul 7, 2024",521,0:00:00
2023-01-22,zB7lFywaK1g,College Football 25 Dynasty Extras,"Jul 7, 2024",521,0:00:00
2023-01-23,zB7lFywaK1g,College Football 25 Dynasty Extras,"Jul 7, 2024",521,0:00:00
2023-01-24,zB7lFywaK1g,College Football 25 Dynasty Extras,"Jul 7, 2024",521,0:00:00
2023-01-25,zB7lFywaK1g,College Football 25 Dynasty Extras,"Jul 7, 2024",521,0:00:00
2023-01-26,zB7lFywaK1g,College Football 25 Dynasty Extras,"Jul 7, 2024",521,0:00:00
2023-01-27,zB7lFywaK1g,College Football 25 Dynasty Extras,"Jul 7, 2024",521,0:00:00
2023-01-28,zB7lFywaK1g,College Football 25 Dynasty Extras,"Jul 7, 2024",521,0:00:00
2023-01-29,zB7lFywaK1g,College Football 25 Dynasty Extras,"Jul 7, 2024",521,0:00:00
2023-01-30,zB7lFywaK1g,College Football 25 Dynasty Extras,"Jul 7, 2024",521,0:00:00
2023-01-31,zB7lFywaK1g,College Football 25 Dynasty Extras,"Jul 7, 2024",521,0:00:00
2023-02-01,zB7lFywaK1g,College Football 25 Dynasty Extras,"Jul 7, 2024",521,0:00:00
2023-02-02,zB7lFywaK1g,College Football 25 Dynasty Extras,"Jul 7, 2024",521,0:00:00
2023-02-03,zB7lFywaK1g,College Football 25 Dynasty Extras,"Jul 7, 2024",521,0:00:00
2023-02-04,zB7lFywaK1g,College Football 25 Dynasty Extras,"Jul 7, 2024",521,0:00:00
2023-02-05,zB7lFywaK1g,College Football 25 Dynasty Extras,"Jul 7, 2024",521,0:00:00
2023-02-06,zB7lFywaK1g,College Football 25 Dynasty Extras,"Jul 7, 2024",521,0:00:00
2023-02-07,zB7lFywaK1g,College Football 25 Dynasty Extras,"Jul 7, 2024",521,0:00:00
2023-02-08,zB7lFywaK1g,College Football 25 Dynasty Extras,"Jul 7, 2024",521,0:00:00
2023-02-09,zB7lFywaK1g,College Football 25 Dynasty Extras,"Jul 7, 2024",521,0:00:00
2023-02-10,zB7lFywaK1g,College Football 25 Dynasty Extras,"Jul 7, 2024",521,0:00:00
2023-02-11,zB7lFywaK1g,College Football 25 Dynasty Extras,"Jul 7, 2024",521,0:00:00
2023-02-12,zB7lFywaK1g,College Football 25 Dynasty Extras,"Jul 7, 2024",521,0:00:00
2023-02-13,zB7lFywaK1g,College Football 25 Dynasty Extras,"Jul 7, 2024",521,0:00:00
2023-02-14,zB7lFywaK1g,College Football 25 Dynasty Extras,"Jul 7, 2024",521,0:00:00
2023-02-15,zB7lFywaK1g,College Football 25 Dynasty Extras,"Jul 7, 2024",521,0:00:00
2023-02-16,zB7lFywaK1g,College Football 25 Dynasty Extras,"Jul 7, 2024",521,0:00:00
2023-02-17,zB7lFywaK1g,College Football 25 Dynasty Extras,"Jul 7, 2024",521,0:00:00
2023-02-18,zB7lFywaK1g,College Football 25 Dynasty Extras,"Jul 7, 2024",521,0:00:00
2023-02-19,zB7lFywaK1g,College Football 25 Dynasty Extras,"Jul 7, 2024",521,0:00:00
2023-02-20,zB7lFywaK1g,College Football 25 Dynasty Extras,"Jul 7, 2024",521,0:00:00
2023-02-21,zB7lFywaK1g,College Football 25 Dynasty Extras,"Jul 7, 2024",521,0:00:00
2023-02-22,zB7lFywaK1g,College Football 25 Dynasty Extras,"Jul 7, 2024",521,0:00:00
2023-02-23,zB7lFywaK1g,College Football 25 Dynasty Extras,"Jul 7, 2024",521,0:00:00
2023-02-24,zB7lFywaK1g,College Football 25 Dynasty Extras,"Jul 7, 2024",521,0:00:00
2023-02-25,zB7lFywaK1g,College Football 25 Dynasty Extras,"Jul 7, 2024",521,0:00:00
2023-02-26,zB7lFywaK1g,College Football 25 Dynasty Extras,"Jul 7, 2024",521,0:00:00
2023-02-27,zB7lFywaK1g,College Football 25 Dynasty Extras,"Jul 7, 2024",521,0:00:00
2023-02-28,zB7lFywaK1g,College Football 25 Dynasty Extras,"Jul 7, 2024",521,0:00:00
2023-03-01,zB7lFywaK1g,College Football 25 Dynasty Extras,"Jul 7, 2024",521,0:00:00
2023-03-02,zB7lFywaK1g,College Football 25 Dynasty Extras,"Jul 7, 2024",521,0:00:00
2023-03-03,zB7lFywaK1g,College Football 25 Dynasty Extras,"Jul 7, 2024",521,0:00:00
2023-03-04,zB7lFywaK1g,College Football 25 Dynasty Extras,"Jul 7, 2024",521,0:00:00
2023-03-05,zB7lFywaK1g,College Football 25 Dynasty Extras,"Jul 7, 2024",521,0:00:00
2023-03-06,zB7lFywaK1g,College Football 25 Dynasty Extras,"Jul 7, 2024",521,0:00:00
2023-03-07,zB7lFywaK1g,College Football 25 Dynasty Extras,"Jul 7, 2024",521,0:00:00
2023-03-08,zB7lFywaK1g,College Football 25 Dynasty Extras,"Jul 7, 2024",521,0:00:00
2023-03-09,zB7lFywaK1g,College Football 25 Dynasty Extras,"Jul 7, 2024",521,0:00:00
2023-03-10,zB7lFywaK1g,College Football 25 Dynasty Extras,"Jul 7, 2024",521,0:00:00
2023-03-11,zB7lFywaK1g,College Football 25 Dynasty Extras,"Jul 7, 2024",521,0:00:00
2023-03-12,zB7lFywaK1g,College Football 25 Dynasty Extras,"Jul 7, 2024",521,0:00:00
2023-03-13,zB7lFywaK1g,College Football 25 Dynasty Extras,"Jul 7, 2024",521,0:00:00
2023-03-14,zB7lFywaK1g,College Football 25 Dynasty Extras,"Jul 7, 2024",521,0:00:00
2023-03-15,zB7lFywaK1g,College Football 25 Dynasty Extras,"Jul 7, 2024",521,0:00:00
2023-03-16,zB7lFywaK1g,College Football 25 Dynasty Extras,"Jul 7, 2024",521,0:00:00
2023-03-17,zB7lFywaK1g,College Football 25 Dynasty Extras,"Jul 7, 2024",521,0:00:00
2023-03-18,zB7lFywaK1g,College Football 25 Dynasty Extras,"Jul 7, 2024",521,0:00:00
2023-03-19,zB7lFywaK1g,College Football 25 Dynasty Extras,"Jul 7, 2024",521,0:00:00
2023-03-20,zB7lFywaK1g,College Football 25 Dynasty Extras,"Jul 7, 2024",521,0:00:00
2023-03-21,zB7lFywaK1g,College Football 25 Dynasty Extras,"Jul 7, 2024",521,0:00:00
2023-03-22,zB7lFywaK1g,College Football 25 Dynasty Extras,"Jul 7, 2024",521,0:00:00
2023-03-23,zB7lFywaK1g,College Football 25 Dynasty Extras,"Jul 7, 2024",521,0:00:00
2023-03-24,zB7lFywaK1g,College Football 25 Dynasty Extras,"Jul 7, 2024",521,0:00:00
2023-03-25,zB7lFywaK1g,College Football 25 Dynasty Extras,"Jul 7, 2024",521,0:00:00
2023-03-26,zB7lFywaK1g,College Football 25 Dynasty Extras,"Jul 7, 2024",521,0:00:00
2023-03-27,zB7lFywaK1g,College Football 25 Dynasty Extras,"Jul 7, 2024",521,0:00:00
2023-03-28,zB7lFywaK1g,College Football 25 Dynasty Extras,"Jul 7, 2024",521,0:00:00
2023-03-29,zB7lFywaK1g,College Football 25 Dynasty Extras,"Jul 7, 2024",521,0:00:00
2023-03-30,zB7lFywaK1g,College Football 25 Dynasty Extras,"Jul 7, 2024",521,0:00:00
2023-03-31,zB7lFywaK1g,College Football 25 Dynasty Extras,"Jul 7, 2024",521,0:00:00
2023-04-01,zB7lFywaK1g,College Football 25 Dynasty Extras,"Jul 7, 2024",521,0:00:00
2023-04-02,zB7lFywaK1g,College Football 25 Dynasty Extras,"Jul 7, 2024",521,0:00:00
2023-04-03,zB7lFywaK1g,College Football 25 Dynasty Extras,"Jul 7, 2024",521,0:00:00
2023-04-04,zB7lFywaK1g,College Football 25 Dynasty Extras,"Jul 7, 2024",521,0:00:00
2023-04-05,zB7lFywaK1g,College Football 25 Dynasty Extras,"Jul 7, 2024",521,0:00:00
2023-04-06,zB7lFywaK1g,College Football 25 Dynasty Extras,"Jul 7, 2024",521,0:00:00
2023-04-07,zB7lFywaK1g,College Football 25 Dynasty Extras,"Jul 7, 2024",521,0:00:00
2023-04-08,zB7lFywaK1g,College Football 25 Dynasty Extras,"Jul 7, 2024",521,0:00:00
2023-04-09,zB7lFywaK1g,College Football 25 Dynasty Extras,"Jul 7, 2024",521,0:00:00
2023-04-10,zB7lFywaK1g,College Football 25 Dynasty Extras,"Jul 7, 2024",521,0:00:00
2023-04-11,zB7lFywaK1g,College Football 25 Dynasty Extras,"Jul 7, 2024",521,0:00:00
2023-04-12,zB7lFywaK1g,College Football 25 Dynasty Extras,"Jul 7, 2024",521,0:00:00
2023-04-13,zB7lFywaK1g,College Football 25 Dynasty Extras,"Jul 7, 2024",521,0:00:00
2023-04-14,zB7lFywaK1g,College Football 25 Dynasty Extras,"Jul 7, 2024",521,0:00:00
2023-04-15,zB7lFywaK1g,College Football 25 Dynasty Extras,"Jul 7, 2024",521,0:00:00
2023-04-16,zB7lFywaK1g,College Football 25 Dynasty Extras,"Jul 7, 2024",521,0:00:00
2023-04-17,zB7lFywaK1g,College Football 25 Dynasty Extras,"Jul 7, 2024",521,0:00:00
2023-04-18,zB7lFywaK1g,College Football 25 Dynasty Extras,"Jul 7, 2024",521,0:00:00
2023-04-19,zB7lFywaK1g,College Football 25 Dynasty Extras,"Jul 7, 2024",521,0:00:00
2023-04-20,zB7lFywaK1g,College Football 25 Dynasty Extras,"Jul 7, 2024",521,0:00:00
2023-04-21,zB7lFywaK1g,College Football 25 Dynasty Extras,"Jul 7, 2024",521,0:00:00
2023-04-22,zB7lFywaK1g,College Football 25 Dynasty Extras,"Jul 7, 2024",521,0:00:00
2023-04-23,zB7lFywaK1g,College Football 25 Dynasty Extras,"Jul 7, 2024",521,0:00:00
2023-04-24,zB7lFywaK1g,College Football 25 Dynasty Extras,"Jul 7, 2024",521,0:00:00
2023-04-25,zB7lFywaK1g,College Football 25 Dynasty Extras,"Jul 7, 2024",521,0:00:00
2023-04-26,zB7lFywaK1g,College Football 25 Dynasty Extras,"Jul 7, 2024",521,0:00:00
2023-04-27,zB7lFywaK1g,College Football 25 Dynasty Extras,"Jul 7, 2024",521,0:00:00
2023-04-28,zB7lFywaK1g,College Football 25 Dynasty Extras,"Jul 7, 2024",521,0:00:00
2023-04-29,zB7lFywaK1g,College Football 25 Dynasty Extras,"Jul 7, 2024",521,0:00:00
2023-04-30,zB7lFywaK1g,College Football 25 Dynasty Extras,"Jul 7, 2024",521,0:00:00
2023-05-01,zB7lFywaK1g,College Football 25 Dynasty Extras,"Jul 7, 2024",521,0:00:00
2023-05-02,zB7lFywaK1g,College Football 25 Dynasty Extras,"Jul 7, 2024",521,0:00:00
2023-05-03,zB7lFywaK1g,College Football 25 Dynasty Extras,"Jul 7, 2024",521,0:00:00
2023-05-04,zB7lFywaK1g,College Football 25 Dynasty Extras,"Jul 7, 2024",521,0:00:00
2023-05-05,zB7lFywaK1g,College Football 25 Dynasty Extras,"Jul 7, 2024",521,0:00:00
2023-05-06,zB7lFywaK1g,College Football 25 Dynasty Extras,"Jul 7, 2024",521,0:00:00
2023-05-07,zB7lFywaK1g,College Football 25 Dynasty Extras,"Jul 7, 2024",521,0:00:00
2023-05-08,zB7lFywaK1g,College Football 25 Dynasty Extras,"Jul 7, 2024",521,0:00:00
2023-05-09,zB7lFywaK1g,College Football 25 Dynasty Extras,"Jul 7, 2024",521,0:00:00
2023-05-10,zB7lFywaK1g,College Football 25 Dynasty Extras,"Jul 7, 2024",521,0:00:00
2023-05-11,zB7lFywaK1g,College Football 25 Dynasty Extras,"Jul 7, 2024",521,0:00:00
2023-05-12,zB7lFywaK1g,College Football 25 Dynasty Extras,"Jul 7, 2024",521,0:00:00
2023-05-13,zB7lFywaK1g,College Football 25 Dynasty Extras,"Jul 7, 2024",521,0:00:00
2023-05-14,zB7lFywaK1g,College Football 25 Dynasty Extras,"Jul 7, 2024",521,0:00:00
2023-05-15,zB7lFywaK1g,College Football 25 Dynasty Extras,"Jul 7, 2024",521,0:00:00
2023-05-16,zB7lFywaK1g,College Football 25 Dynasty Extras,"Jul 7, 2024",521,0:00:00
2023-05-17,zB7lFywaK1g,College Football 25 Dynasty Extras,"Jul 7, 2024",521,0:00:00
2023-05-18,zB7lFywaK1g,College Football 25 Dynasty Extras,"Jul 7, 2024",521,0:00:00
2023-05-19,zB7lFywaK1g,College Football 25 Dynasty Extras,"Jul 7, 2024",521,0:00:00
2023-05-20,zB7lFywaK1g,College Football 25 Dynasty Extras,"Jul 7, 2024",521,0:00:00
2023-05-21,zB7lFywaK1g,College Football 25 Dynasty Extras,"Jul 7, 2024",521,0:00:00
2023-05-22,zB7lFywaK1g,College Football 25 Dynasty Extras,"Jul 7, 2024",521,0:00:00
2023-05-23,zB7lFywaK1g,College Football 25 Dynasty Extras,"Jul 7, 2024",521,0:00:00
2023-05-24,zB7lFywaK1g,College Football 25 Dynasty Extras,"Jul 7, 2024",521,0:00:00
2023-05-25,zB7lFywaK1g,College Football 25 Dynasty Extras,"Jul 7, 2024",521,0:00:00
2023-05-26,zB7lFywaK1g,College Football 25 Dynasty Extras,"Jul 7, 2024",521,0:00:00
2023-05-27,zB7lFywaK1g,College Football 25 Dynasty Extras,"Jul 7, 2024",521,0:00:00
2023-05-28,zB7lFywaK1g,College Football 25 Dynasty Extras,"Jul 7, 2024",521,0:00:00
2023-05-29,zB7lFywaK1g,College Football 25 Dynasty Extras,"Jul 7, 2024",521,0:00:00
2023-05-30,zB7lFywaK1g,College Football 25 Dynasty Extras,"Jul 7, 2024",521,0:00:00
2023-05-31,zB7lFywaK1g,College Football 25 Dynasty Extras,"Jul 7, 2024",521,0:00:00
2023-06-01,zB7lFywaK1g,College Football 25 Dynasty Extras,"Jul 7, 2024",521,0:00:00
2023-06-02,zB7lFywaK1g,College Football 25 Dynasty Extras,"Jul 7, 2024",521,0:00:00
2023-06-03,zB7lFywaK1g,College Football 25 Dynasty Extras,"Jul 7, 2024",521,0:00:00
2023-06-04,zB7lFywaK1g,College Football 25 Dynasty Extras,"Jul 7, 2024",521,0:00:00
2023-06-05,zB7lFywaK1g,College Football 25 Dynasty Extras,"Jul 7, 2024",521,0:00:00
2023-06-06,zB7lFywaK1g,College Football 25 Dynasty Extras,"Jul 7, 2024",521,0:00:00
2023-06-07,zB7lFywaK1g,College Football 25 Dynasty Extras,"Jul 7, 2024",521,0:00:00
2023-06-08,zB7lFywaK1g,College Football 25 Dynasty Extras,"Jul 7, 2024",521,0:00:00
2023-06-09,zB7lFywaK1g,College Football 25 Dynasty Extras,"Jul 7, 2024",521,0:00:00
2023-06-10,zB7lFywaK1g,College Football 25 Dynasty Extras,"Jul 7, 2024",521,0:00:00
2023-06-11,zB7lFywaK1g,College Football 25 Dynasty Extras,"Jul 7, 2024",521,0:00:00
2023-06-12,zB7lFywaK1g,College Football 25 Dynasty Extras,"Jul 7, 2024",521,0:00:00
2023-06-13,zB7lFywaK1g,College Football 25 Dynasty Extras,"Jul 7, 2024",521,0:00:00
2023-06-14,zB7lFywaK1g,College Football 25 Dynasty Extras,"Jul 7, 2024",521,0:00:00
2023-06-15,zB7lFywaK1g,College Football 25 Dynasty Extras,"Jul 7, 2024",521,0:00:00
2023-06-16,zB7lFywaK1g,College Football 25 Dynasty Extras,"Jul 7, 2024",521,0:00:00
2023-06-17,zB7lFywaK1g,College Football 25 Dynasty Extras,"Jul 7, 2024",521,0:00:00
2023-06-18,zB7lFywaK1g,College Football 25 Dynasty Extras,"Jul 7, 2024",521,0:00:00
2023-06-19,zB7lFywaK1g,College Football 25 Dynasty Extras,"Jul 7, 2024",521,0:00:00
2023-06-20,zB7lFywaK1g,College Football 25 Dynasty Extras,"Jul 7, 2024",521,0:00:00
2023-06-21,zB7lFywaK1g,College Football 25 Dynasty Extras,"Jul 7, 2024",521,0:00:00
2023-06-22,zB7lFywaK1g,College Football 25 Dynasty Extras,"Jul 7, 2024",521,0:00:00
2023-06-23,zB7lFywaK1g,College Football 25 Dynasty Extras,"Jul 7, 2024",521,0:00:00
2023-06-24,zB7lFywaK1g,College Football 25 Dynasty Extras,"Jul 7, 2024",521,0:00:00
2023-06-25,zB7lFywaK1g,College Football 25 Dynasty Extras,"Jul 7, 2024",521,0:00:00
2023-06-26,zB7lFywaK1g,College Football 25 Dynasty Extras,"Jul 7, 2024",521,0:00:00
2023-06-27,zB7lFywaK1g,College Football 25 Dynasty Extras,"Jul 7, 2024",521,0:00:00
2023-06-28,zB7lFywaK1g,College Football 25 Dynasty Extras,"Jul 7, 2024",521,0:00:00
2023-06-29,zB7lFywaK1g,College Football 25 Dynasty Extras,"Jul 7, 2024",521,0:00:00
2023-06-30,zB7lFywaK1g,College Football 25 Dynasty Extras,"Jul 7, 2024",521,0:00:00
2023-07-01,zB7lFywaK1g,College Football 25 Dynasty Extras,"Jul 7, 2024",521,0:00:00
2023-07-02,zB7lFywaK1g,College Football 25 Dynasty Extras,"Jul 7, 2024",521,0:00:00
2023-07-03,zB7lFywaK1g,College Football 25 Dynasty Extras,"Jul 7, 2024",521,0:00:00
2023-07-04,zB7lFywaK1g,College Football 25 Dynasty Extras,"Jul 7, 2024",521,0:00:00
2023-07-05,zB7lFywaK1g,College Football 25 Dynasty Extras,"Jul 7, 2024",521,0:00:00
2023-07-06,zB7lFywaK1g,College Football 25 Dynasty Extras,"Jul 7, 2024",521,0:00:00
2023-07-07,zB7lFywaK1g,College Football 25 Dynasty Extras,"Jul 7, 2024",521,0:00:00
2023-07-08,zB7lFywaK1g,College Football 25 Dynasty Extras,"Jul 7, 2024",521,0:00:00
2023-07-09,zB7lFywaK1g,College Football 25 Dynasty Extras,"Jul 7, 2024",521,0:00:00
2023-07-10,zB7lFywaK1g,College Football 25 Dynasty Extras,"Jul 7, 2024",521,0:00:00
2023-07-11,zB7lFywaK1g,College Football 25 Dynasty Extras,"Jul 7, 2024",521,0:00:00
2023-07-12,zB7lFywaK1g,College Football 25 Dynasty Extras,"Jul 7, 2024",521,0:00:00
2023-07-13,zB7lFywaK1g,College Football 25 Dynasty Extras,"Jul 7, 2024",521,0:00:00
2023-07-14,zB7lFywaK1g,College Football 25 Dynasty Extras,"Jul 7, 2024",521,0:00:00
2023-07-15,zB7lFywaK1g,College Football 25 Dynasty Extras,"Jul 7, 2024",521,0:00:00
2023-07-16,zB7lFywaK1g,College Football 25 Dynasty Extras,"Jul 7, 2024",521,0:00:00
2023-07-17,zB7lFywaK1g,College Football 25 Dynasty Extras,"Jul 7, 2024",521,0:00:00
2023-07-18,zB7lFywaK1g,College Football 25 Dynasty Extras,"Jul 7, 2024",521,0:00:00
2023-07-19,zB7lFywaK1g,College Football 25 Dynasty Extras,"Jul 7, 2024",521,0:00:00
2023-07-20,zB7lFywaK1g,College Football 25 Dynasty Extras,"Jul 7, 2024",521,0:00:00
2023-07-21,zB7lFywaK1g,College Football 25 Dynasty Extras,"Jul 7, 2024",521,0:00:00
2023-07-22,zB7lFywaK1g,College Football 25 Dynasty Extras,"Jul 7, 2024",521,0:00:00
2023-07-23,zB7lFywaK1g,College Football 25 Dynasty Extras,"Jul 7, 2024",521,0:00:00
2023-07-24,zB7lFywaK1g,College Football 25 Dynasty Extras,"Jul 7, 2024",521,0:00:00
2023-07-25,zB7lFywaK1g,College Football 25 Dynasty Extras,"Jul 7, 2024",521,0:00:00
2023-07-26,zB7lFywaK1g,College Football 25 Dynasty Extras,"Jul 7, 2024",521,0:00:00
2023-07-27,zB7lFywaK1g,College Football 25 Dynasty Extras,"Jul 7, 2024",521,0:00:00
2023-07-28,zB7lFywaK1g,College Football 25 Dynasty Extras,"Jul 7, 2024",521,0:00:00
2023-07-29,zB7lFywaK1g,College Football 25 Dynasty Extras,"Jul 7, 2024",521,0:00:00
2023-07-30,zB7lFywaK1g,College Football 25 Dynasty Extras,"Jul 7, 2024",521,0:00:00
2023-07-31,zB7lFywaK1g,College Football 25 Dynasty Extras,"Jul 7, 2024",521,0:00:00
2023-08-01,zB7lFywaK1g,College Football 25 Dynasty Extras,"Jul 7, 2024",521,0:00:00
2023-08-02,zB7lFywaK1g,College Football 25 Dynasty Extras,"Jul 7, 2024",521,0:00:00
2023-08-03,zB7lFywaK1g,College Football 25 Dynasty Extras,"Jul 7, 2024",521,0:00:00
2023-08-04,zB7lFywaK1g,College Football 25 Dynasty Extras,"Jul 7, 2024",521,0:00:00
2023-08-05,zB7lFywaK1g,College Football 25 Dynasty Extras,"Jul 7, 2024",521,0:00:00
2023-08-06,zB7lFywaK1g,College Football 25 Dynasty Extras,"Jul 7, 2024",521,0:00:00
2023-08-07,zB7lFywaK1g,College Football 25 Dynasty Extras,"Jul 7, 2024",521,0:00:00
2023-08-08,zB7lFywaK1g,College Football 25 Dynasty Extras,"Jul 7, 2024",521,0:00:00
2023-08-09,zB7lFywaK1g,College Football 25 Dynasty Extras,"Jul 7, 2024",521,0:00:00
2023-08-10,zB7lFywaK1g,College Football 25 Dynasty Extras,"Jul 7, 2024",521,0:00:00
2023-08-11,zB7lFywaK1g,College Football 25 Dynasty Extras,"Jul 7, 2024",521,0:00:00
2023-08-12,zB7lFywaK1g,College Football 25 Dynasty Extras,"Jul 7, 2024",521,0:00:00
2023-08-13,zB7lFywaK1g,College Football 25 Dynasty Extras,"Jul 7, 2024",521,0:00:00
2023-08-14,zB7lFywaK1g,College Football 25 Dynasty Extras,"Jul 7, 2024",521,0:00:00
2023-08-15,zB7lFywaK1g,College Football 25 Dynasty Extras,"Jul 7, 2024",521,0:00:00
2023-08-16,zB7lFywaK1g,College Football 25 Dynasty Extras,"Jul 7, 2024",521,0:00:00
2023-08-17,zB7lFywaK1g,College Football 25 Dynasty Extras,"Jul 7, 2024",521,0:00:00
2023-08-18,zB7lFywaK1g,College Football 25 Dynasty Extras,"Jul 7, 2024",521,0:00:00
2023-08-19,zB7lFywaK1g,College Football 25 Dynasty Extras,"Jul 7, 2024",521,0:00:00
2023-08-20,zB7lFywaK1g,College Football 25 Dynasty Extras,"Jul 7, 2024",521,0:00:00
2023-08-21,zB7lFywaK1g,College Football 25 Dynasty Extras,"Jul 7, 2024",521,0:00:00
2023-08-22,zB7lFywaK1g,College Football 25 Dynasty Extras,"Jul 7, 2024",521,0:00:00
2023-08-23,zB7lFywaK1g,College Football 25 Dynasty Extras,"Jul 7, 2024",521,0:00:00
2023-08-24,zB7lFywaK1g,College Football 25 Dynasty Extras,"Jul 7, 2024",521,0:00:00
2023-08-25,zB7lFywaK1g,College Football 25 Dynasty Extras,"Jul 7, 2024",521,0:00:00
2023-08-26,zB7lFywaK1g,College Football 25 Dynasty Extras,"Jul 7, 2024",521,0:00:00
2023-08-27,zB7lFywaK1g,College Football 25 Dynasty Extras,"Jul 7, 2024",521,0:00:00
2023-08-28,zB7lFywaK1g,College Football 25 Dynasty Extras,"Jul 7, 2024",521,0:00:00
2023-08-29,zB7lFywaK1g,College Football 25 Dynasty Extras,"Jul 7, 2024",521,0:00:00
2023-08-30,zB7lFywaK1g,College Football 25 Dynasty Extras,"Jul 7, 2024",521,0:00:00
2023-08-31,zB7lFywaK1g,College Football 25 Dynasty Extras,"Jul 7, 2024",521,0:00:00
2023-09-01,zB7lFywaK1g,College Football 25 Dynasty Extras,"Jul 7, 2024",521,0:00:00
2023-09-02,zB7lFywaK1g,College Football 25 Dynasty Extras,"Jul 7, 2024",521,0:00:00
2023-09-03,zB7lFywaK1g,College Football 25 Dynasty Extras,"Jul 7, 2024",521,0:00:00
2023-09-04,zB7lFywaK1g,College Football 25 Dynasty Extras,"Jul 7, 2024",521,0:00:00
2023-09-05,zB7lFywaK1g,College Football 25 Dynasty Extras,"Jul 7, 2024",521,0:00:00
2023-09-06,zB7lFywaK1g,College Football 25 Dynasty Extras,"Jul 7, 2024",521,0:00:00
2023-09-07,zB7lFywaK1g,College Football 25 Dynasty Extras,"Jul 7, 2024",521,0:00:00
2023-09-08,zB7lFywaK1g,College Football 25 Dynasty Extras,"Jul 7, 2024",521,0:00:00
2023-09-09,zB7lFywaK1g,College Football 25 Dynasty Extras,"Jul 7, 2024",521,0:00:00
2023-09-10,zB7lFywaK1g,College Football 25 Dynasty Extras,"Jul 7, 2024",521,0:00:00
2023-09-11,zB7lFywaK1g,College Football 25 Dynasty Extras,"Jul 7, 2024",521,0:00:00
2023-09-12,zB7lFywaK1g,College Football 25 Dynasty Extras,"Jul 7, 2024",521,0:00:00
2023-09-13,zB7lFywaK1g,College Football 25 Dynasty Extras,"Jul 7, 2024",521,0:00:00
2023-09-14,zB7lFywaK1g,College Football 25 Dynasty Extras,"Jul 7, 2024",521,0:00:00
2023-09-15,zB7lFywaK1g,College Football 25 Dynasty Extras,"Jul 7, 2024",521,0:00:00
2023-09-16,zB7lFywaK1g,College Football 25 Dynasty Extras,"Jul 7, 2024",521,0:00:00
2023-09-17,zB7lFywaK1g,College Football 25 Dynasty Extras,"Jul 7, 2024",521,0:00:00
2023-09-18,zB7lFywaK1g,College Football 25 Dynasty Extras,"Jul 7, 2024",521,0:00:00
2023-09-19,zB7lFywaK1g,College Football 25 Dynasty Extras,"Jul 7, 2024",521,0:00:00
2023-09-20,zB7lFywaK1g,College Football 25 Dynasty Extras,"Jul 7, 2024",521,0:00:00
2023-09-21,zB7lFywaK1g,College Football 25 Dynasty Extras,"Jul 7, 2024",521,0:00:00
2023-09-22,zB7lFywaK1g,College Football 25 Dynasty Extras,"Jul 7, 2024",521,0:00:00
2023-09-23,zB7lFywaK1g,College Football 25 Dynasty Extras,"Jul 7, 2024",521,0:00:00
2023-09-24,zB7lFywaK1g,College Football 25 Dynasty Extras,"Jul 7, 2024",521,0:00:00
2023-09-25,zB7lFywaK1g,College Football 25 Dynasty Extras,"Jul 7, 2024",521,0:00:00
2023-09-26,zB7lFywaK1g,College Football 25 Dynasty Extras,"Jul 7, 2024",521,0:00:00
2023-09-27,zB7lFywaK1g,College Football 25 Dynasty Extras,"Jul 7, 2024",521,0:00:00
2023-09-28,zB7lFywaK1g,College Football 25 Dynasty Extras,"Jul 7, 2024",521,0:00:00
2023-09-29,zB7lFywaK1g,College Football 25 Dynasty Extras,"Jul 7, 2024",521,0:00:00
2023-09-30,zB7lFywaK1g,College Football 25 Dynasty Extras,"Jul 7, 2024",521,0:00:00
2023-10-01,zB7lFywaK1g,College Football 25 Dynasty Extras,"Jul 7, 2024",521,0:00:00
2023-10-02,zB7lFywaK1g,College Football 25 Dynasty Extras,"Jul 7, 2024",521,0:00:00
2023-10-03,zB7lFywaK1g,College Football 25 Dynasty Extras,"Jul 7, 2024",521,0:00:00
2023-10-04,zB7lFywaK1g,College Football 25 Dynasty Extras,"Jul 7, 2024",521,0:00:00
2023-10-05,zB7lFywaK1g,College Football 25 Dynasty Extras,"Jul 7, 2024",521,0:00:00
2023-10-06,zB7lFywaK1g,College Football 25 Dynasty Extras,"Jul 7, 2024",521,0:00:00
2023-10-07,zB7lFywaK1g,College Football 25 Dynasty Extras,"Jul 7, 2024",521,0:00:00
2023-10-08,zB7lFywaK1g,College Football 25 Dynasty Extras,"Jul 7, 2024",521,0:00:00
2023-10-09,zB7lFywaK1g,College Football 25 Dynasty Extras,"Jul 7, 2024",521,0:00:00
2023-10-10,zB7lFywaK1g,College Football 25 Dynasty Extras,"Jul 7, 2024",521,0:00:00
2023-10-11,zB7lFywaK1g,College Football 25 Dynasty Extras,"Jul 7, 2024",521,0:00:00
2023-10-12,zB7lFywaK1g,College Football 25 Dynasty Extras,"Jul 7, 2024",521,0:00:00
2023-10-13,zB7lFywaK1g,College Football 25 Dynasty Extras,"Jul 7, 2024",521,0:00:00
2023-10-14,zB7lFywaK1g,College Football 25 Dynasty Extras,"Jul 7, 2024",521,0:00:00
2023-10-15,zB7lFywaK1g,College Football 25 Dynasty Extras,"Jul 7, 2024",521,0:00:00
2023-10-16,zB7lFywaK1g,College Football 25 Dynasty Extras,"Jul 7, 2024",521,0:00:00
2023-10-17,zB7lFywaK1g,College Football 25 Dynasty Extras,"Jul 7, 2024",521,0:00:00
2023-10-18,zB7lFywaK1g,College Football 25 Dynasty Extras,"Jul 7, 2024",521,0:00:00
2023-10-19,zB7lFywaK1g,College Football 25 Dynasty Extras,"Jul 7, 2024",521,0:00:00
2023-10-20,zB7lFywaK1g,College Football 25 Dynasty Extras,"Jul 7, 2024",521,0:00:00
2023-10-21,zB7lFywaK1g,College Football 25 Dynasty Extras,"Jul 7, 2024",521,0:00:00
2023-10-22,zB7lFywaK1g,College Football 25 Dynasty Extras,"Jul 7, 2024",521,0:00:00
2023-10-23,zB7lFywaK1g,College Football 25 Dynasty Extras,"Jul 7, 2024",521,0:00:00
2023-10-24,zB7lFywaK1g,College Football 25 Dynasty Extras,"Jul 7, 2024",521,0:00:00
2023-10-25,zB7lFywaK1g,College Football 25 Dynasty Extras,"Jul 7, 2024",521,0:00:00
2023-10-26,zB7lFywaK1g,College Football 25 Dynasty Extras,"Jul 7, 2024",521,0:00:00
2023-10-27,zB7lFywaK1g,College Football 25 Dynasty Extras,"Jul 7, 2024",521,0:00:00
2023-10-28,zB7lFywaK1g,College Football 25 Dynasty Extras,"Jul 7, 2024",521,0:00:00
2023-10-29,zB7lFywaK1g,College Football 25 Dynasty Extras,"Jul 7, 2024",521,0:00:00
2023-10-30,zB7lFywaK1g,College Football 25 Dynasty Extras,"Jul 7, 2024",521,0:00:00
2023-10-31,zB7lFywaK1g,College Football 25 Dynasty Extras,"Jul 7, 2024",521,0:00:00
2023-11-01,zB7lFywaK1g,College Football 25 Dynasty Extras,"Jul 7, 2024",521,0:00:00
2023-11-02,zB7lFywaK1g,College Football 25 Dynasty Extras,"Jul 7, 2024",521,0:00:00
2023-11-03,zB7lFywaK1g,College Football 25 Dynasty Extras,"Jul 7, 2024",521,0:00:00
2023-11-04,zB7lFywaK1g,College Football 25 Dynasty Extras,"Jul 7, 2024",521,0:00:00
2023-11-05,zB7lFywaK1g,College Football 25 Dynasty Extras,"Jul 7, 2024",521,0:00:00
2023-11-06,zB7lFywaK1g,College Football 25 Dynasty Extras,"Jul 7, 2024",521,0:00:00
2023-11-07,zB7lFywaK1g,College Football 25 Dynasty Extras,"Jul 7, 2024",521,0:00:00
2023-11-08,zB7lFywaK1g,College Football 25 Dynasty Extras,"Jul 7, 2024",521,0:00:00
2023-11-09,zB7lFywaK1g,College Football 25 Dynasty Extras,"Jul 7, 2024",521,0:00:00
2023-11-10,zB7lFywaK1g,College Football 25 Dynasty Extras,"Jul 7, 2024",521,0:00:00
2023-11-11,zB7lFywaK1g,College Football 25 Dynasty Extras,"Jul 7, 2024",521,0:00:00
2023-11-12,zB7lFywaK1g,College Football 25 Dynasty Extras,"Jul 7, 2024",521,0:00:00
2023-11-13,zB7lFywaK1g,College Football 25 Dynasty Extras,"Jul 7, 2024",521,0:00:00
2023-11-14,zB7lFywaK1g,College Football 25 Dynasty Extras,"Jul 7, 2024",521,0:00:00
2023-11-15,zB7lFywaK1g,College Football 25 Dynasty Extras,"Jul 7, 2024",521,0:00:00
2023-11-16,zB7lFywaK1g,College Football 25 Dynasty Extras,"Jul 7, 2024",521,0:00:00
2023-11-17,zB7lFywaK1g,College Football 25 Dynasty Extras,"Jul 7, 2024",521,0:00:00
2023-11-18,zB7lFywaK1g,College Football 25 Dynasty Extras,"Jul 7, 2024",521,0:00:00
2023-11-19,zB7lFywaK1g,College Football 25 Dynasty Extras,"Jul 7, 2024",521,0:00:00
2023-11-20,zB7lFywaK1g,College Football 25 Dynasty Extras,"Jul 7, 2024",521,0:00:00
2023-11-21,zB7lFywaK1g,College Football 25 Dynasty Extras,"Jul 7, 2024",521,0:00:00
2023-11-22,zB7lFywaK1g,College Football 25 Dynasty Extras,"Jul 7, 2024",521,0:00:00
2023-11-23,zB7lFywaK1g,College Football 25 Dynasty Extras,"Jul 7, 2024",521,0:00:00
2023-11-24,zB7lFywaK1g,College Football 25 Dynasty Extras,"Jul 7, 2024",521,0:00:00
2023-11-25,zB7lFywaK1g,College Football 25 Dynasty Extras,"Jul 7, 2024",521,0:00:00
2023-11-26,zB7lFywaK1g,College Football 25 Dynasty Extras,"Jul 7, 2024",521,0:00:00
2023-11-27,zB7lFywaK1g,College Football 25 Dynasty Extras,"Jul 7, 2024",521,0:00:00
2023-11-28,zB7lFywaK1g,College Football 25 Dynasty Extras,"Jul 7, 2024",521,0:00:00
2023-11-29,zB7lFywaK1g,College Football 25 Dynasty Extras,"Jul 7, 2024",521,0:00:00
2023-11-30,zB7lFywaK1g,College Football 25 Dynasty Extras,"Jul 7, 2024",521,0:00:00
2023-12-01,zB7lFywaK1g,College Football 25 Dynasty Extras,"Jul 7, 2024",521,0:00:00
2023-12-02,zB7lFywaK1g,College Football 25 Dynasty Extras,"Jul 7, 2024",521,0:00:00
2023-12-03,zB7lFywaK1g,College Football 25 Dynasty Extras,"Jul 7, 2024",521,0:00:00
2023-12-04,zB7lFywaK1g,College Football 25 Dynasty Extras,"Jul 7, 2024",521,0:00:00
2023-12-05,zB7lFywaK1g,College Football 25 Dynasty Extras,"Jul 7, 2024",521,0:00:00
2023-12-06,zB7lFywaK1g,College Football 25 Dynasty Extras,"Jul 7, 2024",521,0:00:00
2023-12-07,zB7lFywaK1g,College Football 25 Dynasty Extras,"Jul 7, 2024",521,0:00:00
2023-12-08,zB7lFywaK1g,College Football 25 Dynasty Extras,"Jul 7, 2024",521,0:00:00
2023-12-09,zB7lFywaK1g,College Football 25 Dynasty Extras,"Jul 7, 2024",521,0:00:00
2023-12-10,zB7lFywaK1g,College Football 25 Dynasty Extras,"Jul 7, 2024",521,0:00:00
2023-12-11,zB7lFywaK1g,College Football 25 Dynasty Extras,"Jul 7, 2024",521,0:00:00
2023-12-12,zB7lFywaK1g,College Football 25 Dynasty Extras,"Jul 7, 2024",521,0:00:00
2023-12-13,zB7lFywaK1g,College Football 25 Dynasty Extras,"Jul 7, 2024",521,0:00:00
2023-12-14,zB7lFywaK1g,College Football 25 Dynasty Extras,"Jul 7, 2024",521,0:00:00
2023-12-15,zB7lFywaK1g,College Football 25 Dynasty Extras,"Jul 7, 2024",521,0:00:00
2023-12-16,zB7lFywaK1g,College Football 25 Dynasty Extras,"Jul 7, 2024",521,0:00:00
2023-12-17,zB7lFywaK1g,College Football 25 Dynasty Extras,"Jul 7, 2024",521,0:00:00
2023-12-18,zB7lFywaK1g,College Football 25 Dynasty Extras,"Jul 7, 2024",521,0:00:00
2023-12-19,zB7lFywaK1g,College Football 25 Dynasty Extras,"Jul 7, 2024",521,0:00:00
2023-12-20,zB7lFywaK1g,College Football 25 Dynasty Extras,"Jul 7, 2024",521,0:00:00
2023-12-21,zB7lFywaK1g,College Football 25 Dynasty Extras,"Jul 7, 2024",521,0:00:00
2023-12-22,zB7lFywaK1g,College Football 25 Dynasty Extras,"Jul 7, 2024",521,0:00:00
2023-12-23,zB7lFywaK1g,College Football 25 Dynasty Extras,"Jul 7, 2024",521,0:00:00
2023-12-24,zB7lFywaK1g,College Football 25 Dynasty Extras,"Jul 7, 2024",521,0:00:00
2023-12-25,zB7lFywaK1g,College Football 25 Dynasty Extras,"Jul 7, 2024",521,0:00:00
2023-12-26,zB7lFywaK1g,College Football 25 Dynasty Extras,"Jul 7, 2024",521,0:00:00
2023-12-27,zB7lFywaK1g,College Football 25 Dynasty Extras,"Jul 7, 2024",521,0:00:00
2023-12-28,zB7lFywaK1g,College Football 25 Dynasty Extras,"Jul 7, 2024",521,0:00:00
2023-12-29,zB7lFywaK1g,College Football 25 Dynasty Extras,"Jul 7, 2024",521,0:00:00
2023-12-30,zB7lFywaK1g,College Football 25 Dynasty Extras,"Jul 7, 2024",521,0:00:00
2023-12-31,zB7lFywaK1g,College Football 25 Dynasty Extras,"Jul 7, 2024",521,0:00:00
2024-01-01,zB7lFywaK1g,College Football 25 Dynasty Extras,"Jul 7, 2024",521,0:00:00
2024-01-02,zB7lFywaK1g,College Football 25 Dynasty Extras,"Jul 7, 2024",521,0:00:00
2024-01-03,zB7lFywaK1g,College Football 25 Dynasty Extras,"Jul 7, 2024",521,0:00:00
2024-01-04,zB7lFywaK1g,College Football 25 Dynasty Extras,"Jul 7, 2024",521,0:00:00
2024-01-05,zB7lFywaK1g,College Football 25 Dynasty Extras,"Jul 7, 2024",521,0:00:00
2024-01-06,zB7lFywaK1g,College Football 25 Dynasty Extras,"Jul 7, 2024",521,0:00:00
2024-01-07,zB7lFywaK1g,College Football 25 Dynasty Extras,"Jul 7, 2024",521,0:00:00
2024-01-08,zB7lFywaK1g,College Football 25 Dynasty Extras,"Jul 7, 2024",521,0:00:00
2024-01-09,zB7lFywaK1g,College Football 25 Dynasty Extras,"Jul 7, 2024",521,0:00:00
2024-01-10,zB7lFywaK1g,College Football 25 Dynasty Extras,"Jul 7, 2024",521,0:00:00
2024-01-11,zB7lFywaK1g,College Football 25 Dynasty Extras,"Jul 7, 2024",521,0:00:00
2024-01-12,zB7lFywaK1g,College Football 25 Dynasty Extras,"Jul 7, 2024",521,0:00:00
2024-01-13,zB7lFywaK1g,College Football 25 Dynasty Extras,"Jul 7, 2024",521,0:00:00
2024-01-14,zB7lFywaK1g,College Football 25 Dynasty Extras,"Jul 7, 2024",521,0:00:00
2024-01-15,zB7lFywaK1g,College Football 25 Dynasty Extras,"Jul 7, 2024",521,0:00:00
2024-01-16,zB7lFywaK1g,College Football 25 Dynasty Extras,"Jul 7, 2024",521,0:00:00
2024-01-17,zB7lFywaK1g,College Football 25 Dynasty Extras,"Jul 7, 2024",521,0:00:00
2024-01-18,zB7lFywaK1g,College Football 25 Dynasty Extras,"Jul 7, 2024",521,0:00:00
2024-01-19,zB7lFywaK1g,College Football 25 Dynasty Extras,"Jul 7, 2024",521,0:00:00
2024-01-20,zB7lFywaK1g,College Football 25 Dynasty Extras,"Jul 7, 2024",521,0:00:00
2024-01-21,zB7lFywaK1g,College Football 25 Dynasty Extras,"Jul 7, 2024",521,0:00:00
2024-01-22,zB7lFywaK1g,College Football 25 Dynasty Extras,"Jul 7, 2024",521,0:00:00
2024-01-23,zB7lFywaK1g,College Football 25 Dynasty Extras,"Jul 7, 2024",521,0:00:00
2024-01-24,zB7lFywaK1g,College Football 25 Dynasty Extras,"Jul 7, 2024",521,0:00:00
2024-01-25,zB7lFywaK1g,College Football 25 Dynasty Extras,"Jul 7, 2024",521,0:00:00
2024-01-26,zB7lFywaK1g,College Football 25 Dynasty Extras,"Jul 7, 2024",521,0:00:00
2024-01-27,zB7lFywaK1g,College Football 25 Dynasty Extras,"Jul 7, 2024",521,0:00:00
2024-01-28,zB7lFywaK1g,College Football 25 Dynasty Extras,"Jul 7, 2024",521,0:00:00
2024-01-29,zB7lFywaK1g,College Football 25 Dynasty Extras,"Jul 7, 2024",521,0:00:00
2024-01-30,zB7lFywaK1g,College Football 25 Dynasty Extras,"Jul 7, 2024",521,0:00:00
2024-01-31,zB7lFywaK1g,College Football 25 Dynasty Extras,"Jul 7, 2024",521,0:00:00
2024-02-01,zB7lFywaK1g,College Football 25 Dynasty Extras,"Jul 7, 2024",521,0:00:00
2024-02-02,zB7lFywaK1g,College Football 25 Dynasty Extras,"Jul 7, 2024",521,0:00:00
2024-02-03,zB7lFywaK1g,College Football 25 Dynasty Extras,"Jul 7, 2024",521,0:00:00
2024-02-04,zB7lFywaK1g,College Football 25 Dynasty Extras,"Jul 7, 2024",521,0:00:00
2024-02-05,zB7lFywaK1g,College Football 25 Dynasty Extras,"Jul 7, 2024",521,0:00:00
2024-02-06,zB7lFywaK1g,College Football 25 Dynasty Extras,"Jul 7, 2024",521,0:00:00
2024-02-07,zB7lFywaK1g,College Football 25 Dynasty Extras,"Jul 7, 2024",521,0:00:00
2024-02-08,zB7lFywaK1g,College Football 25 Dynasty Extras,"Jul 7, 2024",521,0:00:00
2024-02-09,zB7lFywaK1g,College Football 25 Dynasty Extras,"Jul 7, 2024",521,0:00:00
2024-02-10,zB7lFywaK1g,College Football 25 Dynasty Extras,"Jul 7, 2024",521,0:00:00
2024-02-11,zB7lFywaK1g,College Football 25 Dynasty Extras,"Jul 7, 2024",521,0:00:00
2024-02-12,zB7lFywaK1g,College Football 25 Dynasty Extras,"Jul 7, 2024",521,0:00:00
2024-02-13,zB7lFywaK1g,College Football 25 Dynasty Extras,"Jul 7, 2024",521,0:00:00
2024-02-14,zB7lFywaK1g,College Football 25 Dynasty Extras,"Jul 7, 2024",521,0:00:00
2024-02-15,zB7lFywaK1g,College Football 25 Dynasty Extras,"Jul 7, 2024",521,0:00:00
2024-02-16,zB7lFywaK1g,College Football 25 Dynasty Extras,"Jul 7, 2024",521,0:00:00
2024-02-17,zB7lFywaK1g,College Football 25 Dynasty Extras,"Jul 7, 2024",521,0:00:00
2024-02-18,zB7lFywaK1g,College Football 25 Dynasty Extras,"Jul 7, 2024",521,0:00:00
2024-02-19,zB7lFywaK1g,College Football 25 Dynasty Extras,"Jul 7, 2024",521,0:00:00
2024-02-20,zB7lFywaK1g,College Football 25 Dynasty Extras,"Jul 7, 2024",521,0:00:00
2024-02-21,zB7lFywaK1g,College Football 25 Dynasty Extras,"Jul 7, 2024",521,0:00:00
2024-02-22,zB7lFywaK1g,College Football 25 Dynasty Extras,"Jul 7, 2024",521,0:00:00
2024-02-23,zB7lFywaK1g,College Football 25 Dynasty Extras,"Jul 7, 2024",521,0:00:00
2024-02-24,zB7lFywaK1g,College Football 25 Dynasty Extras,"Jul 7, 2024",521,0:00:00
2024-02-25,zB7lFywaK1g,College Football 25 Dynasty Extras,"Jul 7, 2024",521,0:00:00
2024-02-26,zB7lFywaK1g,College Football 25 Dynasty Extras,"Jul 7, 2024",521,0:00:00
2024-02-27,zB7lFywaK1g,College Football 25 Dynasty Extras,"Jul 7, 2024",521,0:00:00
2024-02-28,zB7lFywaK1g,College Football 25 Dynasty Extras,"Jul 7, 2024",521,0:00:00
2024-02-29,zB7lFywaK1g,College Football 25 Dynasty Extras,"Jul 7, 2024",521,0:00:00
2024-03-01,zB7lFywaK1g,College Football 25 Dynasty Extras,"Jul 7, 2024",521,0:00:00
2024-03-02,zB7lFywaK1g,College Football 25 Dynasty Extras,"Jul 7, 2024",521,0:00:00
2024-03-03,zB7lFywaK1g,College Football 25 Dynasty Extras,"Jul 7, 2024",521,0:00:00
2024-03-04,zB7lFywaK1g,College Football 25 Dynasty Extras,"Jul 7, 2024",521,0:00:00
2024-03-05,zB7lFywaK1g,College Football 25 Dynasty Extras,"Jul 7, 2024",521,0:00:00
2024-03-06,zB7lFywaK1g,College Football 25 Dynasty Extras,"Jul 7, 2024",521,0:00:00
2024-03-07,zB7lFywaK1g,College Football 25 Dynasty Extras,"Jul 7, 2024",521,0:00:00
2024-03-08,zB7lFywaK1g,College Football 25 Dynasty Extras,"Jul 7, 2024",521,0:00:00
2024-03-09,zB7lFywaK1g,College Football 25 Dynasty Extras,"Jul 7, 2024",521,0:00:00
2024-03-10,zB7lFywaK1g,College Football 25 Dynasty Extras,"Jul 7, 2024",521,0:00:00
2024-03-11,zB7lFywaK1g,College Football 25 Dynasty Extras,"Jul 7, 2024",521,0:00:00
2024-03-12,zB7lFywaK1g,College Football 25 Dynasty Extras,"Jul 7, 2024",521,0:00:00
2024-03-13,zB7lFywaK1g,College Football 25 Dynasty Extras,"Jul 7, 2024",521,0:00:00
2024-03-14,zB7lFywaK1g,College Football 25 Dynasty Extras,"Jul 7, 2024",521,0:00:00
2024-03-15,zB7lFywaK1g,College Football 25 Dynasty Extras,"Jul 7, 2024",521,0:00:00
2024-03-16,zB7lFywaK1g,College Football 25 Dynasty Extras,"Jul 7, 2024",521,0:00:00
2024-03-17,zB7lFywaK1g,College Football 25 Dynasty Extras,"Jul 7, 2024",521,0:00:00
2024-03-18,zB7lFywaK1g,College Football 25 Dynasty Extras,"Jul 7, 2024",521,0:00:00
2024-03-19,zB7lFywaK1g,College Football 25 Dynasty Extras,"Jul 7, 2024",521,0:00:00
2024-03-20,zB7lFywaK1g,College Football 25 Dynasty Extras,"Jul 7, 2024",521,0:00:00
2024-03-21,zB7lFywaK1g,College Football 25 Dynasty Extras,"Jul 7, 2024",521,0:00:00
2024-03-22,zB7lFywaK1g,College Football 25 Dynasty Extras,"Jul 7, 2024",521,0:00:00
2024-03-23,zB7lFywaK1g,College Football 25 Dynasty Extras,"Jul 7, 2024",521,0:00:00
2024-03-24,zB7lFywaK1g,College Football 25 Dynasty Extras,"Jul 7, 2024",521,0:00:00
2024-03-25,zB7lFywaK1g,College Football 25 Dynasty Extras,"Jul 7, 2024",521,0:00:00
2024-03-26,zB7lFywaK1g,College Football 25 Dynasty Extras,"Jul 7, 2024",521,0:00:00
2024-03-27,zB7lFywaK1g,College Football 25 Dynasty Extras,"Jul 7, 2024",521,0:00:00
2024-03-28,zB7lFywaK1g,College Football 25 Dynasty Extras,"Jul 7, 2024",521,0:00:00
2024-03-29,zB7lFywaK1g,College Football 25 Dynasty Extras,"Jul 7, 2024",521,0:00:00
2024-03-30,zB7lFywaK1g,College Football 25 Dynasty Extras,"Jul 7, 2024",521,0:00:00
2024-03-31,zB7lFywaK1g,College Football 25 Dynasty Extras,"Jul 7, 2024",521,0:00:00
2024-04-01,zB7lFywaK1g,College Football 25 Dynasty Extras,"Jul 7, 2024",521,0:00:00
2024-04-02,zB7lFywaK1g,College Football 25 Dynasty Extras,"Jul 7, 2024",521,0:00:00
2024-04-03,zB7lFywaK1g,College Football 25 Dynasty Extras,"Jul 7, 2024",521,0:00:00
2024-04-04,zB7lFywaK1g,College Football 25 Dynasty Extras,"Jul 7, 2024",521,0:00:00
2024-04-05,zB7lFywaK1g,College Football 25 Dynasty Extras,"Jul 7, 2024",521,0:00:00
2024-04-06,zB7lFywaK1g,College Football 25 Dynasty Extras,"Jul 7, 2024",521,0:00:00
2024-04-07,zB7lFywaK1g,College Football 25 Dynasty Extras,"Jul 7, 2024",521,0:00:00
2024-04-08,zB7lFywaK1g,College Football 25 Dynasty Extras,"Jul 7, 2024",521,0:00:00
2024-04-09,zB7lFywaK1g,College Football 25 Dynasty Extras,"Jul 7, 2024",521,0:00:00
2024-04-10,zB7lFywaK1g,College Football 25 Dynasty Extras,"Jul 7, 2024",521,0:00:00
2024-04-11,zB7lFywaK1g,College Football 25 Dynasty Extras,"Jul 7, 2024",521,0:00:00
2024-04-12,zB7lFywaK1g,College Football 25 Dynasty Extras,"Jul 7, 2024",521,0:00:00
2024-04-13,zB7lFywaK1g,College Football 25 Dynasty Extras,"Jul 7, 2024",521,0:00:00
2024-04-14,zB7lFywaK1g,College Football 25 Dynasty Extras,"Jul 7, 2024",521,0:00:00
2024-04-15,zB7lFywaK1g,College Football 25 Dynasty Extras,"Jul 7, 2024",521,0:00:00
2024-04-16,zB7lFywaK1g,College Football 25 Dynasty Extras,"Jul 7, 2024",521,0:00:00
2024-04-17,zB7lFywaK1g,College Football 25 Dynasty Extras,"Jul 7, 2024",521,0:00:00
2024-04-18,zB7lFywaK1g,College Football 25 Dynasty Extras,"Jul 7, 2024",521,0:00:00
2024-04-19,zB7lFywaK1g,College Football 25 Dynasty Extras,"Jul 7, 2024",521,0:00:00
2024-04-20,zB7lFywaK1g,College Football 25 Dynasty Extras,"Jul 7, 2024",521,0:00:00
2024-04-21,zB7lFywaK1g,College Football 25 Dynasty Extras,"Jul 7, 2024",521,0:00:00
2024-04-22,zB7lFywaK1g,College Football 25 Dynasty Extras,"Jul 7, 2024",521,0:00:00
2024-04-23,zB7lFywaK1g,College Football 25 Dynasty Extras,"Jul 7, 2024",521,0:00:00
2024-04-24,zB7lFywaK1g,College Football 25 Dynasty Extras,"Jul 7, 2024",521,0:00:00
2024-04-25,zB7lFywaK1g,College Football 25 Dynasty Extras,"Jul 7, 2024",521,0:00:00
2024-04-26,zB7lFywaK1g,College Football 25 Dynasty Extras,"Jul 7, 2024",521,0:00:00
2024-04-27,zB7lFywaK1g,College Football 25 Dynasty Extras,"Jul 7, 2024",521,0:00:00
2024-04-28,zB7lFywaK1g,College Football 25 Dynasty Extras,"Jul 7, 2024",521,0:00:00
2024-04-29,zB7lFywaK1g,College Football 25 Dynasty Extras,"Jul 7, 2024",521,0:00:00
2024-04-30,zB7lFywaK1g,College Football 25 Dynasty Extras,"Jul 7, 2024",521,0:00:00
2024-05-01,zB7lFywaK1g,College Football 25 Dynasty Extras,"Jul 7, 2024",521,0:00:00
2024-05-02,zB7lFywaK1g,College Football 25 Dynasty Extras,"Jul 7, 2024",521,0:00:00
2024-05-03,zB7lFywaK1g,College Football 25 Dynasty Extras,"Jul 7, 2024",521,0:00:00
2024-05-04,zB7lFywaK1g,College Football 25 Dynasty Extras,"Jul 7, 2024",521,0:00:00
2024-05-05,zB7lFywaK1g,College Football 25 Dynasty Extras,"Jul 7, 2024",521,0:00:00
2024-05-06,zB7lFywaK1g,College Football 25 Dynasty Extras,"Jul 7, 2024",521,0:00:00
2024-05-07,zB7lFywaK1g,College Football 25 Dynasty Extras,"Jul 7, 2024",521,0:00:00
2024-05-08,zB7lFywaK1g,College Football 25 Dynasty Extras,"Jul 7, 2024",521,0:00:00
2024-05-09,zB7lFywaK1g,College Football 25 Dynasty Extras,"Jul 7, 2024",521,0:00:00
2024-05-10,zB7lFywaK1g,College Football 25 Dynasty Extras,"Jul 7, 2024",521,0:00:00
2024-05-11,zB7lFywaK1g,College Football 25 Dynasty Extras,"Jul 7, 2024",521,0:00:00
2024-05-12,zB7lFywaK1g,College Football 25 Dynasty Extras,"Jul 7, 2024",521,0:00:00
2024-05-13,zB7lFywaK1g,College Football 25 Dynasty Extras,"Jul 7, 2024",521,0:00:00
2024-05-14,zB7lFywaK1g,College Football 25 Dynasty Extras,"Jul 7, 2024",521,0:00:00
2024-05-15,zB7lFywaK1g,College Football 25 Dynasty Extras,"Jul 7, 2024",521,0:00:00
2024-05-16,zB7lFywaK1g,College Football 25 Dynasty Extras,"Jul 7, 2024",521,0:00:00
2024-05-17,zB7lFywaK1g,College Football 25 Dynasty Extras,"Jul 7, 2024",521,0:00:00
2024-05-18,zB7lFywaK1g,College Football 25 Dynasty Extras,"Jul 7, 2024",521,0:00:00
2024-05-19,zB7lFywaK1g,College Football 25 Dynasty Extras,"Jul 7, 2024",521,0:00:00
2024-05-20,zB7lFywaK1g,College Football 25 Dynasty Extras,"Jul 7, 2024",521,0:00:00
2024-05-21,zB7lFywaK1g,College Football 25 Dynasty Extras,"Jul 7, 2024",521,0:00:00
2024-05-22,zB7lFywaK1g,College Football 25 Dynasty Extras,"Jul 7, 2024",521,0:00:00
2024-05-23,zB7lFywaK1g,College Football 25 Dynasty Extras,"Jul 7, 2024",521,0:00:00
2024-05-24,zB7lFywaK1g,College Football 25 Dynasty Extras,"Jul 7, 2024",521,0:00:00
2024-05-25,zB7lFywaK1g,College Football 25 Dynasty Extras,"Jul 7, 2024",521,0:00:00
2024-05-26,zB7lFywaK1g,College Football 25 Dynasty Extras,"Jul 7, 2024",521,0:00:00
2024-05-27,zB7lFywaK1g,College Football 25 Dynasty Extras,"Jul 7, 2024",521,0:00:00
2024-05-28,zB7lFywaK1g,College Football 25 Dynasty Extras,"Jul 7, 2024",521,0:00:00
2024-05-29,zB7lFywaK1g,College Football 25 Dynasty Extras,"Jul 7, 2024",521,0:00:00
2024-05-30,zB7lFywaK1g,College Football 25 Dynasty Extras,"Jul 7, 2024",521,0:00:00
2024-05-31,zB7lFywaK1g,College Football 25 Dynasty Extras,"Jul 7, 2024",521,0:00:00
2024-06-01,zB7lFywaK1g,College Football 25 Dynasty Extras,"Jul 7, 2024",521,0:00:00
2024-06-02,zB7lFywaK1g,College Football 25 Dynasty Extras,"Jul 7, 2024",521,0:00:00
2024-06-03,zB7lFywaK1g,College Football 25 Dynasty Extras,"Jul 7, 2024",521,0:00:00
2024-06-04,zB7lFywaK1g,College Football 25 Dynasty Extras,"Jul 7, 2024",521,0:00:00
2024-06-05,zB7lFywaK1g,College Football 25 Dynasty Extras,"Jul 7, 2024",521,0:00:00
2024-06-06,zB7lFywaK1g,College Football 25 Dynasty Extras,"Jul 7, 2024",521,0:00:00
2024-06-07,zB7lFywaK1g,College Football 25 Dynasty Extras,"Jul 7, 2024",521,0:00:00
2024-06-08,zB7lFywaK1g,College Football 25 Dynasty Extras,"Jul 7, 2024",521,0:00:00
2024-06-09,zB7lFywaK1g,College Football 25 Dynasty Extras,"Jul 7, 2024",521,0:00:00
2024-06-10,zB7lFywaK1g,College Football 25 Dynasty Extras,"Jul 7, 2024",521,0:00:00
2024-06-11,zB7lFywaK1g,College Football 25 Dynasty Extras,"Jul 7, 2024",521,0:00:00
2024-06-12,zB7lFywaK1g,College Football 25 Dynasty Extras,"Jul 7, 2024",521,0:00:00
2024-06-13,zB7lFywaK1g,College Football 25 Dynasty Extras,"Jul 7, 2024",521,0:00:00
2024-06-14,zB7lFywaK1g,College Football 25 Dynasty Extras,"Jul 7, 2024",521,0:00:00
2024-06-15,zB7lFywaK1g,College Football 25 Dynasty Extras,"Jul 7, 2024",521,0:00:00
2024-06-16,zB7lFywaK1g,College Football 25 Dynasty Extras,"Jul 7, 2024",521,0:00:00
2024-06-17,zB7lFywaK1g,College Football 25 Dynasty Extras,"Jul 7, 2024",521,0:00:00
2024-06-18,zB7lFywaK1g,College Football 25 Dynasty Extras,"Jul 7, 2024",521,0:00:00
2024-06-19,zB7lFywaK1g,College Football 25 Dynasty Extras,"Jul 7, 2024",521,0:00:00
2024-06-20,zB7lFywaK1g,College Football 25 Dynasty Extras,"Jul 7, 2024",521,0:00:00
2024-06-21,zB7lFywaK1g,College Football 25 Dynasty Extras,"Jul 7, 2024",521,0:00:00
2024-06-22,zB7lFywaK1g,College Football 25 Dynasty Extras,"Jul 7, 2024",521,0:00:00
2024-06-23,zB7lFywaK1g,College Football 25 Dynasty Extras,"Jul 7, 2024",521,0:00:00
2024-06-24,zB7lFywaK1g,College Football 25 Dynasty Extras,"Jul 7, 2024",521,0:00:00
2024-06-25,zB7lFywaK1g,College Football 25 Dynasty Extras,"Jul 7, 2024",521,0:00:00
2024-06-26,zB7lFywaK1g,College Football 25 Dynasty Extras,"Jul 7, 2024",521,0:00:00
2024-06-27,zB7lFywaK1g,College Football 25 Dynasty Extras,"Jul 7, 2024",521,0:00:00
2024-06-28,zB7lFywaK1g,College Football 25 Dynasty Extras,"Jul 7, 2024",521,0:00:00
2024-06-29,zB7lFywaK1g,College Football 25 Dynasty Extras,"Jul 7, 2024",521,0:00:00
2024-06-30,zB7lFywaK1g,College Football 25 Dynasty Extras,"Jul 7, 2024",521,0:00:00
2024-07-01,zB7lFywaK1g,College Football 25 Dynasty Extras,"Jul 7, 2024",521,0:00:00
2024-07-02,zB7lFywaK1g,College Football 25 Dynasty Extras,"Jul 7, 2024",521,0:00:00
2024-07-03,zB7lFywaK1g,College Football 25 Dynasty Extras,"Jul 7, 2024",521,0:00:00
2024-07-04,zB7lFywaK1g,College Football 25 Dynasty Extras,"Jul 7, 2024",521,0:00:00
2024-07-05,zB7lFywaK1g,College Football 25 Dynasty Extras,"Jul 7, 2024",521,0:00:00
2024-07-06,zB7lFywaK1g,College Football 25 Dynasty Extras,"Jul 7, 2024",521,0:08:40
2024-07-07,zB7lFywaK1g,College Football 25 Dynasty Extras,"Jul 7, 2024",521,0:03:39
2024-07-08,zB7lFywaK1g,College Football 25 Dynasty Extras,"Jul 7, 2024",521,0:03:31
2024-07-09,zB7lFywaK1g,College Football 25 Dynasty Extras,"Jul 7, 2024",521,0:02:29
2024-07-10,zB7lFywaK1g,College Football 25 Dynasty Extras,"Jul 7, 2024",521,0:02:29
2024-07-11,zB7lFywaK1g,College Football 25 Dynasty Extras,"Jul 7, 2024",521,0:02:37
2024-07-12,zB7lFywaK1g,College Football 25 Dynasty Extras,"Jul 7, 2024",521,0:01:35
2024-07-13,zB7lFywaK1g,College Football 25 Dynasty Extras,"Jul 7, 2024",521,0:02:18
2024-07-14,zB7lFywaK1g,College Football 25 Dynasty Extras,"Jul 7, 2024",521,0:01:42
2024-07-15,zB7lFywaK1g,College Football 25 Dynasty Extras,"Jul 7, 2024",521,0:02:25
2024-07-16,zB7lFywaK1g,College Football 25 Dynasty Extras,"Jul 7, 2024",521,0:01:23
2024-07-17,zB7lFywaK1g,College Football 25 Dynasty Extras,"Jul 7, 2024",521,0:01:43
2024-07-18,zB7lFywaK1g,College Football 25 Dynasty Extras,"Jul 7, 2024",521,0:00:48
2024-07-19,zB7lFywaK1g,College Football 25 Dynasty Extras,"Jul 7, 2024",521,0:00:52
2024-07-20,zB7lFywaK1g,College Football 25 Dynasty Extras,"Jul 7, 2024",521,0:00:38
2024-07-21,zB7lFywaK1g,College Football 25 Dynasty Extras,"Jul 7, 2024",521,0:01:47
2024-07-22,zB7lFywaK1g,College Football 25 Dynasty Extras,"Jul 7, 2024",521,0:00:34
2024-07-23,zB7lFywaK1g,College Football 25 Dynasty Extras,"Jul 7, 2024",521,0:00:05
2024-07-24,zB7lFywaK1g,College Football 25 Dynasty Extras,"Jul 7, 2024",521,0:00:32
2024-07-25,zB7lFywaK1g,College Football 25 Dynasty Extras,"Jul 7, 2024",521,0:00:13
2024-07-26,zB7lFywaK1g,College Football 25 Dynasty Extras,"Jul 7, 2024",521,0:02:00
2024-07-27,zB7lFywaK1g,College Football 25 Dynasty Extras,"Jul 7, 2024",521,0:01:33
2024-07-28,zB7lFywaK1g,College Football 25 Dynasty Extras,"Jul 7, 2024",521,0:02:01
2024-07-29,zB7lFywaK1g,College Football 25 Dynasty Extras,"Jul 7, 2024",521,0:00:28
2024-07-30,zB7lFywaK1g,College Football 25 Dynasty Extras,"Jul 7, 2024",521,
2024-07-31,zB7lFywaK1g,College Football 25 Dynasty Extras,"Jul 7, 2024",521,0:00:11
2024-08-01,zB7lFywaK1g,College Football 25 Dynasty Extras,"Jul 7, 2024",521,0:00:00
2024-08-02,zB7lFywaK1g,College Football 25 Dynasty Extras,"Jul 7, 2024",521,0:00:00
2024-08-03,zB7lFywaK1g,College Football 25 Dynasty Extras,"Jul 7, 2024",521,0:01:23
2024-08-04,zB7lFywaK1g,College Football 25 Dynasty Extras,"Jul 7, 2024",521,0:00:02
2024-08-05,zB7lFywaK1g,College Football 25 Dynasty Extras,"Jul 7, 2024",521,0:00:00
2024-08-06,zB7lFywaK1g,College Football 25 Dynasty Extras,"Jul 7, 2024",521,0:00:00
2024-08-07,zB7lFywaK1g,College Football 25 Dynasty Extras,"Jul 7, 2024",521,0:00:00
2024-08-08,zB7lFywaK1g,College Football 25 Dynasty Extras,"Jul 7, 2024",521,0:00:00
2024-08-09,zB7lFywaK1g,College Football 25 Dynasty Extras,"Jul 7, 2024",521,0:00:00
2024-08-10,zB7lFywaK1g,College Football 25 Dynasty Extras,"Jul 7, 2024",521,0:08:25
2024-08-11,zB7lFywaK1g,College Football 25 Dynasty Extras,"Jul 7, 2024",521,0:01:04
2024-08-12,zB7lFywaK1g,College Football 25 Dynasty Extras,"Jul 7, 2024",521,0:00:00
2024-08-13,zB7lFywaK1g,College Football 25 Dynasty Extras,"Jul 7, 2024",521,0:00:00
2024-08-14,zB7lFywaK1g,College Football 25 Dynasty Extras,"Jul 7, 2024",521,0:00:00
2024-08-15,zB7lFywaK1g,College Football 25 Dynasty Extras,"Jul 7, 2024",521,0:00:00
2024-08-16,zB7lFywaK1g,College Football 25 Dynasty Extras,"Jul 7, 2024",521,0:00:00
2024-08-17,zB7lFywaK1g,College Football 25 Dynasty Extras,"Jul 7, 2024",521,0:00:00
2024-08-18,zB7lFywaK1g,College Football 25 Dynasty Extras,"Jul 7, 2024",521,0:00:00
2024-08-19,zB7lFywaK1g,College Football 25 Dynasty Extras,"Jul 7, 2024",521,0:00:00
2024-08-20,zB7lFywaK1g,College Football 25 Dynasty Extras,"Jul 7, 2024",521,0:00:00
2024-08-21,zB7lFywaK1g,College Football 25 Dynasty Extras,"Jul 7, 2024",521,0:00:00
2024-08-22,zB7lFywaK1g,College Football 25 Dynasty Extras,"Jul 7, 2024",521,0:00:00
2024-08-23,zB7lFywaK1g,College Football 25 Dynasty Extras,"Jul 7, 2024",521,0:08:41
2024-08-24,zB7lFywaK1g,College Football 25 Dynasty Extras,"Jul 7, 2024",521,0:00:06
2024-08-25,zB7lFywaK1g,College Football 25 Dynasty Extras,"Jul 7, 2024",521,0:00:00
2024-08-26,zB7lFywaK1g,College Football 25 Dynasty Extras,"Jul 7, 2024",521,0:00:00
2024-08-27,zB7lFywaK1g,College Football 25 Dynasty Extras,"Jul 7, 2024",521,0:00:00
2024-08-28,zB7lFywaK1g,College Football 25 Dynasty Extras,"Jul 7, 2024",521,0:02:15
2024-08-29,zB7lFywaK1g,College Football 25 Dynasty Extras,"Jul 7, 2024",521,0:01:29
2024-08-30,zB7lFywaK1g,College Football 25 Dynasty Extras,"Jul 7, 2024",521,0:00:00
2024-08-31,zB7lFywaK1g,College Football 25 Dynasty Extras,"Jul 7, 2024",521,0:00:00
2024-09-01,zB7lFywaK1g,College Football 25 Dynasty Extras,"Jul 7, 2024",521,0:00:00
2024-09-02,zB7lFywaK1g,College Football 25 Dynasty Extras,"Jul 7, 2024",521,0:00:00
2024-09-03,zB7lFywaK1g,College Football 25 Dynasty Extras,"Jul 7, 2024",521,0:00:00
2024-09-04,zB7lFywaK1g,College Football 25 Dynasty Extras,"Jul 7, 2024",521,0:00:00
2024-09-05,zB7lFywaK1g,College Football 25 Dynasty Extras,"Jul 7, 2024",521,0:00:11
2024-09-06,zB7lFywaK1g,College Football 25 Dynasty Extras,"Jul 7, 2024",521,0:00:00
2024-09-07,zB7lFywaK1g,College Football 25 Dynasty Extras,"Jul 7, 2024",521,0:00:00
2024-09-08,zB7lFywaK1g,College Football 25 Dynasty Extras,"Jul 7, 2024",521,0:00:00
2024-09-09,zB7lFywaK1g,College Football 25 Dynasty Extras,"Jul 7, 2024",521,0:00:00
2024-09-10,zB7lFywaK1g,College Football 25 Dynasty Extras,"Jul 7, 2024",521,0:00:00
2024-09-11,zB7lFywaK1g,College Football 25 Dynasty Extras,"Jul 7, 2024",521,0:00:00
2024-09-12,zB7lFywaK1g,College Football 25 Dynasty Extras,"Jul 7, 2024",521,0:00:00
2024-09-13,zB7lFywaK1g,College Football 25 Dynasty Extras,"Jul 7, 2024",521,0:00:00
2024-09-14,zB7lFywaK1g,College Football 25 Dynasty Extras,"Jul 7, 2024",521,0:00:00
2024-09-15,zB7lFywaK1g,College Football 25 Dynasty Extras,"Jul 7, 2024",521,0:00:00
2024-09-16,zB7lFywaK1g,College Football 25 Dynasty Extras,"Jul 7, 2024",521,0:00:00
2024-09-17,zB7lFywaK1g,College Football 25 Dynasty Extras,"Jul 7, 2024",521,0:00:00
2024-09-18,zB7lFywaK1g,College Football 25 Dynasty Extras,"Jul 7, 2024",521,0:00:00
2024-09-19,zB7lFywaK1g,College Football 25 Dynasty Extras,"Jul 7, 2024",521,0:00:00
2024-09-20,zB7lFywaK1g,College Football 25 Dynasty Extras,"Jul 7, 2024",521,0:00:00
2024-09-21,zB7lFywaK1g,College Football 25 Dynasty Extras,"Jul 7, 2024",521,0:00:00
2024-09-22,zB7lFywaK1g,College Football 25 Dynasty Extras,"Jul 7, 2024",521,0:00:00
2024-09-23,zB7lFywaK1g,College Football 25 Dynasty Extras,"Jul 7, 2024",521,0:00:00
2024-09-24,zB7lFywaK1g,College Football 25 Dynasty Extras,"Jul 7, 2024",521,0:00:00
2024-09-25,zB7lFywaK1g,College Football 25 Dynasty Extras,"Jul 7, 2024",521,0:00:00
2024-09-26,zB7lFywaK1g,College Football 25 Dynasty Extras,"Jul 7, 2024",521,0:00:00
2024-09-27,zB7lFywaK1g,College Football 25 Dynasty Extras,"Jul 7, 2024",521,0:00:00
2024-09-28,zB7lFywaK1g,College Football 25 Dynasty Extras,"Jul 7, 2024",521,0:00:00
2024-09-29,zB7lFywaK1g,College Football 25 Dynasty Extras,"Jul 7, 2024",521,0:00:00
2024-09-30,zB7lFywaK1g,College Football 25 Dynasty Extras,"Jul 7, 2024",521,0:00:00
2024-10-01,zB7lFywaK1g,College Football 25 Dynasty Extras,"Jul 7, 2024",521,0:00:39
2024-10-02,zB7lFywaK1g,College Football 25 Dynasty Extras,"Jul 7, 2024",521,0:00:00
2024-10-03,zB7lFywaK1g,College Football 25 Dynasty Extras,"Jul 7, 2024",521,0:00:00
2024-10-04,zB7lFywaK1g,College Football 25 Dynasty Extras,"Jul 7, 2024",521,0:00:00
2024-10-05,zB7lFywaK1g,College Football 25 Dynasty Extras,"Jul 7, 2024",521,0:00:00
2024-10-06,zB7lFywaK1g,College Football 25 Dynasty Extras,"Jul 7, 2024",521,0:00:00
2024-10-07,zB7lFywaK1g,College Football 25 Dynasty Extras,"Jul 7, 2024",521,0:00:00
2024-10-08,zB7lFywaK1g,College Football 25 Dynasty Extras,"Jul 7, 2024",521,0:01:02
2024-10-09,zB7lFywaK1g,College Football 25 Dynasty Extras,"Jul 7, 2024",521,0:00:00
2024-10-10,zB7lFywaK1g,College Football 25 Dynasty Extras,"Jul 7, 2024",521,0:00:27
2024-10-11,zB7lFywaK1g,College Football 25 Dynasty Extras,"Jul 7, 2024",521,0:00:00
2024-10-12,zB7lFywaK1g,College Football 25 Dynasty Extras,"Jul 7, 2024",521,0:00:00
2024-10-13,zB7lFywaK1g,College Football 25 Dynasty Extras,"Jul 7, 2024",521,0:00:00
2024-10-14,zB7lFywaK1g,College Football 25 Dynasty Extras,"Jul 7, 2024",521,0:00:00
2024-10-15,zB7lFywaK1g,College Football 25 Dynasty Extras,"Jul 7, 2024",521,0:00:00
2024-10-16,zB7lFywaK1g,College Football 25 Dynasty Extras,"Jul 7, 2024",521,0:00:00
2024-10-17,zB7lFywaK1g,College Football 25 Dynasty Extras,"Jul 7, 2024",521,0:00:02
2024-10-18,zB7lFywaK1g,College Football 25 Dynasty Extras,"Jul 7, 2024",521,0:00:00
2024-10-19,zB7lFywaK1g,College Football 25 Dynasty Extras,"Jul 7, 2024",521,0:01:07
2024-10-20,zB7lFywaK1g,College Football 25 Dynasty Extras,"Jul 7, 2024",521,0:00:00
2024-10-21,zB7lFywaK1g,College Football 25 Dynasty Extras,"Jul 7, 2024",521,0:00:00
2024-10-22,zB7lFywaK1g,College Football 25 Dynasty Extras,"Jul 7, 2024",521,0:00:00
2024-10-23,zB7lFywaK1g,College Football 25 Dynasty Extras,"Jul 7, 2024",521,0:00:49
2024-10-24,zB7lFywaK1g,College Football 25 Dynasty Extras,"Jul 7, 2024",521,0:00:00
2024-10-25,zB7lFywaK1g,College Football 25 Dynasty Extras,"Jul 7, 2024",521,0:00:00
2024-10-26,zB7lFywaK1g,College Football 25 Dynasty Extras,"Jul 7, 2024",521,0:04:07
2024-10-27,zB7lFywaK1g,College Football 25 Dynasty Extras,"Jul 7, 2024",521,0:00:00
2024-10-28,zB7lFywaK1g,College Football 25 Dynasty Extras,"Jul 7, 2024",521,0:00:00
2024-10-29,zB7lFywaK1g,College Football 25 Dynasty Extras,"Jul 7, 2024",521,0:00:00
2024-10-30,zB7lFywaK1g,College Football 25 Dynasty Extras,"Jul 7, 2024",521,
2024-10-31,zB7lFywaK1g,College Football 25 Dynasty Extras,"Jul 7, 2024",521,0:00:00
2024-11-01,zB7lFywaK1g,College Football 25 Dynasty Extras,"Jul 7, 2024",521,0:00:00
2024-11-02,zB7lFywaK1g,College Football 25 Dynasty Extras,"Jul 7, 2024",521,0:00:00
2024-11-03,zB7lFywaK1g,College Football 25 Dynasty Extras,"Jul 7, 2024",521,0:00:00
2024-11-04,zB7lFywaK1g,College Football 25 Dynasty Extras,"Jul 7, 2024",521,0:08:40
2024-11-05,zB7lFywaK1g,College Football 25 Dynasty Extras,"Jul 7, 2024",521,0:00:00
2024-11-06,zB7lFywaK1g,College Football 25 Dynasty Extras,"Jul 7, 2024",521,0:00:00
2024-11-07,zB7lFywaK1g,College Football 25 Dynasty Extras,"Jul 7, 2024",521,0:01:15
2024-11-08,zB7lFywaK1g,College Football 25 Dynasty Extras,"Jul 7, 2024",521,0:00:00
2024-11-09,zB7lFywaK1g,College Football 25 Dynasty Extras,"Jul 7, 2024",521,0:00:00
2024-11-10,zB7lFywaK1g,College Football 25 Dynasty Extras,"Jul 7, 2024",521,
2024-11-11,zB7lFywaK1g,College Football 25 Dynasty Extras,"Jul 7, 2024",521,0:00:00
2024-11-12,zB7lFywaK1g,College Football 25 Dynasty Extras,"Jul 7, 2024",521,0:00:00
2024-11-13,zB7lFywaK1g,College Football 25 Dynasty Extras,"Jul 7, 2024",521,0:00:00
2024-11-14,zB7lFywaK1g,College Football 25 Dynasty Extras,"Jul 7, 2024",521,0:00:00
2024-11-15,zB7lFywaK1g,College Football 25 Dynasty Extras,"Jul 7, 2024",521,0:00:00
2024-11-16,zB7lFywaK1g,College Football 25 Dynasty Extras,"Jul 7, 2024",521,0:00:00
2024-11-17,zB7lFywaK1g,College Football 25 Dynasty Extras,"Jul 7, 2024",521,0:00:00
2024-11-18,zB7lFywaK1g,College Football 25 Dynasty Extras,"Jul 7, 2024",521,0:00:00
2024-11-19,zB7lFywaK1g,College Football 25 Dynasty Extras,"Jul 7, 2024",521,0:00:00
2024-11-20,zB7lFywaK1g,College Football 25 Dynasty Extras,"Jul 7, 2024",521,0:00:00
2024-11-21,zB7lFywaK1g,College Football 25 Dynasty Extras,"Jul 7, 2024",521,0:00:00
2024-11-22,zB7lFywaK1g,College Football 25 Dynasty Extras,"Jul 7, 2024",521,0:00:00
2024-11-23,zB7lFywaK1g,College Football 25 Dynasty Extras,"Jul 7, 2024",521,0:00:00
2024-11-24,zB7lFywaK1g,College Football 25 Dynasty Extras,"Jul 7, 2024",521,0:00:00
2024-11-25,zB7lFywaK1g,College Football 25 Dynasty Extras,"Jul 7, 2024",521,0:02:46
2024-11-26,zB7lFywaK1g,College Football 25 Dynasty Extras,"Jul 7, 2024",521,0:00:39
2024-11-27,zB7lFywaK1g,College Football 25 Dynasty Extras,"Jul 7, 2024",521,0:00:01
2024-11-28,zB7lFywaK1g,College Football 25 Dynasty Extras,"Jul 7, 2024",521,0:00:18
2024-11-29,zB7lFywaK1g,College Football 25 Dynasty Extras,"Jul 7, 2024",521,0:00:21
2024-11-30,zB7lFywaK1g,College Football 25 Dynasty Extras,"Jul 7, 2024",521,0:00:00
2024-12-01,zB7lFywaK1g,College Football 25 Dynasty Extras,"Jul 7, 2024",521,0:00:00
2024-12-02,zB7lFywaK1g,College Football 25 Dynasty Extras,"Jul 7, 2024",521,0:00:10
2024-12-03,zB7lFywaK1g,College Football 25 Dynasty Extras,"Jul 7, 2024",521,0:00:00
2024-12-04,zB7lFywaK1g,College Football 25 Dynasty Extras,"Jul 7, 2024",521,0:00:39
2024-12-05,zB7lFywaK1g,College Football 25 Dynasty Extras,"Jul 7, 2024",521,0:00:41
2024-12-06,zB7lFywaK1g,College Football 25 Dynasty Extras,"Jul 7, 2024",521,0:00:12
2024-12-07,zB7lFywaK1g,College Football 25 Dynasty Extras,"Jul 7, 2024",521,0:00:41
2024-12-08,zB7lFywaK1g,College Football 25 Dynasty Extras,"Jul 7, 2024",521,0:00:00
2024-12-09,zB7lFywaK1g,College Football 25 Dynasty Extras,"Jul 7, 2024",521,0:03:38
2024-12-10,zB7lFywaK1g,College Football 25 Dynasty Extras,"Jul 7, 2024",521,0:01:16
2024-12-11,zB7lFywaK1g,College Football 25 Dynasty Extras,"Jul 7, 2024",521,0:00:33
2024-12-12,zB7lFywaK1g,College Football 25 Dynasty Extras,"Jul 7, 2024",521,0:00:00
2024-12-13,zB7lFywaK1g,College Football 25 Dynasty Extras,"Jul 7, 2024",521,0:00:32
2024-12-14,zB7lFywaK1g,College Football 25 Dynasty Extras,"Jul 7, 2024",521,0:00:35
2024-12-15,zB7lFywaK1g,College Football 25 Dynasty Extras,"Jul 7, 2024",521,0:00:00
2024-12-16,zB7lFywaK1g,College Football 25 Dynasty Extras,"Jul 7, 2024",521,0:00:00
2024-12-17,zB7lFywaK1g,College Football 25 Dynasty Extras,"Jul 7, 2024",521,0:00:29
2024-12-18,zB7lFywaK1g,College Football 25 Dynasty Extras,"Jul 7, 2024",521,0:00:00
2024-12-19,zB7lFywaK1g,College Football 25 Dynasty Extras,"Jul 7, 2024",521,0:00:00
2024-12-20,zB7lFywaK1g,College Football 25 Dynasty Extras,"Jul 7, 2024",521,
2024-12-21,zB7lFywaK1g,College Football 25 Dynasty Extras,"Jul 7, 2024",521,0:00:21
2024-12-22,zB7lFywaK1g,College Football 25 Dynasty Extras,"Jul 7, 2024",521,0:00:00
2024-12-23,zB7lFywaK1g,College Football 25 Dynasty Extras,"Jul 7, 2024",521,0:00:07
2024-12-24,zB7lFywaK1g,College Football 25 Dynasty Extras,"Jul 7, 2024",521,0:00:07
2024-12-25,zB7lFywaK1g,College Football 25 Dynasty Extras,"Jul 7, 2024",521,
2024-12-26,zB7lFywaK1g,College Football 25 Dynasty Extras,"Jul 7, 2024",521,0:00:00
2024-12-27,zB7lFywaK1g,College Football 25 Dynasty Extras,"Jul 7, 2024",521,0:00:19
2024-12-28,zB7lFywaK1g,College Football 25 Dynasty Extras,"Jul 7, 2024",521,0:00:00
2024-12-29,zB7lFywaK1g,College Football 25 Dynasty Extras,"Jul 7, 2024",521,0:00:11
2024-12-30,zB7lFywaK1g,College Football 25 Dynasty Extras,"Jul 7, 2024",521,0:01:20
2024-12-31,zB7lFywaK1g,College Football 25 Dynasty Extras,"Jul 7, 2024",521,0:00:33
2025-01-01,zB7lFywaK1g,College Football 25 Dynasty Extras,"Jul 7, 2024",521,0:08:40
2025-01-02,zB7lFywaK1g,College Football 25 Dynasty Extras,"Jul 7, 2024",521,0:00:00
2025-01-03,zB7lFywaK1g,College Football 25 Dynasty Extras,"Jul 7, 2024",521,0:00:00
2025-01-04,zB7lFywaK1g,College Football 25 Dynasty Extras,"Jul 7, 2024",521,0:04:38
2025-01-05,zB7lFywaK1g,College Football 25 Dynasty Extras,"Jul 7, 2024",521,0:01:19
2025-01-06,zB7lFywaK1g,College Football 25 Dynasty Extras,"Jul 7, 2024",521,0:00:21
2025-01-07,zB7lFywaK1g,College Football 25 Dynasty Extras,"Jul 7, 2024",521,0:00:00
2025-01-08,zB7lFywaK1g,College Football 25 Dynasty Extras,"Jul 7, 2024",521,0:00:00
2025-01-09,zB7lFywaK1g,College Football 25 Dynasty Extras,"Jul 7, 2024",521,0:00:00
2025-01-10,zB7lFywaK1g,College Football 25 Dynasty Extras,"Jul 7, 2024",521,0:00:00
2025-01-11,zB7lFywaK1g,College Football 25 Dynasty Extras,"Jul 7, 2024",521,0:03:00
2025-01-12,zB7lFywaK1g,College Football 25 Dynasty Extras,"Jul 7, 2024",521,0:01:04
2025-01-13,zB7lFywaK1g,College Football 25 Dynasty Extras,"Jul 7, 2024",521,0:00:19
2025-01-14,zB7lFywaK1g,College Football 25 Dynasty Extras,"Jul 7, 2024",521,0:01:20
2025-01-15,zB7lFywaK1g,College Football 25 Dynasty Extras,"Jul 7, 2024",521,0:00:15
2025-01-16,zB7lFywaK1g,College Football 25 Dynasty Extras,"Jul 7, 2024",521,0:02:52
2025-01-17,zB7lFywaK1g,College Football 25 Dynasty Extras,"Jul 7, 2024",521,0:02:27
2025-01-18,zB7lFywaK1g,College Football 25 Dynasty Extras,"Jul 7, 2024",521,0:00:00
2025-01-19,zB7lFywaK1g,College Football 25 Dynasty Extras,"Jul 7, 2024",521,0:06:23
2025-01-20,zB7lFywaK1g,College Football 25 Dynasty Extras,"Jul 7, 2024",521,0:00:06
2025-01-21,zB7lFywaK1g,College Football 25 Dynasty Extras,"Jul 7, 2024",521,0:03:05
2025-01-22,zB7lFywaK1g,College Football 25 Dynasty Extras,"Jul 7, 2024",521,0:00:44
2025-01-23,zB7lFywaK1g,College Football 25 Dynasty Extras,"Jul 7, 2024",521,0:00:44
2025-01-24,zB7lFywaK1g,College Football 25 Dynasty Extras,"Jul 7, 2024",521,0:00:53
2025-01-25,zB7lFywaK1g,College Football 25 Dynasty Extras,"Jul 7, 2024",521,0:00:00
2025-01-26,zB7lFywaK1g,College Football 25 Dynasty Extras,"Jul 7, 2024",521,0:00:00
2025-01-27,zB7lFywaK1g,College Football 25 Dynasty Extras,"Jul 7, 2024",521,0:08:09
2025-01-28,zB7lFywaK1g,College Football 25 Dynasty Extras,"Jul 7, 2024",521,0:00:12
2025-01-29,zB7lFywaK1g,College Football 25 Dynasty Extras,"Jul 7, 2024",521,0:03:40
2025-01-30,zB7lFywaK1g,College Football 25 Dynasty Extras,"Jul 7, 2024",521,0:02:17
2025-01-31,zB7lFywaK1g,College Football 25 Dynasty Extras,"Jul 7, 2024",521,0:00:11
2025-02-01,zB7lFywaK1g,College Football 25 Dynasty Extras,"Jul 7, 2024",521,0:00:00
2025-02-02,zB7lFywaK1g,College Football 25 Dynasty Extras,"Jul 7, 2024",521,0:00:00
2025-02-03,zB7lFywaK1g,College Football 25 Dynasty Extras,"Jul 7, 2024",521,0:00:00
2025-02-04,zB7lFywaK1g,College Football 25 Dynasty Extras,"Jul 7, 2024",521,0:00:00
2025-02-05,zB7lFywaK1g,College Football 25 Dynasty Extras,"Jul 7, 2024",521,0:00:00
2025-02-06,zB7lFywaK1g,College Football 25 Dynasty Extras,"Jul 7, 2024",521,0:00:14
2025-02-07,zB7lFywaK1g,College Football 25 Dynasty Extras,"Jul 7, 2024",521,0:01:02
2025-02-08,zB7lFywaK1g,College Football 25 Dynasty Extras,"Jul 7, 2024",521,0:00:09
2025-02-09,zB7lFywaK1g,College Football 25 Dynasty Extras,"Jul 7, 2024",521,0:00:20
2025-02-10,zB7lFywaK1g,College Football 25 Dynasty Extras,"Jul 7, 2024",521,0:01:38
2025-02-11,zB7lFywaK1g,College Football 25 Dynasty Extras,"Jul 7, 2024",521,0:00:00
2025-02-12,zB7lFywaK1g,College Football 25 Dynasty Extras,"Jul 7, 2024",521,0:08:15
2025-02-13,zB7lFywaK1g,College Football 25 Dynasty Extras,"Jul 7, 2024",521,0:00:00
2025-02-14,zB7lFywaK1g,College Football 25 Dynasty Extras,"Jul 7, 2024",521,0:00:00
2025-02-15,zB7lFywaK1g,College Football 25 Dynasty Extras,"Jul 7, 2024",521,0:00:17
2025-02-16,zB7lFywaK1g,College Football 25 Dynasty Extras,"Jul 7, 2024",521,0:00:00
2025-02-17,zB7lFywaK1g,College Football 25 Dynasty Extras,"Jul 7, 2024",521,0:00:43
2025-02-18,zB7lFywaK1g,College Football 25 Dynasty Extras,"Jul 7, 2024",521,0:00:00
2025-02-19,zB7lFywaK1g,College Football 25 Dynasty Extras,"Jul 7, 2024",521,0:00:00
2025-02-20,zB7lFywaK1g,College Football 25 Dynasty Extras,"Jul 7, 2024",521,0:00:52
2025-02-21,zB7lFywaK1g,College Football 25 Dynasty Extras,"Jul 7, 2024",521,0:00:00
2025-02-22,zB7lFywaK1g,College Football 25 Dynasty Extras,"Jul 7, 2024",521,0:00:06
2025-02-23,zB7lFywaK1g,College Football 25 Dynasty Extras,"Jul 7, 2024",521,0:00:11
2025-02-24,zB7lFywaK1g,College Football 25 Dynasty Extras,"Jul 7, 2024",521,0:00:49
2025-02-25,zB7lFywaK1g,College Football 25 Dynasty Extras,"Jul 7, 2024",521,0:00:00
2025-02-26,zB7lFywaK1g,College Football 25 Dynasty Extras,"Jul 7, 2024",521,0:00:00
2025-02-27,zB7lFywaK1g,College Football 25 Dynasty Extras,"Jul 7, 2024",521,0:00:00
2025-02-28,zB7lFywaK1g,College Football 25 Dynasty Extras,"Jul 7, 2024",521,0:00:00
2025-03-01,zB7lFywaK1g,College Football 25 Dynasty Extras,"Jul 7, 2024",521,0:00:08
2025-03-02,zB7lFywaK1g,College Football 25 Dynasty Extras,"Jul 7, 2024",521,0:00:00
2025-03-03,zB7lFywaK1g,College Football 25 Dynasty Extras,"Jul 7, 2024",521,0:00:17
2025-03-04,zB7lFywaK1g,College Football 25 Dynasty Extras,"Jul 7, 2024",521,0:00:00
2025-03-05,zB7lFywaK1g,College Football 25 Dynasty Extras,"Jul 7, 2024",521,0:04:23
2025-03-06,zB7lFywaK1g,College Football 25 Dynasty Extras,"Jul 7, 2024",521,0:01:01
2025-03-07,zB7lFywaK1g,College Football 25 Dynasty Extras,"Jul 7, 2024",521,0:00:00
2025-03-08,zB7lFywaK1g,College Football 25 Dynasty Extras,"Jul 7, 2024",521,0:00:00
2025-03-09,zB7lFywaK1g,College Football 25 Dynasty Extras,"Jul 7, 2024",521,0:04:20
2025-03-10,zB7lFywaK1g,College Football 25 Dynasty Extras,"Jul 7, 2024",521,0:00:00
2025-03-11,zB7lFywaK1g,College Football 25 Dynasty Extras,"Jul 7, 2024",521,0:00:00
2025-03-12,zB7lFywaK1g,College Football 25 Dynasty Extras,"Jul 7, 2024",521,0:01:59
2025-03-13,zB7lFywaK1g,College Football 25 Dynasty Extras,"Jul 7, 2024",521,0:00:00
2025-03-14,zB7lFywaK1g,College Football 25 Dynasty Extras,"Jul 7, 2024",521,0:00:00
2025-03-15,zB7lFywaK1g,College Football 25 Dynasty Extras,"Jul 7, 2024",521,0:00:00
2025-03-16,zB7lFywaK1g,College Football 25 Dynasty Extras,"Jul 7, 2024",521,0:00:00
2025-03-17,zB7lFywaK1g,College Football 25 Dynasty Extras,"Jul 7, 2024",521,0:00:00
2025-03-18,zB7lFywaK1g,College Football 25 Dynasty Extras,"Jul 7, 2024",521,0:00:00
2025-03-19,zB7lFywaK1g,College Football 25 Dynasty Extras,"Jul 7, 2024",521,0:00:18
2025-03-20,zB7lFywaK1g,College Football 25 Dynasty Extras,"Jul 7, 2024",521,0:00:00
2025-03-21,zB7lFywaK1g,College Football 25 Dynasty Extras,"Jul 7, 2024",521,0:02:19
2025-03-22,zB7lFywaK1g,College Football 25 Dynasty Extras,"Jul 7, 2024",521,0:00:00
2025-03-23,zB7lFywaK1g,College Football 25 Dynasty Extras,"Jul 7, 2024",521,0:01:51
2025-03-24,zB7lFywaK1g,College Football 25 Dynasty Extras,"Jul 7, 2024",521,0:00:00
2025-03-25,zB7lFywaK1g,College Football 25 Dynasty Extras,"Jul 7, 2024",521,0:00:00
2025-03-26,zB7lFywaK1g,College Football 25 Dynasty Extras,"Jul 7, 2024",521,
2025-03-27,zB7lFywaK1g,College Football 25 Dynasty Extras,"Jul 7, 2024",521,0:00:00
2025-03-28,zB7lFywaK1g,College Football 25 Dynasty Extras,"Jul 7, 2024",521,0:00:00
2025-03-29,zB7lFywaK1g,College Football 25 Dynasty Extras,"Jul 7, 2024",521,0:00:19
2025-03-30,zB7lFywaK1g,College Football 25 Dynasty Extras,"Jul 7, 2024",521,0:00:00
2025-03-31,zB7lFywaK1g,College Football 25 Dynasty Extras,"Jul 7, 2024",521,0:08:40
2025-04-01,zB7lFywaK1g,College Football 25 Dynasty Extras,"Jul 7, 2024",521,0:00:27
2025-04-02,zB7lFywaK1g,College Football 25 Dynasty Extras,"Jul 7, 2024",521,0:00:19
2025-04-03,zB7lFywaK1g,College Football 25 Dynasty Extras,"Jul 7, 2024",521,0:00:00
2025-04-04,zB7lFywaK1g,College Football 25 Dynasty Extras,"Jul 7, 2024",521,0:00:00
2025-04-05,zB7lFywaK1g,College Football 25 Dynasty Extras,"Jul 7, 2024",521,0:00:00
2025-04-06,zB7lFywaK1g,College Football 25 Dynasty Extras,"Jul 7, 2024",521,0:00:00
2025-04-07,zB7lFywaK1g,College Football 25 Dynasty Extras,"Jul 7, 2024",521,0:00:00
2025-04-08,zB7lFywaK1g,College Football 25 Dynasty Extras,"Jul 7, 2024",521,0:00:00
2025-04-09,zB7lFywaK1g,College Football 25 Dynasty Extras,"Jul 7, 2024",521,0:00:00
2025-04-10,zB7lFywaK1g,College Football 25 Dynasty Extras,"Jul 7, 2024",521,0:00:00
2025-04-11,zB7lFywaK1g,College Football 25 Dynasty Extras,"Jul 7, 2024",521,0:00:00
2025-04-12,zB7lFywaK1g,College Football 25 Dynasty Extras,"Jul 7, 2024",521,0:00:00
2025-04-13,zB7lFywaK1g,College Football 25 Dynasty Extras,"Jul 7, 2024",521,0:00:39
2025-04-14,zB7lFywaK1g,College Football 25 Dynasty Extras,"Jul 7, 2024",521,0:00:00
2025-04-15,zB7lFywaK1g,College Football 25 Dynasty Extras,"Jul 7, 2024",521,0:00:00
2025-04-16,zB7lFywaK1g,College Football 25 Dynasty Extras,"Jul 7, 2024",521,0:00:05
2025-04-17,zB7lFywaK1g,College Football 25 Dynasty Extras,"Jul 7, 2024",521,0:00:00
2025-04-18,zB7lFywaK1g,College Football 25 Dynasty Extras,"Jul 7, 2024",521,0:00:15
2025-04-19,zB7lFywaK1g,College Football 25 Dynasty Extras,"Jul 7, 2024",521,0:00:31
2025-04-20,zB7lFywaK1g,College Football 25 Dynasty Extras,"Jul 7, 2024",521,0:00:00
2025-04-21,zB7lFywaK1g,College Football 25 Dynasty Extras,"Jul 7, 2024",521,0:00:00
2025-04-22,zB7lFywaK1g,College Football 25 Dynasty Extras,"Jul 7, 2024",521,0:00:00
2025-04-23,zB7lFywaK1g,College Football 25 Dynasty Extras,"Jul 7, 2024",521,0:00:00
2025-04-24,zB7lFywaK1g,College Football 25 Dynasty Extras,"Jul 7, 2024",521,0:00:00
2025-04-25,zB7lFywaK1g,College Football 25 Dynasty Extras,"Jul 7, 2024",521,0:00:00
2025-04-26,zB7lFywaK1g,College Football 25 Dynasty Extras,"Jul 7, 2024",521,0:00:00
2025-04-27,zB7lFywaK1g,College Football 25 Dynasty Extras,"Jul 7, 2024",521,0:00:00
2025-04-28,zB7lFywaK1g,College Football 25 Dynasty Extras,"Jul 7, 2024",521,0:00:00
2025-04-29,zB7lFywaK1g,College Football 25 Dynasty Extras,"Jul 7, 2024",521,0:00:13
2025-04-30,zB7lFywaK1g,College Football 25 Dynasty Extras,"Jul 7, 2024",521,0:00:00
2025-05-01,zB7lFywaK1g,College Football 25 Dynasty Extras,"Jul 7, 2024",521,0:00:00
2025-05-02,zB7lFywaK1g,College Football 25 Dynasty Extras,"Jul 7, 2024",521,0:00:00
2025-05-03,zB7lFywaK1g,College Football 25 Dynasty Extras,"Jul 7, 2024",521,0:00:12
2025-05-04,zB7lFywaK1g,College Football 25 Dynasty Extras,"Jul 7, 2024",521,0:00:00
2025-05-05,zB7lFywaK1g,College Football 25 Dynasty Extras,"Jul 7, 2024",521,0:08:30
2025-05-06,zB7lFywaK1g,College Football 25 Dynasty Extras,"Jul 7, 2024",521,0:00:00
2025-05-07,zB7lFywaK1g,College Football 25 Dynasty Extras,"Jul 7, 2024",521,0:00:00
2025-05-08,zB7lFywaK1g,College Football 25 Dynasty Extras,"Jul 7, 2024",521,0:00:00
2025-05-09,zB7lFywaK1g,College Football 25 Dynasty Extras,"Jul 7, 2024",521,0:00:00
2025-05-10,zB7lFywaK1g,College Football 25 Dynasty Extras,"Jul 7, 2024",521,0:00:18
2025-05-11,zB7lFywaK1g,College Football 25 Dynasty Extras,"Jul 7, 2024",521,0:00:00
2025-05-12,zB7lFywaK1g,College Football 25 Dynasty Extras,"Jul 7, 2024",521,0:00:08
2025-05-13,zB7lFywaK1g,College Football 25 Dynasty Extras,"Jul 7, 2024",521,0:00:00
2025-05-14,zB7lFywaK1g,College Football 25 Dynasty Extras,"Jul 7, 2024",521,0:04:37
2025-05-15,zB7lFywaK1g,College Football 25 Dynasty Extras,"Jul 7, 2024",521,0:00:00
2025-05-16,zB7lFywaK1g,College Football 25 Dynasty Extras,"Jul 7, 2024",521,0:00:27
2025-05-17,zB7lFywaK1g,College Football 25 Dynasty Extras,"Jul 7, 2024",521,0:00:00
2025-05-18,zB7lFywaK1g,College Football 25 Dynasty Extras,"Jul 7, 2024",521,0:00:00
2025-05-19,zB7lFywaK1g,College Football 25 Dynasty Extras,"Jul 7, 2024",521,0:00:00
2025-05-20,zB7lFywaK1g,College Football 25 Dynasty Extras,"Jul 7, 2024",521,0:01:34
2025-05-21,zB7lFywaK1g,College Football 25 Dynasty Extras,"Jul 7, 2024",521,0:00:00
2025-05-22,zB7lFywaK1g,College Football 25 Dynasty Extras,"Jul 7, 2024",521,0:00:56
2025-05-23,zB7lFywaK1g,College Football 25 Dynasty Extras,"Jul 7, 2024",521,0:00:00
2025-05-24,zB7lFywaK1g,College Football 25 Dynasty Extras,"Jul 7, 2024",521,0:00:11
2025-05-25,zB7lFywaK1g,College Football 25 Dynasty Extras,"Jul 7, 2024",521,0:00:00
2025-05-26,zB7lFywaK1g,College Football 25 Dynasty Extras,"Jul 7, 2024",521,0:00:26
2025-05-27,zB7lFywaK1g,College Football 25 Dynasty Extras,"Jul 7, 2024",521,0:00:41
2025-05-28,zB7lFywaK1g,College Football 25 Dynasty Extras,"Jul 7, 2024",521,0:01:11
2025-05-29,zB7lFywaK1g,College Football 25 Dynasty Extras,"Jul 7, 2024",521,0:00:00
2025-05-30,zB7lFywaK1g,College Football 25 Dynasty Extras,"Jul 7, 2024",521,0:00:17
2025-05-31,zB7lFywaK1g,College Football 25 Dynasty Extras,"Jul 7, 2024",521,0:00:19
2025-06-01,zB7lFywaK1g,College Football 25 Dynasty Extras,"Jul 7, 2024",521,0:00:00
2025-06-02,zB7lFywaK1g,College Football 25 Dynasty Extras,"Jul 7, 2024",521,0:00:00
2025-06-03,zB7lFywaK1g,College Football 25 Dynasty Extras,"Jul 7, 2024",521,0:00:00
2025-06-04,zB7lFywaK1g,College Football 25 Dynasty Extras,"Jul 7, 2024",521,0:09:17
2025-06-05,zB7lFywaK1g,College Football 25 Dynasty Extras,"Jul 7, 2024",521,0:00:00
2025-06-06,zB7lFywaK1g,College Football 25 Dynasty Extras,"Jul 7, 2024",521,0:00:28
2025-06-07,zB7lFywaK1g,College Football 25 Dynasty Extras,"Jul 7, 2024",521,0:03:05
2025-06-08,zB7lFywaK1g,College Football 25 Dynasty Extras,"Jul 7, 2024",521,0:07:19
2025-06-09,zB7lFywaK1g,College Football 25 Dynasty Extras,"Jul 7, 2024",521,0:00:17
2025-06-10,zB7lFywaK1g,College Football 25 Dynasty Extras,"Jul 7, 2024",521,0:00:00
2025-06-11,zB7lFywaK1g,College Football 25 Dynasty Extras,"Jul 7, 2024",521,0:00:00
2025-06-12,zB7lFywaK1g,College Football 25 Dynasty Extras,"Jul 7, 2024",521,0:00:00
2025-06-13,zB7lFywaK1g,College Football 25 Dynasty Extras,"Jul 7, 2024",521,0:00:00
2025-06-14,zB7lFywaK1g,College Football 25 Dynasty Extras,"Jul 7, 2024",521,0:00:36
2025-06-15,zB7lFywaK1g,College Football 25 Dynasty Extras,"Jul 7, 2024",521,0:00:33
2025-06-16,zB7lFywaK1g,College Football 25 Dynasty Extras,"Jul 7, 2024",521,0:00:23
2025-06-17,zB7lFywaK1g,College Football 25 Dynasty Extras,"Jul 7, 2024",521,0:00:00
2025-06-18,zB7lFywaK1g,College Football 25 Dynasty Extras,"Jul 7, 2024",521,0:01:30
2025-06-19,zB7lFywaK1g,College Football 25 Dynasty Extras,"Jul 7, 2024",521,0:00:00
2025-06-20,zB7lFywaK1g,College Football 25 Dynasty Extras,"Jul 7, 2024",521,0:00:00
2025-06-21,zB7lFywaK1g,College Football 25 Dynasty Extras,"Jul 7, 2024",521,0:00:00
2025-06-22,zB7lFywaK1g,College Football 25 Dynasty Extras,"Jul 7, 2024",521,0:00:00
2025-06-23,zB7lFywaK1g,College Football 25 Dynasty Extras,"Jul 7, 2024",521,0:00:00
2025-06-24,zB7lFywaK1g,College Football 25 Dynasty Extras,"Jul 7, 2024",521,0:00:33
2025-06-25,zB7lFywaK1g,College Football 25 Dynasty Extras,"Jul 7, 2024",521,0:00:00
2025-06-26,zB7lFywaK1g,College Football 25 Dynasty Extras,"Jul 7, 2024",521,0:00:00
2025-06-27,zB7lFywaK1g,College Football 25 Dynasty Extras,"Jul 7, 2024",521,0:03:13
2025-06-28,zB7lFywaK1g,College Football 25 Dynasty Extras,"Jul 7, 2024",521,0:01:55
2025-06-29,zB7lFywaK1g,College Football 25 Dynasty Extras,"Jul 7, 2024",521,0:00:08
2025-06-30,zB7lFywaK1g,College Football 25 Dynasty Extras,"Jul 7, 2024",521,0:00:13
2025-07-01,zB7lFywaK1g,College Football 25 Dynasty Extras,"Jul 7, 2024",521,0:00:00
2025-07-02,zB7lFywaK1g,College Football 25 Dynasty Extras,"Jul 7, 2024",521,0:00:11
2025-07-03,zB7lFywaK1g,College Football 25 Dynasty Extras,"Jul 7, 2024",521,0:00:00
2025-07-04,zB7lFywaK1g,College Football 25 Dynasty Extras,"Jul 7, 2024",521,0:00:00
2025-07-05,zB7lFywaK1g,College Football 25 Dynasty Extras,"Jul 7, 2024",521,0:00:00
2025-07-06,zB7lFywaK1g,College Football 25 Dynasty Extras,"Jul 7, 2024",521,0:00:00
2025-07-07,zB7lFywaK1g,College Football 25 Dynasty Extras,"Jul 7, 2024",521,0:00:00
2025-07-08,zB7lFywaK1g,College Football 25 Dynasty Extras,"Jul 7, 2024",521,0:00:00
2025-07-09,zB7lFywaK1g,College Football 25 Dynasty Extras,"Jul 7, 2024",521,0:00:00
2025-07-10,zB7lFywaK1g,College Football 25 Dynasty Extras,"Jul 7, 2024",521,0:00:26
2025-07-11,zB7lFywaK1g,College Football 25 Dynasty Extras,"Jul 7, 2024",521,0:00:00
2025-07-12,zB7lFywaK1g,College Football 25 Dynasty Extras,"Jul 7, 2024",521,0:00:00
2025-07-13,zB7lFywaK1g,College Football 25 Dynasty Extras,"Jul 7, 2024",521,
2025-07-14,zB7lFywaK1g,College Football 25 Dynasty Extras,"Jul 7, 2024",521,0:00:00
2025-07-15,zB7lFywaK1g,College Football 25 Dynasty Extras,"Jul 7, 2024",521,0:00:00
2025-07-16,zB7lFywaK1g,College Football 25 Dynasty Extras,"Jul 7, 2024",521,0:00:00
2025-07-17,zB7lFywaK1g,College Football 25 Dynasty Extras,"Jul 7, 2024",521,0:00:00
2025-07-18,zB7lFywaK1g,College Football 25 Dynasty Extras,"Jul 7, 2024",521,0:01:50
2025-07-19,zB7lFywaK1g,College Football 25 Dynasty Extras,"Jul 7, 2024",521,0:00:00
2025-07-20,zB7lFywaK1g,College Football 25 Dynasty Extras,"Jul 7, 2024",521,0:00:00
2025-07-21,zB7lFywaK1g,College Football 25 Dynasty Extras,"Jul 7, 2024",521,0:00:00
2025-07-22,zB7lFywaK1g,College Football 25 Dynasty Extras,"Jul 7, 2024",521,0:00:00
2025-07-23,zB7lFywaK1g,College Football 25 Dynasty Extras,"Jul 7, 2024",521,0:00:00
2025-07-24,zB7lFywaK1g,College Football 25 Dynasty Extras,"Jul 7, 2024",521,0:00:00
2025-07-25,zB7lFywaK1g,College Football 25 Dynasty Extras,"Jul 7, 2024",521,0:00:00
2025-07-26,zB7lFywaK1g,College Football 25 Dynasty Extras,"Jul 7, 2024",521,0:00:00
2025-07-27,zB7lFywaK1g,College Football 25 Dynasty Extras,"Jul 7, 2024",521,0:00:00
2025-07-28,zB7lFywaK1g,College Football 25 Dynasty Extras,"Jul 7, 2024",521,0:00:00
2025-07-29,zB7lFywaK1g,College Football 25 Dynasty Extras,"Jul 7, 2024",521,0:00:00
2025-07-30,zB7lFywaK1g,College Football 25 Dynasty Extras,"Jul 7, 2024",521,0:00:00
2025-07-31,zB7lFywaK1g,College Football 25 Dynasty Extras,"Jul 7, 2024",521,0:00:00
2025-08-01,zB7lFywaK1g,College Football 25 Dynasty Extras,"Jul 7, 2024",521,0:00:00
2025-08-02,zB7lFywaK1g,College Football 25 Dynasty Extras,"Jul 7, 2024",521,0:00:00
2025-08-03,zB7lFywaK1g,College Football 25 Dynasty Extras,"Jul 7, 2024",521,0:00:00
2025-08-04,zB7lFywaK1g,College Football 25 Dynasty Extras,"Jul 7, 2024",521,0:00:00
2025-08-05,zB7lFywaK1g,College Football 25 Dynasty Extras,"Jul 7, 2024",521,0:00:00
2025-08-06,zB7lFywaK1g,College Football 25 Dynasty Extras,"Jul 7, 2024",521,0:00:00
2025-08-07,zB7lFywaK1g,College Football 25 Dynasty Extras,"Jul 7, 2024",521,0:00:00
2025-08-08,zB7lFywaK1g,College Football 25 Dynasty Extras,"Jul 7, 2024",521,0:01:28
2025-08-09,zB7lFywaK1g,College Football 25 Dynasty Extras,"Jul 7, 2024",521,0:00:00
2025-08-10,zB7lFywaK1g,College Football 25 Dynasty Extras,"Jul 7, 2024",521,0:00:00
2025-08-11,zB7lFywaK1g,College Football 25 Dynasty Extras,"Jul 7, 2024",521,0:00:00
2025-08-12,zB7lFywaK1g,College Football 25 Dynasty Extras,"Jul 7, 2024",521,0:00:00
2025-08-13,zB7lFywaK1g,College Football 25 Dynasty Extras,"Jul 7, 2024",521,0:00:00
2025-08-14,zB7lFywaK1g,College Football 25 Dynasty Extras,"Jul 7, 2024",521,0:00:00
2025-08-15,zB7lFywaK1g,College Football 25 Dynasty Extras,"Jul 7, 2024",521,0:00:00
2025-08-16,zB7lFywaK1g,College Football 25 Dynasty Extras,"Jul 7, 2024",521,0:00:00
2025-08-17,zB7lFywaK1g,College Football 25 Dynasty Extras,"Jul 7, 2024",521,0:00:23
2025-08-18,zB7lFywaK1g,College Football 25 Dynasty Extras,"Jul 7, 2024",521,0:00:00
2025-08-19,zB7lFywaK1g,College Football 25 Dynasty Extras,"Jul 7, 2024",521,0:00:00
2025-08-20,zB7lFywaK1g,College Football 25 Dynasty Extras,"Jul 7, 2024",521,0:00:00
2025-08-21,zB7lFywaK1g,College Football 25 Dynasty Extras,"Jul 7, 2024",521,0:00:00
2025-08-22,zB7lFywaK1g,College Football 25 Dynasty Extras,"Jul 7, 2024",521,0:00:00
2025-08-23,zB7lFywaK1g,College Football 25 Dynasty Extras,"Jul 7, 2024",521,0:00:00
2025-08-24,zB7lFywaK1g,College Football 25 Dynasty Extras,"Jul 7, 2024",521,0:00:00
2025-08-25,zB7lFywaK1g,College Football 25 Dynasty Extras,"Jul 7, 2024",521,0:00:00
2025-08-26,zB7lFywaK1g,College Football 25 Dynasty Extras,"Jul 7, 2024",521,0:00:00
2025-08-27,zB7lFywaK1g,College Football 25 Dynasty Extras,"Jul 7, 2024",521,0:00:00
2025-08-28,zB7lFywaK1g,College Football 25 Dynasty Extras,"Jul 7, 2024",521,0:00:00
2025-08-29,zB7lFywaK1g,College Football 25 Dynasty Extras,"Jul 7, 2024",521,0:00:00
2025-08-30,zB7lFywaK1g,College Football 25 Dynasty Extras,"Jul 7, 2024",521,0:00:00
2025-08-31,zB7lFywaK1g,College Football 25 Dynasty Extras,"Jul 7, 2024",521,0:00:00
2025-09-01,zB7lFywaK1g,College Football 25 Dynasty Extras,"Jul 7, 2024",521,0:00:00
2025-09-02,zB7lFywaK1g,College Football 25 Dynasty Extras,"Jul 7, 2024",521,0:00:00
2025-09-03,zB7lFywaK1g,College Football 25 Dynasty Extras,"Jul 7, 2024",521,0:00:00
2025-09-04,zB7lFywaK1g,College Football 25 Dynasty Extras,"Jul 7, 2024",521,0:00:00
2025-09-05,zB7lFywaK1g,College Football 25 Dynasty Extras,"Jul 7, 2024",521,0:00:00
2025-09-06,zB7lFywaK1g,College Football 25 Dynasty Extras,"Jul 7, 2024",521,0:00:00
2025-09-07,zB7lFywaK1g,College Football 25 Dynasty Extras,"Jul 7, 2024",521,0:00:00
2025-09-08,zB7lFywaK1g,College Football 25 Dynasty Extras,"Jul 7, 2024",521,0:00:01
2025-09-09,zB7lFywaK1g,College Football 25 Dynasty Extras,"Jul 7, 2024",521,0:00:00
2025-09-10,zB7lFywaK1g,College Football 25 Dynasty Extras,"Jul 7, 2024",521,0:00:19
2025-09-11,zB7lFywaK1g,College Football 25 Dynasty Extras,"Jul 7, 2024",521,0:00:00
2025-09-12,zB7lFywaK1g,College Football 25 Dynasty Extras,"Jul 7, 2024",521,0:00:00
2025-09-13,zB7lFywaK1g,College Football 25 Dynasty Extras,"Jul 7, 2024",521,0:00:00
2025-09-14,zB7lFywaK1g,College Football 25 Dynasty Extras,"Jul 7, 2024",521,0:00:00
2025-09-15,zB7lFywaK1g,College Football 25 Dynasty Extras,"Jul 7, 2024",521,0:00:00
2025-09-16,zB7lFywaK1g,College Football 25 Dynasty Extras,"Jul 7, 2024",521,0:06:00
2025-09-17,zB7lFywaK1g,College Football 25 Dynasty Extras,"Jul 7, 2024",521,0:00:00
2025-09-18,zB7lFywaK1g,College Football 25 Dynasty Extras,"Jul 7, 2024",521,0:00:00
2025-09-19,zB7lFywaK1g,College Football 25 Dynasty Extras,"Jul 7, 2024",521,0:01:23
2025-09-20,zB7lFywaK1g,College Football 25 Dynasty Extras,"Jul 7, 2024",521,0:00:00
2025-09-21,zB7lFywaK1g,College Football 25 Dynasty Extras,"Jul 7, 2024",521,0:00:00
2025-09-22,zB7lFywaK1g,College Football 25 Dynasty Extras,"Jul 7, 2024",521,0:00:00
2025-09-23,zB7lFywaK1g,College Football 25 Dynasty Extras,"Jul 7, 2024",521,0:00:00
2025-09-24,zB7lFywaK1g,College Football 25 Dynasty Extras,"Jul 7, 2024",521,
2025-09-25,zB7lFywaK1g,College Football 25 Dynasty Extras,"Jul 7, 2024",521,0:00:03
2025-09-26,zB7lFywaK1g,College Football 25 Dynasty Extras,"Jul 7, 2024",521,0:00:01
2025-09-27,zB7lFywaK1g,College Football 25 Dynasty Extras,"Jul 7, 2024",521,0:00:00
2025-09-28,zB7lFywaK1g,College Football 25 Dynasty Extras,"Jul 7, 2024",521,0:00:00
2025-09-29,zB7lFywaK1g,College Football 25 Dynasty Extras,"Jul 7, 2024",521,0:00:00
2025-09-30,zB7lFywaK1g,College Football 25 Dynasty Extras,"Jul 7, 2024",521,0:00:00
2025-10-01,zB7lFywaK1g,College Football 25 Dynasty Extras,"Jul 7, 2024",521,0:00:00
2025-10-02,zB7lFywaK1g,College Football 25 Dynasty Extras,"Jul 7, 2024",521,0:00:00
2025-10-03,zB7lFywaK1g,College Football 25 Dynasty Extras,"Jul 7, 2024",521,0:00:00
2025-10-04,zB7lFywaK1g,College Football 25 Dynasty Extras,"Jul 7, 2024",521,0:00:00
2025-10-05,zB7lFywaK1g,College Football 25 Dynasty Extras,"Jul 7, 2024",521,0:00:00
2025-10-06,zB7lFywaK1g,College Football 25 Dynasty Extras,"Jul 7, 2024",521,
2025-10-07,zB7lFywaK1g,College Football 25 Dynasty Extras,"Jul 7, 2024",521,0:00:00
2025-10-08,zB7lFywaK1g,College Football 25 Dynasty Extras,"Jul 7, 2024",521,0:00:00
2025-10-09,zB7lFywaK1g,College Football 25 Dynasty Extras,"Jul 7, 2024",521,0:01:20
2025-10-10,zB7lFywaK1g,College Football 25 Dynasty Extras,"Jul 7, 2024",521,0:00:00
2025-10-11,zB7lFywaK1g,College Football 25 Dynasty Extras,"Jul 7, 2024",521,0:00:00
2025-10-12,zB7lFywaK1g,College Football 25 Dynasty Extras,"Jul 7, 2024",521,0:00:00
2025-10-13,zB7lFywaK1g,College Football 25 Dynasty Extras,"Jul 7, 2024",521,0:00:00
2025-10-14,zB7lFywaK1g,College Football 25 Dynasty Extras,"Jul 7, 2024",521,0:00:00
2025-10-15,zB7lFywaK1g,College Football 25 Dynasty Extras,"Jul 7, 2024",521,0:00:00
2025-10-16,zB7lFywaK1g,College Football 25 Dynasty Extras,"Jul 7, 2024",521,0:00:00
2025-10-17,zB7lFywaK1g,College Football 25 Dynasty Extras,"Jul 7, 2024",521,0:00:08
2025-10-18,zB7lFywaK1g,College Football 25 Dynasty Extras,"Jul 7, 2024",521,0:00:00
2025-10-19,zB7lFywaK1g,College Football 25 Dynasty Extras,"Jul 7, 2024",521,0:00:00
2025-10-20,zB7lFywaK1g,College Football 25 Dynasty Extras,"Jul 7, 2024",521,0:00:00
2025-10-21,zB7lFywaK1g,College Football 25 Dynasty Extras,"Jul 7, 2024",521,0:00:00
2025-10-22,zB7lFywaK1g,College Football 25 Dynasty Extras,"Jul 7, 2024",521,0:00:00
2025-10-23,zB7lFywaK1g,College Football 25 Dynasty Extras,"Jul 7, 2024",521,0:00:00
2025-10-24,zB7lFywaK1g,College Football 25 Dynasty Extras,"Jul 7, 2024",521,0:00:00
2025-10-25,zB7lFywaK1g,College Football 25 Dynasty Extras,"Jul 7, 2024",521,0:00:00
2025-10-26,zB7lFywaK1g,College Football 25 Dynasty Extras,"Jul 7, 2024",521,0:00:00
2025-10-27,zB7lFywaK1g,College Football 25 Dynasty Extras,"Jul 7, 2024",521,0:00:00
2025-10-28,zB7lFywaK1g,College Football 25 Dynasty Extras,"Jul 7, 2024",521,0:00:00
2025-10-29,zB7lFywaK1g,College Football 25 Dynasty Extras,"Jul 7, 2024",521,0:00:00
2025-10-30,zB7lFywaK1g,College Football 25 Dynasty Extras,"Jul 7, 2024",521,0:00:00
2025-10-31,zB7lFywaK1g,College Football 25 Dynasty Extras,"Jul 7, 2024",521,0:00:00
2025-11-01,zB7lFywaK1g,College Football 25 Dynasty Extras,"Jul 7, 2024",521,0:00:00
2025-11-02,zB7lFywaK1g,College Football 25 Dynasty Extras,"Jul 7, 2024",521,0:00:15
2025-11-03,zB7lFywaK1g,College Football 25 Dynasty Extras,"Jul 7, 2024",521,0:00:00
2025-11-04,zB7lFywaK1g,College Football 25 Dynasty Extras,"Jul 7, 2024",521,0:00:00
2025-11-05,zB7lFywaK1g,College Football 25 Dynasty Extras,"Jul 7, 2024",521,0:00:05
2025-11-06,zB7lFywaK1g,College Football 25 Dynasty Extras,"Jul 7, 2024",521,
2025-11-07,zB7lFywaK1g,College Football 25 Dynasty Extras,"Jul 7, 2024",521,0:00:00
2025-11-08,zB7lFywaK1g,College Football 25 Dynasty Extras,"Jul 7, 2024",521,0:00:00
2025-11-09,zB7lFywaK1g,College Football 25 Dynasty Extras,"Jul 7, 2024",521,0:00:00
2025-11-10,zB7lFywaK1g,College Football 25 Dynasty Extras,"Jul 7, 2024",521,0:00:37
2025-11-11,zB7lFywaK1g,College Football 25 Dynasty Extras,"Jul 7, 2024",521,0:00:00
2025-11-12,zB7lFywaK1g,College Football 25 Dynasty Extras,"Jul 7, 2024",521,0:00:00
2025-11-13,zB7lFywaK1g,College Football 25 Dynasty Extras,"Jul 7, 2024",521,0:01:26
2025-11-14,zB7lFywaK1g,College Football 25 Dynasty Extras,"Jul 7, 2024",521,
2025-11-15,zB7lFywaK1g,College Football 25 Dynasty Extras,"Jul 7, 2024",521,0:00:00
2025-11-16,zB7lFywaK1g,College Football 25 Dynasty Extras,"Jul 7, 2024",521,0:00:00
2025-11-17,zB7lFywaK1g,College Football 25 Dynasty Extras,"Jul 7, 2024",521,0:00:00
2025-11-18,zB7lFywaK1g,College Football 25 Dynasty Extras,"Jul 7, 2024",521,0:00:00
2025-11-19,zB7lFywaK1g,College Football 25 Dynasty Extras,"Jul 7, 2024",521,0:00:00
2025-11-20,zB7lFywaK1g,College Football 25 Dynasty Extras,"Jul 7, 2024",521,0:00:00
2025-11-21,zB7lFywaK1g,College Football 25 Dynasty Extras,"Jul 7, 2024",521,0:00:00
2025-11-22,zB7lFywaK1g,College Football 25 Dynasty Extras,"Jul 7, 2024",521,0:00:00
2025-11-23,zB7lFywaK1g,College Football 25 Dynasty Extras,"Jul 7, 2024",521,0:00:00
2025-11-24,zB7lFywaK1g,College Football 25 Dynasty Extras,"Jul 7, 2024",521,0:00:16
2025-11-25,zB7lFywaK1g,College Football 25 Dynasty Extras,"Jul 7, 2024",521,0:00:00
2025-11-26,zB7lFywaK1g,College Football 25 Dynasty Extras,"Jul 7, 2024",521,0:00:00
2025-11-27,zB7lFywaK1g,College Football 25 Dynasty Extras,"Jul 7, 2024",521,0:00:00
2025-11-28,zB7lFywaK1g,College Football 25 Dynasty Extras,"Jul 7, 2024",521,0:00:00
2025-11-29,zB7lFywaK1g,College Football 25 Dynasty Extras,"Jul 7, 2024",521,0:00:02
2025-11-30,zB7lFywaK1g,College Football 25 Dynasty Extras,"Jul 7, 2024",521,0:00:00
2025-12-01,zB7lFywaK1g,College Football 25 Dynasty Extras,"Jul 7, 2024",521,0:00:00
2025-12-02,zB7lFywaK1g,College Football 25 Dynasty Extras,"Jul 7, 2024",521,0:00:00
2025-12-03,zB7lFywaK1g,College Football 25 Dynasty Extras,"Jul 7, 2024",521,0:00:00
2025-12-04,zB7lFywaK1g,College Football 25 Dynasty Extras,"Jul 7, 2024",521,0:00:00
2025-12-05,zB7lFywaK1g,College Football 25 Dynasty Extras,"Jul 7, 2024",521,0:00:00
2025-12-06,zB7lFywaK1g,College Football 25 Dynasty Extras,"Jul 7, 2024",521,0:00:00
2025-12-07,zB7lFywaK1g,College Football 25 Dynasty Extras,"Jul 7, 2024",521,0:00:00
2025-12-08,zB7lFywaK1g,College Football 25 Dynasty Extras,"Jul 7, 2024",521,0:01:06
2025-12-09,zB7lFywaK1g,College Football 25 Dynasty Extras,"Jul 7, 2024",521,0:00:00
2025-12-10,zB7lFywaK1g,College Football 25 Dynasty Extras,"Jul 7, 2024",521,0:00:00
2025-12-11,zB7lFywaK1g,College Football 25 Dynasty Extras,"Jul 7, 2024",521,0:00:00
2025-12-12,zB7lFywaK1g,College Football 25 Dynasty Extras,"Jul 7, 2024",521,0:00:00
2025-12-13,zB7lFywaK1g,College Football 25 Dynasty Extras,"Jul 7, 2024",521,0:00:00
2025-12-14,zB7lFywaK1g,College Football 25 Dynasty Extras,"Jul 7, 2024",521,0:00:00
2025-12-15,zB7lFywaK1g,College Football 25 Dynasty Extras,"Jul 7, 2024",521,0:00:00
2025-12-16,zB7lFywaK1g,College Football 25 Dynasty Extras,"Jul 7, 2024",521,0:00:00
2025-12-17,zB7lFywaK1g,College Football 25 Dynasty Extras,"Jul 7, 2024",521,0:00:23
2025-12-18,zB7lFywaK1g,College Football 25 Dynasty Extras,"Jul 7, 2024",521,0:00:00
2025-12-19,zB7lFywaK1g,College Football 25 Dynasty Extras,"Jul 7, 2024",521,0:00:00
2025-12-20,zB7lFywaK1g,College Football 25 Dynasty Extras,"Jul 7, 2024",521,0:00:08
2025-12-21,zB7lFywaK1g,College Football 25 Dynasty Extras,"Jul 7, 2024",521,0:00:00
2025-12-22,zB7lFywaK1g,College Football 25 Dynasty Extras,"Jul 7, 2024",521,0:00:00
2025-12-23,zB7lFywaK1g,College Football 25 Dynasty Extras,"Jul 7, 2024",521,0:00:00
2025-12-24,zB7lFywaK1g,College Football 25 Dynasty Extras,"Jul 7, 2024",521,0:00:49
2025-12-25,zB7lFywaK1g,College Football 25 Dynasty Extras,"Jul 7, 2024",521,0:00:00
2025-12-26,zB7lFywaK1g,College Football 25 Dynasty Extras,"Jul 7, 2024",521,0:04:42
2025-12-27,zB7lFywaK1g,College Football 25 Dynasty Extras,"Jul 7, 2024",521,0:00:00
2025-12-28,zB7lFywaK1g,College Football 25 Dynasty Extras,"Jul 7, 2024",521,0:00:00
2025-12-29,zB7lFywaK1g,College Football 25 Dynasty Extras,"Jul 7, 2024",521,0:00:00
2025-12-30,zB7lFywaK1g,College Football 25 Dynasty Extras,"Jul 7, 2024",521,0:00:00
2025-12-31,zB7lFywaK1g,College Football 25 Dynasty Extras,"Jul 7, 2024",521,0:00:00
2026-01-01,zB7lFywaK1g,College Football 25 Dynasty Extras,"Jul 7, 2024",521,0:00:00
2026-01-02,zB7lFywaK1g,College Football 25 Dynasty Extras,"Jul 7, 2024",521,0:00:00
2026-01-03,zB7lFywaK1g,College Football 25 Dynasty Extras,"Jul 7, 2024",521,0:00:00
2026-01-04,zB7lFywaK1g,College Football 25 Dynasty Extras,"Jul 7, 2024",521,0:00:00
2026-01-05,zB7lFywaK1g,College Football 25 Dynasty Extras,"Jul 7, 2024",521,0:00:00
2026-01-06,zB7lFywaK1g,College Football 25 Dynasty Extras,"Jul 7, 2024",521,0:00:00
2026-01-07,zB7lFywaK1g,College Football 25 Dynasty Extras,"Jul 7, 2024",521,0:00:00
2026-01-08,zB7lFywaK1g,College Football 25 Dynasty Extras,"Jul 7, 2024",521,0:00:00
2026-01-09,zB7lFywaK1g,College Football 25 Dynasty Extras,"Jul 7, 2024",521,0:00:00
2026-01-10,zB7lFywaK1g,College Football 25 Dynasty Extras,"Jul 7, 2024",521,0:00:00
2026-01-11,zB7lFywaK1g,College Football 25 Dynasty Extras,"Jul 7, 2024",521,0:00:30
2026-01-12,zB7lFywaK1g,College Football 25 Dynasty Extras,"Jul 7, 2024",521,0:00:00
2026-01-13,zB7lFywaK1g,College Football 25 Dynasty Extras,"Jul 7, 2024",521,0:00:00
2026-01-14,zB7lFywaK1g,College Football 25 Dynasty Extras,"Jul 7, 2024",521,0:00:00
2026-01-15,zB7lFywaK1g,College Football 25 Dynasty Extras,"Jul 7, 2024",521,0:00:00
2026-01-16,zB7lFywaK1g,College Football 25 Dynasty Extras,"Jul 7, 2024",521,0:00:00
2026-01-17,zB7lFywaK1g,College Football 25 Dynasty Extras,"Jul 7, 2024",521,0:00:00
2026-01-18,zB7lFywaK1g,College Football 25 Dynasty Extras,"Jul 7, 2024",521,0:00:00
2026-01-19,zB7lFywaK1g,College Football 25 Dynasty Extras,"Jul 7, 2024",521,0:00:00
2026-01-20,zB7lFywaK1g,College Football 25 Dynasty Extras,"Jul 7, 2024",521,0:00:00
2026-01-21,zB7lFywaK1g,College Football 25 Dynasty Extras,"Jul 7, 2024",521,0:00:00
2026-01-22,zB7lFywaK1g,College Football 25 Dynasty Extras,"Jul 7, 2024",521,0:00:00
2026-01-23,zB7lFywaK1g,College Football 25 Dynasty Extras,"Jul 7, 2024",521,0:00:00
2026-01-24,zB7lFywaK1g,College Football 25 Dynasty Extras,"Jul 7, 2024",521,0:00:00
2026-01-25,zB7lFywaK1g,College Football 25 Dynasty Extras,"Jul 7, 2024",521,0:00:00
2026-01-26,zB7lFywaK1g,College Football 25 Dynasty Extras,"Jul 7, 2024",521,0:00:00
2026-01-27,zB7lFywaK1g,College Football 25 Dynasty Extras,"Jul 7, 2024",521,0:00:00
2026-01-28,zB7lFywaK1g,College Football 25 Dynasty Extras,"Jul 7, 2024",521,0:00:00
2026-01-29,zB7lFywaK1g,College Football 25 Dynasty Extras,"Jul 7, 2024",521,0:00:00
2026-01-30,zB7lFywaK1g,College Football 25 Dynasty Extras,"Jul 7, 2024",521,0:00:00
2026-01-31,zB7lFywaK1g,College Football 25 Dynasty Extras,"Jul 7, 2024",521,0:00:00
2026-02-01,zB7lFywaK1g,College Football 25 Dynasty Extras,"Jul 7, 2024",521,0:00:00
2026-02-02,zB7lFywaK1g,College Football 25 Dynasty Extras,"Jul 7, 2024",521,0:00:00
2026-02-03,zB7lFywaK1g,College Football 25 Dynasty Extras,"Jul 7, 2024",521,0:00:00
2026-02-04,zB7lFywaK1g,College Football 25 Dynasty Extras,"Jul 7, 2024",521,0:00:00
2026-02-05,zB7lFywaK1g,College Football 25 Dynasty Extras,"Jul 7, 2024",521,0:00:00
2026-02-06,zB7lFywaK1g,College Football 25 Dynasty Extras,"Jul 7, 2024",521,0:00:00
2026-02-07,zB7lFywaK1g,College Football 25 Dynasty Extras,"Jul 7, 2024",521,0:00:00
2026-02-08,zB7lFywaK1g,College Football 25 Dynasty Extras,"Jul 7, 2024",521,0:00:09
2026-02-09,zB7lFywaK1g,College Football 25 Dynasty Extras,"Jul 7, 2024",521,0:00:00
2026-02-10,zB7lFywaK1g,College Football 25 Dynasty Extras,"Jul 7, 2024",521,0:00:00
2026-02-11,zB7lFywaK1g,College Football 25 Dynasty Extras,"Jul 7, 2024",521,0:00:00
2026-02-12,zB7lFywaK1g,College Football 25 Dynasty Extras,"Jul 7, 2024",521,0:00:00
2026-02-13,zB7lFywaK1g,College Football 25 Dynasty Extras,"Jul 7, 2024",521,0:00:00
2026-02-14,zB7lFywaK1g,College Football 25 Dynasty Extras,"Jul 7, 2024",521,0:00:00
2026-02-15,zB7lFywaK1g,College Football 25 Dynasty Extras,"Jul 7, 2024",521,0:00:05
2026-02-16,zB7lFywaK1g,College Football 25 Dynasty Extras,"Jul 7, 2024",521,0:00:00
2026-02-17,zB7lFywaK1g,College Football 25 Dynasty Extras,"Jul 7, 2024",521,0:00:00
2026-02-18,zB7lFywaK1g,College Football 25 Dynasty Extras,"Jul 7, 2024",521,0:00:00
2026-02-19,zB7lFywaK1g,College Football 25 Dynasty Extras,"Jul 7, 2024",521,0:00:00
2026-02-20,zB7lFywaK1g,College Football 25 Dynasty Extras,"Jul 7, 2024",521,0:00:01
2026-02-21,zB7lFywaK1g,College Football 25 Dynasty Extras,"Jul 7, 2024",521,0:00:00
2026-02-22,zB7lFywaK1g,College Football 25 Dynasty Extras,"Jul 7, 2024",521,0:00:00
2026-02-23,zB7lFywaK1g,College Football 25 Dynasty Extras,"Jul 7, 2024",521,0:00:00
2026-02-24,zB7lFywaK1g,College Football 25 Dynasty Extras,"Jul 7, 2024",521,0:00:00
2026-02-25,zB7lFywaK1g,College Football 25 Dynasty Extras,"Jul 7, 2024",521,0:00:00
2026-02-26,zB7lFywaK1g,College Football 25 Dynasty Extras,"Jul 7, 2024",521,0:00:00
2026-02-27,zB7lFywaK1g,College Football 25 Dynasty Extras,"Jul 7, 2024",521,0:00:00
2026-02-28,zB7lFywaK1g,College Football 25 Dynasty Extras,"Jul 7, 2024",521,0:00:00
2026-03-01,zB7lFywaK1g,College Football 25 Dynasty Extras,"Jul 7, 2024",521,0:00:00
2026-03-02,zB7lFywaK1g,College Football 25 Dynasty Extras,"Jul 7, 2024",521,0:00:00
2026-03-03,zB7lFywaK1g,College Football 25 Dynasty Extras,"Jul 7, 2024",521,0:00:00
2026-03-04,zB7lFywaK1g,College Football 25 Dynasty Extras,"Jul 7, 2024",521,0:00:00
2026-03-05,zB7lFywaK1g,College Football 25 Dynasty Extras,"Jul 7, 2024",521,0:00:00
2026-03-06,zB7lFywaK1g,College Football 25 Dynasty Extras,"Jul 7, 2024",521,0:00:00
2026-03-07,zB7lFywaK1g,College Football 25 Dynasty Extras,"Jul 7, 2024",521,0:00:11
2026-03-08,zB7lFywaK1g,College Football 25 Dynasty Extras,"Jul 7, 2024",521,0:00:00
2026-03-09,zB7lFywaK1g,College Football 25 Dynasty Extras,"Jul 7, 2024",521,0:00:00
2026-03-10,zB7lFywaK1g,College Football 25 Dynasty Extras,"Jul 7, 2024",521,0:00:00
2026-03-11,zB7lFywaK1g,College Football 25 Dynasty Extras,"Jul 7, 2024",521,0:00:00
2026-03-12,zB7lFywaK1g,College Football 25 Dynasty Extras,"Jul 7, 2024",521,0:00:00
2026-03-13,zB7lFywaK1g,College Football 25 Dynasty Extras,"Jul 7, 2024",521,0:00:00
2026-03-14,zB7lFywaK1g,College Football 25 Dynasty Extras,"Jul 7, 2024",521,0:00:00
2026-03-15,zB7lFywaK1g,College Football 25 Dynasty Extras,"Jul 7, 2024",521,0:00:00
2026-03-16,zB7lFywaK1g,College Football 25 Dynasty Extras,"Jul 7, 2024",521,0:00:00
2026-03-17,zB7lFywaK1g,College Football 25 Dynasty Extras,"Jul 7, 2024",521,0:00:00
2026-03-18,zB7lFywaK1g,College Football 25 Dynasty Extras,"Jul 7, 2024",521,0:00:00
2026-03-19,zB7lFywaK1g,College Football 25 Dynasty Extras,"Jul 7, 2024",521,0:00:00
2026-03-20,zB7lFywaK1g,College Football 25 Dynasty Extras,"Jul 7, 2024",521,
2026-03-21,zB7lFywaK1g,College Football 25 Dynasty Extras,"Jul 7, 2024",521,0:00:00
2026-03-22,zB7lFywaK1g,College Football 25 Dynasty Extras,"Jul 7, 2024",521,0:00:00
2026-03-23,zB7lFywaK1g,College Football 25 Dynasty Extras,"Jul 7, 2024",521,0:00:00
2026-03-24,zB7lFywaK1g,College Football 25 Dynasty Extras,"Jul 7, 2024",521,0:00:00
2026-03-25,zB7lFywaK1g,College Football 25 Dynasty Extras,"Jul 7, 2024",521,0:00:00
2026-03-26,zB7lFywaK1g,College Football 25 Dynasty Extras,"Jul 7, 2024",521,0:00:00
2026-03-27,zB7lFywaK1g,College Football 25 Dynasty Extras,"Jul 7, 2024",521,0:00:00
2026-03-28,zB7lFywaK1g,College Football 25 Dynasty Extras,"Jul 7, 2024",521,0:00:00
2026-03-29,zB7lFywaK1g,College Football 25 Dynasty Extras,"Jul 7, 2024",521,0:00:00
2026-03-30,zB7lFywaK1g,College Football 25 Dynasty Extras,"Jul 7, 2024",521,0:00:00
2026-03-31,zB7lFywaK1g,College Football 25 Dynasty Extras,"Jul 7, 2024",521,0:00:00
2026-04-01,zB7lFywaK1g,College Football 25 Dynasty Extras,"Jul 7, 2024",521,0:00:00
2026-04-02,zB7lFywaK1g,College Football 25 Dynasty Extras,"Jul 7, 2024",521,0:00:00
2026-04-03,zB7lFywaK1g,College Football 25 Dynasty Extras,"Jul 7, 2024",521,0:00:00
2026-04-04,zB7lFywaK1g,College Football 25 Dynasty Extras,"Jul 7, 2024",521,0:00:00
2026-04-05,zB7lFywaK1g,College Football 25 Dynasty Extras,"Jul 7, 2024",521,0:00:00
2026-04-06,zB7lFywaK1g,College Football 25 Dynasty Extras,"Jul 7, 2024",521,0:00:00
2026-04-07,zB7lFywaK1g,College Football 25 Dynasty Extras,"Jul 7, 2024",521,0:00:00
2026-04-08,zB7lFywaK1g,College Football 25 Dynasty Extras,"Jul 7, 2024",521,0:00:00
2026-04-09,zB7lFywaK1g,College Football 25 Dynasty Extras,"Jul 7, 2024",521,0:00:00
2026-04-10,zB7lFywaK1g,College Football 25 Dynasty Extras,"Jul 7, 2024",521,0:00:00
2026-04-11,zB7lFywaK1g,College Football 25 Dynasty Extras,"Jul 7, 2024",521,0:00:00
2026-04-12,zB7lFywaK1g,College Football 25 Dynasty Extras,"Jul 7, 2024",521,0:00:00
2026-04-13,zB7lFywaK1g,College Football 25 Dynasty Extras,"Jul 7, 2024",521,0:00:00
2026-04-14,zB7lFywaK1g,College Football 25 Dynasty Extras,"Jul 7, 2024",521,0:00:00
2026-04-15,zB7lFywaK1g,College Football 25 Dynasty Extras,"Jul 7, 2024",521,0:00:00
2026-04-16,zB7lFywaK1g,College Football 25 Dynasty Extras,"Jul 7, 2024",521,0:00:00
2026-04-17,zB7lFywaK1g,College Football 25 Dynasty Extras,"Jul 7, 2024",521,0:00:00
2026-04-18,zB7lFywaK1g,College Football 25 Dynasty Extras,"Jul 7, 2024",521,0:00:00
2026-04-19,zB7lFywaK1g,College Football 25 Dynasty Extras,"Jul 7, 2024",521,0:00:00
2026-04-20,zB7lFywaK1g,College Football 25 Dynasty Extras,"Jul 7, 2024",521,0:00:00
2026-04-21,zB7lFywaK1g,College Football 25 Dynasty Extras,"Jul 7, 2024",521,0:00:00
2026-04-22,zB7lFywaK1g,College Football 25 Dynasty Extras,"Jul 7, 2024",521,0:00:00
2026-04-23,zB7lFywaK1g,College Football 25 Dynasty Extras,"Jul 7, 2024",521,0:00:00
2026-04-24,zB7lFywaK1g,College Football 25 Dynasty Extras,"Jul 7, 2024",521,0:00:00
2026-04-25,zB7lFywaK1g,College Football 25 Dynasty Extras,"Jul 7, 2024",521,0:00:00
2026-04-26,zB7lFywaK1g,College Football 25 Dynasty Extras,"Jul 7, 2024",521,0:00:00
2026-04-27,zB7lFywaK1g,College Football 25 Dynasty Extras,"Jul 7, 2024",521,0:00:00
2026-04-28,zB7lFywaK1g,College Football 25 Dynasty Extras,"Jul 7, 2024",521,0:00:00
2026-04-29,zB7lFywaK1g,College Football 25 Dynasty Extras,"Jul 7, 2024",521,0:00:10
2026-04-30,zB7lFywaK1g,College Football 25 Dynasty Extras,"Jul 7, 2024",521,0:00:00
2026-05-01,zB7lFywaK1g,College Football 25 Dynasty Extras,"Jul 7, 2024",521,0:00:00
2026-05-02,zB7lFywaK1g,College Football 25 Dynasty Extras,"Jul 7, 2024",521,0:00:00
2026-05-03,zB7lFywaK1g,College Football 25 Dynasty Extras,"Jul 7, 2024",521,0:00:00
2026-05-04,zB7lFywaK1g,College Football 25 Dynasty Extras,"Jul 7, 2024",521,0:00:00
2026-05-05,zB7lFywaK1g,College Football 25 Dynasty Extras,"Jul 7, 2024",521,0:00:00
2026-05-06,zB7lFywaK1g,College Football 25 Dynasty Extras,"Jul 7, 2024",521,0:00:05
2026-05-07,zB7lFywaK1g,College Football 25 Dynasty Extras,"Jul 7, 2024",521,0:00:00
2026-05-08,zB7lFywaK1g,College Football 25 Dynasty Extras,"Jul 7, 2024",521,0:00:00
2026-05-09,zB7lFywaK1g,College Football 25 Dynasty Extras,"Jul 7, 2024",521,0:00:00
2026-05-10,zB7lFywaK1g,College Football 25 Dynasty Extras,"Jul 7, 2024",521,0:00:00
2026-05-11,zB7lFywaK1g,College Football 25 Dynasty Extras,"Jul 7, 2024",521,0:00:06
2026-05-12,zB7lFywaK1g,College Football 25 Dynasty Extras,"Jul 7, 2024",521,0:00:00
2026-05-13,zB7lFywaK1g,College Football 25 Dynasty Extras,"Jul 7, 2024",521,0:00:00
2026-05-14,zB7lFywaK1g,College Football 25 Dynasty Extras,"Jul 7, 2024",521,0:00:00
2026-05-15,zB7lFywaK1g,College Football 25 Dynasty Extras,"Jul 7, 2024",521,0:00:00
2026-05-16,zB7lFywaK1g,College Football 25 Dynasty Extras,"Jul 7, 2024",521,0:00:00
2026-05-17,zB7lFywaK1g,College Football 25 Dynasty Extras,"Jul 7, 2024",521,0:00:00
2026-05-18,zB7lFywaK1g,College Football 25 Dynasty Extras,"Jul 7, 2024",521,0:00:00
2026-05-19,zB7lFywaK1g,College Football 25 Dynasty Extras,"Jul 7, 2024",521,0:00:00
2026-05-20,zB7lFywaK1g,College Football 25 Dynasty Extras,"Jul 7, 2024",521,0:00:00
2026-05-21,zB7lFywaK1g,College Football 25 Dynasty Extras,"Jul 7, 2024",521,0:00:00
2026-05-22,zB7lFywaK1g,College Football 25 Dynasty Extras,"Jul 7, 2024",521,0:00:10
2026-05-23,zB7lFywaK1g,College Football 25 Dynasty Extras,"Jul 7, 2024",521,0:00:00
2026-05-24,zB7lFywaK1g,College Football 25 Dynasty Extras,"Jul 7, 2024",521,0:00:00
2026-05-25,zB7lFywaK1g,College Football 25 Dynasty Extras,"Jul 7, 2024",521,0:00:00
2026-05-26,zB7lFywaK1g,College Football 25 Dynasty Extras,"Jul 7, 2024",521,0:00:00
2026-05-27,zB7lFywaK1g,College Football 25 Dynasty Extras,"Jul 7, 2024",521,0:00:00
2026-05-28,zB7lFywaK1g,College Football 25 Dynasty Extras,"Jul 7, 2024",521,0:00:00
2026-05-29,zB7lFywaK1g,College Football 25 Dynasty Extras,"Jul 7, 2024",521,
2026-05-30,zB7lFywaK1g,College Football 25 Dynasty Extras,"Jul 7, 2024",521,0:00:00
2026-05-31,zB7lFywaK1g,College Football 25 Dynasty Extras,"Jul 7, 2024",521,0:00:00
2026-06-01,zB7lFywaK1g,College Football 25 Dynasty Extras,"Jul 7, 2024",521,0:00:00
2026-06-02,zB7lFywaK1g,College Football 25 Dynasty Extras,"Jul 7, 2024",521,0:00:00
2026-06-03,zB7lFywaK1g,College Football 25 Dynasty Extras,"Jul 7, 2024",521,0:00:00
2026-06-04,zB7lFywaK1g,College Football 25 Dynasty Extras,"Jul 7, 2024",521,0:00:00
2026-06-05,zB7lFywaK1g,College Football 25 Dynasty Extras,"Jul 7, 2024",521,0:00:00
2026-06-06,zB7lFywaK1g,College Football 25 Dynasty Extras,"Jul 7, 2024",521,0:00:00
2026-06-07,zB7lFywaK1g,College Football 25 Dynasty Extras,"Jul 7, 2024",521,0:00:00
2026-06-08,zB7lFywaK1g,College Football 25 Dynasty Extras,"Jul 7, 2024",521,0:00:00
2026-06-09,zB7lFywaK1g,College Football 25 Dynasty Extras,"Jul 7, 2024",521,0:00:00
2026-06-10,zB7lFywaK1g,College Football 25 Dynasty Extras,"Jul 7, 2024",521,0:00:00
2026-06-11,zB7lFywaK1g,College Football 25 Dynasty Extras,"Jul 7, 2024",521,0:00:00
2026-06-12,zB7lFywaK1g,College Football 25 Dynasty Extras,"Jul 7, 2024",521,0:00:30
2026-06-13,zB7lFywaK1g,College Football 25 Dynasty Extras,"Jul 7, 2024",521,0:00:00
2026-06-14,zB7lFywaK1g,College Football 25 Dynasty Extras,"Jul 7, 2024",521,0:00:00
2026-06-15,zB7lFywaK1g,College Football 25 Dynasty Extras,"Jul 7, 2024",521,0:00:00
2026-06-16,zB7lFywaK1g,College Football 25 Dynasty Extras,"Jul 7, 2024",521,0:00:00
2026-06-17,zB7lFywaK1g,College Football 25 Dynasty Extras,"Jul 7, 2024",521,
2026-06-18,zB7lFywaK1g,College Football 25 Dynasty Extras,"Jul 7, 2024",521,0:00:00
2026-06-19,zB7lFywaK1g,College Football 25 Dynasty Extras,"Jul 7, 2024",521,0:00:00
2026-06-20,zB7lFywaK1g,College Football 25 Dynasty Extras,"Jul 7, 2024",521,0:00:00
2026-06-21,zB7lFywaK1g,College Football 25 Dynasty Extras,"Jul 7, 2024",521,0:00:00
2026-06-22,zB7lFywaK1g,College Football 25 Dynasty Extras,"Jul 7, 2024",521,0:00:00
2026-06-23,zB7lFywaK1g,College Football 25 Dynasty Extras,"Jul 7, 2024",521,0:00:00
2026-06-24,zB7lFywaK1g,College Football 25 Dynasty Extras,"Jul 7, 2024",521,0:00:00
2026-06-25,zB7lFywaK1g,College Football 25 Dynasty Extras,"Jul 7, 2024",521,0:00:00
2026-06-26,zB7lFywaK1g,College Football 25 Dynasty Extras,"Jul 7, 2024",521,0:00:00
2026-06-27,zB7lFywaK1g,College Football 25 Dynasty Extras,"Jul 7, 2024",521,0:00:09
2026-06-28,zB7lFywaK1g,College Football 25 Dynasty Extras,"Jul 7, 2024",521,0:00:00
2026-06-29,zB7lFywaK1g,College Football 25 Dynasty Extras,"Jul 7, 2024",521,0:00:00
2026-06-30,zB7lFywaK1g,College Football 25 Dynasty Extras,"Jul 7, 2024",521,0:00:00
2026-07-01,zB7lFywaK1g,College Football 25 Dynasty Extras,"Jul 7, 2024",521,0:00:00
2026-07-02,zB7lFywaK1g,College Football 25 Dynasty Extras,"Jul 7, 2024",521,0:00:00
2026-07-03,zB7lFywaK1g,College Football 25 Dynasty Extras,"Jul 7, 2024",521,0:00:00
2026-07-04,zB7lFywaK1g,College Football 25 Dynasty Extras,"Jul 7, 2024",521,0:00:00
2026-07-05,zB7lFywaK1g,College Football 25 Dynasty Extras,"Jul 7, 2024",521,0:00:00
2026-07-06,zB7lFywaK1g,College Football 25 Dynasty Extras,"Jul 7, 2024",521,0:00:00
2026-07-07,zB7lFywaK1g,College Football 25 Dynasty Extras,"Jul 7, 2024",521,0:00:00
2026-07-08,zB7lFywaK1g,College Football 25 Dynasty Extras,"Jul 7, 2024",521,0:00:00
2026-07-09,zB7lFywaK1g,College Football 25 Dynasty Extras,"Jul 7, 2024",521,0:00:00
2026-07-10,zB7lFywaK1g,College Football 25 Dynasty Extras,"Jul 7, 2024",521,0:00:00
2026-07-11,zB7lFywaK1g,College Football 25 Dynasty Extras,"Jul 7, 2024",521,0:00:54
2026-07-12,zB7lFywaK1g,College Football 25 Dynasty Extras,"Jul 7, 2024",521,0:00:00
